Wavelength,Echelle
0.9,0
0.901,0
0.902,0
0.903,0
0.904,0
0.905,0
0.906,0
0.907,0
0.908,0
0.909,0
0.91,0
0.911,0
0.912,0
0.913,0
0.914,0
0.915,0
0.916,0
0.917,0
0.918,0
0.919,0
0.92,0
0.921,0
0.922,0
0.923,0
0.924,0
0.925,0
0.926,0
0.927,0
0.928,0
0.929,0
0.93,0
0.931,0
0.932,0
0.933,0
0.934,0
0.935,0
0.936,0
0.937,0
0.938,0
0.939,0
0.94,0
0.941,0
0.942,0
0.943,0
0.944,0
0.945,0
0.946,0
0.947,0
0.948,0
0.949,0
0.95,0
0.951,0
0.952,0
0.953,0
0.954,0
0.955,0
0.956,0.3575122
0.957,0.4798574
0.958,0.6080546
0.959,0.7327636
0.96,0.8436571
0.961,0.9305552
0.962,0.9846325
0.963,0.9995951
0.964,0.9726809
0.965,0.9052418
0.966,0.8028581
0.967,0.6748278
0.968,0.5331068
0.969,0.4176764
0.97,0.540613
0.971,0.6650861
0.972,0.7819216
0.973,0.8815201
0.974,0.9548175
0.975,0.9944224
0.976,0.9955842
0.977,0.956947
0.978,0.8809559
0.979,0.7737918
0.98,0.6448051
0.981,0.505445
0.982,0.4376706
0.983,0.5580987
0.984,0.6788339
0.985,0.7913187
0.986,0.8867108
0.987,0.9567114
0.988,0.9945679
0.989,0.9959378
0.99,0.9595301
0.991,0.8874782
0.992,0.7852835
0.993,0.6613765
0.994,0.5261877
0.995,0.4174411
0.996,0.5336962
0.997,0.6517778
0.998,0.7639702
0.999,0.8620992
1,0.9382926
1.001,0.9858
1.002,0.9998066
1.003,0.9780722
1.004,0.9213506
1.005,0.8334976
1.006,0.7211975
1.007,0.5933864
1.008,0.4602812
1.009,0.4697567
1.01,0.5844744
1.011,0.6979105
1.012,0.8027064
1.013,0.8913366
1.014,0.9568417
1.015,0.9935072
1.016,0.9975495
1.017,0.9676254
1.018,0.9051474
1.019,0.8142579
1.02,0.7016256
1.021,0.5757357
1.022,0.4461201
1.023,0.4788031
1.024,0.5904686
1.025,0.7005771
1.026,0.8023519
1.027,0.8888909
1.028,0.9537442
1.029,0.9915974
1.03,0.9987957
1.031,0.9738542
1.032,0.9177276
1.033,0.8338508
1.034,0.727952
1.035,0.6075881
1.036,0.4814
1.037,0.445883
1.038,0.5535914
1.039,0.6618418
1.04,0.7645533
1.041,0.855391
1.042,0.9281672
1.043,0.9774806
1.044,0.9991983
1.045,0.9909427
1.046,0.952406
1.047,0.8855166
1.048,0.7943819
1.049,0.6850375
1.05,0.5648652
1.051,0.4420544
1.052,0.4762439
1.053,0.5815508
1.054,0.6859747
1.055,0.7838345
1.056,0.8692903
1.057,0.9367594
1.058,0.9814336
1.059,0.999688
1.06,0.9895111
1.061,0.9507499
1.062,0.8852571
1.063,0.7968426
1.064,0.6910065
1.065,0.5745265
1.066,0.454905
1.067,0.462357
1.068,0.5642967
1.069,0.6662436
1.07,0.7630581
1.071,0.8494104
1.072,0.9200591
1.073,0.970373
1.074,0.9966647
1.075,0.9965609
1.076,0.9692959
1.077,0.9158481
1.078,0.839009
1.079,0.7431763
1.08,0.6340814
1.081,0.5183808
1.082,0.4071561
1.083,0.5040376
1.084,0.6035424
1.085,0.7012588
1.086,0.7923977
1.087,0.8720382
1.088,0.9355482
1.089,0.9788566
1.09,0.9988611
1.091,0.9936821
1.092,0.962905
1.093,0.9077029
1.094,0.8308163
1.095,0.7364222
1.096,0.6298902
1.097,0.5173146
1.098,0.4054155
1.099,0.4992321
1.1,0.5957335
1.101,0.6908928
1.102,0.7803677
1.103,0.859668
1.104,0.924484
1.105,0.9709742
1.106,0.9960817
1.107,0.997783
1.108,0.9753119
1.109,0.9292889
1.11,0.8617459
1.111,0.776061
1.112,0.6767435
1.113,0.5691729
1.114,0.4591697
1.115,0.4503572
1.116,0.5429789
1.117,0.6364847
1.118,0.7270433
1.119,0.8106006
1.12,0.8830895
1.121,0.9406849
1.122,0.9800721
1.123,0.9987052
1.124,0.9950057
1.125,0.9685438
1.126,0.9201293
1.127,0.8518414
1.128,0.7669104
1.129,0.6695814
1.13,0.564814
1.131,0.457944
1.132,0.4486771
1.133,0.5383547
1.134,0.6290245
1.135,0.7172603
1.136,0.7993245
1.137,0.871547
1.138,0.9303699
1.139,0.9726623
1.14,0.9959178
1.141,0.998455
1.142,0.9795712
1.143,0.9396375
1.144,0.8801611
1.145,0.8037011
1.146,0.71381
1.147,0.6147428
1.148,0.5112931
1.149,0
1.15,0.4877886
1.151,0.5754512
1.152,0.6627839
1.153,0.7465277
1.154,0.8232972
1.155,0.8897461
1.156,0.9427353
1.157,0.9795424
1.158,0.9980428
1.159,0.996867
1.16,0.9755331
1.161,0.9345295
1.162,0.8753188
1.163,0.8003342
1.164,0.7128233
1.165,0.6167027
1.166,0.5163484
1.167,0
1.168,0.4782983
1.169,0.5630044
1.17,0.647802
1.171,0.7297986
1.172,0.8059289
1.173,0.873119
1.174,0.9284394
1.175,0.9692968
1.176,0.9935615
1.177,0.9997288
1.178,0.9870353
1.179,0.9555458
1.18,0.9062068
1.181,0.8408083
1.182,0.761955
1.183,0.6729152
1.184,0.5774641
1.185,0.4796683
1.186,0
1.187,0.5036164
1.188,0.585883
1.189,0.6675463
1.19,0.7459083
1.191,0.8181981
1.192,0.881626
1.193,0.9335842
1.194,0.9717509
1.195,0.9942286
1.196,0.9996859
1.197,0.9874415
1.198,0.9575501
1.199,0.9108189
1.2,0.8488456
1.201,0.7739077
1.202,0.6889062
1.203,0.5972236
1.204,0.5025323
1.205,0
1.206,0.479446
1.207,0.5586836
1.208,0.638159
1.209,0.7154765
1.21,0.7881598
1.211,0.8536636
1.212,0.909532
1.213,0.9535282
1.214,0.9837116
1.215,0.9985778
1.216,0.9971535
1.217,0.9790712
1.218,0.9446158
1.219,0.8947561
1.22,0.8311219
1.221,0.7559422
1.222,0.6719768
1.223,0.5823528
1.224,0.4904335
1.225,0
1.226,0
1.227,0.5610461
1.228,0.6378467
1.229,0.7126669
1.23,0.7832437
1.231,0.8472805
1.232,0.9025555
1.233,0.9469915
1.234,0.978799
1.235,0.9965207
1.236,0.9991636
1.237,0.9862405
1.238,0.9578335
1.239,0.9146186
1.24,0.8578623
1.241,0.7893754
1.242,0.7114773
1.243,0.6268708
1.244,0.5385275
1.245,0
1.246,0
1.247,0.5133608
1.248,0.5876843
1.249,0.661492
1.25,0.7327954
1.251,0.7995571
1.252,0.8597068
1.253,0.9112551
1.254,0.952368
1.255,0.9814585
1.256,0.9972686
1.257,0.9989257
1.258,0.9860159
1.259,0.9586237
1.26,0.9173446
1.261,0.8633081
1.262,0.7981017
1.263,0.7237875
1.264,0.6427751
1.265,0.5577197
1.266,0
1.267,0
1.268,0
1.269,0.5617283
1.27,0.6333835
1.271,0.703437
1.272,0.7700617
1.273,0.8313979
1.274,0.8856047
1.275,0.9309452
1.276,0.9658625
1.277,0.9890423
1.278,0.9994649
1.279,0.9964873
1.28,0.9798701
1.281,0.9498207
1.282,0.9069974
1.283,0.8525119
1.284,0.7878818
1.285,0.715023
1.286,0.6361425
1.287,0.5536692
1.288,0
1.289,0
1.29,0
1.291,0.5553616
1.292,0.6245652
1.293,0.6924885
1.294,0.757501
1.295,0.8179244
1.296,0.8721009
1.297,0.9184389
1.298,0.955485
1.299,0.981963
1.3,0.9968596
1.301,0.9994579
1.302,0.9893771
1.303,0.9666144
1.304,0.9315593
1.305,0.8849931
1.306,0.8280873
1.307,0.7623578
1.308,0.6896514
1.309,0.6120172
1.31,0
1.311,0
1.312,0
1.313,1.25E-13
1.314,0.5639952
1.315,0.6306567
1.316,0.6960129
1.317,0.7585784
1.318,0.8168689
1.319,0.8693708
1.32,0.9146711
1.321,0.9514309
1.322,0.9784954
1.323,0.9949101
1.324,0.9999746
1.325,0.993277
1.326,0.9747201
1.327,0.9445559
1.328,0.9033619
1.329,0.8520754
1.33,0.7919419
1.331,0.7244942
1.332,0.6515136
1.333,0.5749448
1.334,0
1.335,0
1.336,0
1.337,0
1.338,0
1.339,0
1.34,0
1.341,0
1.342,0
1.343,0
1.344,0
1.345,0
1.346,0
1.347,0
1.348,0
1.349,0
1.35,0
1.351,0
1.352,0
1.353,0
1.354,0
1.355,0
1.356,0
1.357,0
1.358,0
1.359,0
1.36,0
1.361,0
1.362,0
1.363,0
1.364,0
1.365,0
1.366,0
1.367,0
1.368,0
1.369,0
1.37,0
1.371,0
1.372,0
1.373,0
1.374,0
1.375,0
1.376,0
1.377,0
1.378,0
1.379,0
1.38,0
1.381,0
1.382,0
1.383,0
1.384,0
1.385,0
1.386,0
1.387,0
1.388,0
1.389,0
1.39,0
1.391,0
1.392,0
1.393,0
1.394,0
1.395,0
1.396,0
1.397,0
1.398,0
1.399,0
1.4,0
1.401,0
1.402,0
1.403,0
1.404,0
1.405,0
1.406,0
1.407,0
1.408,0
1.409,0
1.41,0
1.411,0
1.412,0
1.413,0
1.414,0
1.415,0
1.416,0
1.417,0
1.418,0
1.419,0
1.42,0
1.421,0
1.422,0
1.423,0
1.424,0
1.425,0
1.426,0
1.427,0
1.428,0
1.429,0
1.43,0
1.431,0
1.432,0
1.433,0
1.434,0
1.435,0
1.436,0
1.437,0
1.438,0
1.439,0
1.44,0
1.441,0
1.442,0
1.443,0
1.444,0
1.445,0
1.446,0
1.447,0
1.448,0
1.449,0
1.45,0
1.451,0
1.452,0
1.453,0
1.454,0
1.455,0
1.456,0
1.457,0
1.458,0
1.459,0
1.46,0
1.461,0
1.462,0
1.463,0
1.464,0
1.465,0
1.466,0
1.467,0
1.468,0
1.469,0
1.47,0
1.471,0
1.472,0
1.473,0
1.474,0
1.475,0
1.476,0
1.477,0
1.478,0
1.479,0
1.48,0
1.481,0
1.482,0
1.483,0
1.484,0
1.485,0
1.486,0
1.487,0
1.488,0
1.489,0
1.49,0
1.491,0
1.492,0
1.493,0
1.494,0.1781393
1.495,0.2477801
1.496,0.3285436
1.497,0.4185609
1.498,0.5150664
1.499,0.6144086
1.5,0.7121606
1.501,0.8033386
1.502,0.8826703
1.503,0.9449304
1.504,0.985327
1.505,0.9999883
1.506,0.9863737
1.507,0.9436814
1.508,0.8731316
1.509,0.7781333
1.51,0.6642339
1.511,0.5388145
1.512,0.4105543
1.513,0.4949866
1.514,0.5919594
1.515,0.6884571
1.516,0.7798825
1.517,0.861326
1.518,0.9278196
1.519,0.974696
1.52,0.9979807
1.521,0.9947938
1.522,0.9637414
1.523,0.9052021
1.524,0.8215359
1.525,0.7171412
1.526,0.598246
1.527,0.4725627
1.528,0.4471123
1.529,0.5406967
1.53,0.6359171
1.531,0.7287446
1.532,0.8147489
1.533,0.8892301
1.534,0.9475909
1.535,0.9856378
1.536,0.9999526
1.537,0.9882484
1.538,0.9496944
1.539,0.8851672
1.54,0.7974175
1.541,0.6910162
1.542,0.5722172
1.543,0.4485317
1.544,0.4627585
1.545,0.5548056
1.546,0.6479099
1.547,0.7382136
1.548,0.8215285
1.549,0.8934334
1.55,0.9496211
1.551,0.9861979
1.552,0.9999535
1.553,0.9887404
1.554,0.9517472
1.555,0.8897328
1.556,0.8051638
1.557,0.7022394
1.558,0.5866903
1.559,0.4655126
1.56,0.4485641
1.561,0.5380989
1.562,0.6292604
1.563,0.7185336
1.564,0.8020341
1.565,0.8756663
1.566,0.9353321
1.567,0.9772243
1.568,0.9981024
1.569,0.9955853
1.57,0.9684471
1.571,0.9168211
1.572,0.842402
1.573,0.7484632
1.574,0.6398273
1.575,0.5225981
1.576,0.4063683
1.577,0.492004
1.578,0.5807166
1.579,0.6694885
1.58,0.7548469
1.581,0.8330509
1.582,0.9002163
1.583,0.9525986
1.584,0.9867638
1.585,0.9999198
1.586,0.990144
1.587,0.9566395
1.588,0.8999277
1.589,0.8219656
1.59,0.7261952
1.591,0.6174356
1.592,0.5016296
1.593,0.4194145
1.594,0.5037302
1.595,0.5906413
1.596,0.6772704
1.597,0.7603428
1.598,0.8363371
1.599,0.9016139
1.6,0.9526609
1.601,0.9862799
1.602,0.9998208
1.603,0.991444
1.604,0.9603241
1.605,0.9068499
1.606,0.8327007
1.607,0.7409523
1.608,0.6359512
1.609,0.5231454
1.61,0.4087375
1.611,0.4843814
1.612,0.5689766
1.613,0.6540157
1.614,0.7365662
1.615,0.8133475
1.616,0.8810039
1.617,0.9361629
1.618,0.9757059
1.619,0.9969194
1.62,0.9977526
1.621,0.9769983
1.622,0.9344944
1.623,0.8712448
1.624,0.7894838
1.625,0.6927159
1.626,0.5855497
1.627,0.4734755
1.628,0.4359076
1.629,0.5170516
1.63,0.6002014
1.631,0.6828067
1.632,0.7619716
1.633,0.8346434
1.634,0.8976192
1.635,0.9477968
1.636,0.982345
1.637,0.9988406
1.638,0.9955098
1.639,0.9713964
1.64,0.9265081
1.641,0.8619676
1.642,0.7800114
1.643,0.68405
1.644,0.5784702
1.645,0.468492
1.646,0.4377488
1.647,0.5170414
1.648,0.598257
1.649,0.6790411
1.65,0.7566913
1.651,0.8283249
1.652,0.8910094
1.653,0.9418023
1.654,0.9780015
1.655,0.9972829
1.656,0.9978492
1.657,0.9786391
1.658,0.9394353
1.659,0.8810272
1.66,0.8052391
1.661,0.7149345
1.662,0.6139799
1.663,0.5070677
1.664,0.4093713
1.665,0.4855371
1.666,0.5643682
1.667,0.6437603
1.668,0.7213272
1.669,0.7944627
1.67,0.8604326
1.671,0.9164608
1.672,0.959905
1.673,0.9883555
1.674,0.9998358
1.675,0.9929184
1.676,0.966895
1.677,0.9218882
1.678,0.858937
1.679,0.7800736
1.68,0.6882654
1.681,0.587385
1.682,0.4819568
1.683,0.4251263
1.684,0.5001565
1.685,0.5773644
1.686,0.6547813
1.687,0.7301375
1.688,0.8009699
1.689,0.8647239
1.69,0.9188198
1.691,0.9607868
1.692,0.988392
1.693,0.999781
1.694,0.9936085
1.695,0.9691699
1.696,0.9265301
1.697,0.8665847
1.698,0.7911198
1.699,0.7028257
1.7,0.6051592
1.701,0.5023414
1.702,0.4096342
1.703,0.4821323
1.704,0.557148
1.705,0.6328636
1.706,0.7072775
1.707,0.7781217
1.708,0.8430476
1.709,0.8996328
1.71,0.9455326
1.711,0.9785509
1.712,0.996788
1.713,0.9987588
1.714,0.9835059
1.715,0.950721
1.716,0.9008262
1.717,0.8350446
1.718,0.7554103
1.719,0.6647683
1.72,0.5666645
1.721,0.4652168
1.722,0.4335831
1.723,0.5052814
1.724,0.5788782
1.725,0.652639
1.726,0.7245981
1.727,0.7926601
1.728,0.854588
1.729,0.9081433
1.73,0.9511397
1.731,0.9815809
1.732,0.9977202
1.733,0.9982182
1.734,0.9822204
1.735,0.9494641
1.736,0.9003698
1.737,0.8360735
1.738,0.758476
1.739,0.6701947
1.74,0.5745277
1.741,0.4752927
1.742,0.4251088
1.743,0.4946986
1.744,0.5663024
1.745,0.6383774
1.746,0.7091256
1.747,0.7766029
1.748,0.8387827
1.749,0.8935597
1.75,0.9388819
1.751,0.9728051
1.752,0.9936311
1.753,0.9999449
1.754,0.9907663
1.755,0.9656076
1.756,0.9245807
1.757,0.868429
1.758,0.7985886
1.759,0.7171834
1.76,0.6269537
1.761,0.5312641
1.762,0.433811
1.763,0.4521692
1.764,0.5209342
1.765,0.5911171
1.766,0.6611873
1.767,0.7294278
1.768,0.7940089
1.769,0.8530213
1.77,0.9044988
1.771,0.9465501
1.772,0.9774162
1.773,0.9955354
1.774,0.9996541
1.775,0.9889031
1.776,0.9628859
1.777,0.9217322
1.778,0.8661882
1.779,0.7976047
1.78,0.7179596
1.781,0.6298428
1.782,0.5363329
1.783,0.4409353
1.784,0.4456176
1.785,0.5124322
1.786,0.5807511
1.787,0.6491943
1.788,0.7162041
1.789,0.780095
1.79,0.8390958
1.791,0.8914021
1.792,0.9352185
1.793,0.9688708
1.794,0.9908358
1.795,0.9998324
1.796,0.9949121
1.797,0.9755196
1.798,0.9415599
1.799,0.8934745
1.8,0.832257
1.801,0.7594549
1.802,0.677218
1.803,0.5881739
1.804,0.4954019
1.805,0.407275
1.806,0.4709048
1.807,0.5366955
1.808,0.6034846
1.809,0.6699299
1.81,0.7345499
1.811,0.7957342
1.812,0.851836
1.813,0.9011895
1.814,0.9421412
1.815,0.9731362
1.816,0.9928041
1.817,0.9999853
1.818,0.9938288
1.819,0.9738507
1.82,0.9399859
1.821,0.8926634
1.822,0.8327972
1.823,0.7618436
1.824,0.6817771
1.825,0.5950496
1.826,0.5044677
1.827,0.4132392
1.828,0.4615794
1.829,0.5254163
1.83,0.5904182
1.831,0.6553439
1.832,0.7188638
1.833,0.7795277
1.834,0.8358006
1.835,0.886129
1.836,0.9289733
1.837,0.96286
1.838,0.9864396
1.839,0.9985465
1.84,0.9982577
1.841,0.9849602
1.842,0.9584055
1.843,0.9187527
1.844,0.8666104
1.845,0.8030627
1.846,0.7296745
1.847,0.6484637
1.848,0.5618747
1.849,0.4726732
1.85,0.419682
1.851,0.4804564
1.852,0.543062
1.853,0.6064636
1.854,0.6695127
1.855,0.7309492
1.856,0.7893848
1.857,0.8434148
1.858,0.8916052
1.859,0.9325176
1.86,0.9647944
1.861,0.9871987
1.862,0.9986539
1.863,0.9983003
1.864,0.9855679
1.865,0.9602051
1.866,0.9223405
1.867,0.8725005
1.868,0.8116349
1.869,0.741145
1.87,0.662859
1.871,0.5789851
1.872,0.4920471
1.873,0.4055825
1.874,0.4641452
1.875,0.5246958
1.876,0.586305
1.877,0.6479478
1.878,0.7084826
1.879,0.7666791
1.88,0.8212361
1.881,0.8708349
1.882,0.9141372
1.883,0.9498469
1.884,0.9767556
1.885,0.9937739
1.886,0.9999864
1.887,0.9947047
1.888,0.977506
1.889,0.9482827
1.89,0.9072771
1.891,0.8551018
1.892,0.7927695
1.893,0.7216867
1.894,0.6436396
1.895,0.5607542
1.896,0.475477
1.897,0.4151537
1.898,0.4724868
1.899,0.5315882
1.9,0.5916017
1.901,0.6515658
1.902,0.7104198
1.903,0.7670269
1.904,0.8201804
1.905,0.8686704
1.906,0.9112486
1.907,0.9467188
1.908,0.9739459
1.909,0.9919032
1.91,0.9997143
1.911,0.9966995
1.912,0.9824112
1.913,0.956676
1.914,0.9196362
1.915,0.8717501
1.916,0.8138515
1.917,0.7471136
1.918,0.6730918
1.919,0.5936493
1.92,0.5109476
1.921,0.4273669
1.922,0.4456909
1.923,0.5024645
1.924,0.5605098
1.925,0.6189991
1.926,0.6770059
1.927,0.7335096
1.928,0.787452
1.929,0.8376929
1.93,0.8831012
1.931,0.9225471
1.932,0.9549305
1.933,0.9792212
1.934,0.9944994
1.935,0.999993
1.936,0.9951035
1.937,0.9794533
1.938,0.9529191
1.939,0.9156492
1.94,0.8681205
1.941,0.8111014
1.942,0.7457052
1.943,0.6733912
1.944,0.5958523
1.945,0.5151222
1.946,0.4334169
1.947,0.4401986
1.948,0.4952194
1.949,0.5515392
1.95,0.6084165
1.951,0.6650046
1.952,0.7203928
1.953,0.7735897
1.954,0.8235925
1.955,0.8693256
1.956,0.9097599
1.957,0.9438509
1.958,0.9706334
1.959,0.9892039
1.96,0.9987851
1.961,0.9987438
1.962,0.9886311
1.963,0.9682043
1.964,0.937459
1.965,0.8966696
1.966,0.8463764
1.967,0.7874314
1.968,0.7209681
1.969,0.6484361
1.97,0.5715033
1.971,0.4921268
1.972,0.4123907
1.973,0.4527616
1.974,0.506569
1.975,0.5614899
1.976,0.6167954
1.977,0.6717164
1.978,0.7253986
1.979,0.7769352
1.98,0.8253858
1.981,0.8697701
1.982,0.9091268
1.983,0.9425084
1.984,0.969004
1.985,0.9877846
1.986,0.9981125
1.987,0.9993817
1.988,0.9911456
1.989,0.9731413
1.99,0.9453194
1.991,0.9078645
1.992,0.86122
1.993,0.8060687
1.994,0.7434005
1.995,0.6744511
1.996,0.6006972
1.997,0.5238708
1.998,0.4458644
1.999,0.4292597
2,0.4808371
2.001,0.5337555
2.002,0.5873893
2.003,0.6410729
2.004,0.6940466
2.005,0.7455162
2.006,0.794618
2.007,0.8404819
2.008,0.8822068
2.009,0.9189135
2.01,0.9497281
2.011,0.9738252
2.012,0.9904587
2.013,0.9989661
2.014,0.998809
2.015,0.9895967
2.016,0.9710993
2.017,0.943289
2.018,0.906339
2.019,0.8606664
2.02,0.8069124
2.021,0.7459825
2.022,0.6789976
2.023,0.6073269
2.024,0.5325437
2.025,0.4563965
2.026,0.4211625
2.027,0.4709692
2.028,0.522145
2.029,0.5741501
2.03,0.6263552
2.031,0.6780965
2.032,0.7286618
2.033,0.7772682
2.034,0.8231271
2.035,0.8654114
2.036,0.9033031
2.037,0.9359913
2.038,0.9626939
2.039,0.9826824
2.04,0.9952993
2.041,0.9999815
2.042,0.9962852
2.043,0.9838995
2.044,0.9626781
2.045,0.9326546
2.046,0.8940485
2.047,0.8473046
2.048,0.7930718
2.049,0.7322332
2.05,0.6658832
2.051,0.5952996
2.052,0.5219956
2.053,0.4476067
2.054,0.4255559
2.055,0.4740254
2.056,0.5237526
2.057,0.5742463
2.058,0.624948
2.059,0.675239
2.06,0.7244451
2.061,0.77189
2.062,0.8168324
2.063,0.8585107
2.064,0.8961822
2.065,0.929094
2.066,0.9565138
2.067,0.9777656
2.068,0.9922175
2.069,0.9993201
2.07,0.9986233
2.071,0.9897913
2.072,0.9726233
2.073,0.9470747
2.074,0.9132664
2.075,0.8715112
2.076,0.8222992
2.077,0.7663313
2.078,0.7045196
2.079,0.6379441
2.08,0.5678798
2.081,0.495763
2.082,0.4231575
2.083,0.4399922
2.084,0.4874227
2.085,0.5359228
2.086,0.5850192
2.087,0.634203
2.088,0.682896
2.089,0.7304708
2.09,0.7763128
2.091,0.8197256
2.092,0.8600243
2.093,0.8965175
2.094,0.9285156
2.095,0.9553509
2.096,0.9763913
2.097,0.9910553
2.098,0.9988242
2.099,0.9992698
2.1,0.9920619
2.101,0.9769874
2.102,0.9539769
2.103,0.9230874
2.104,0.8845615
2.105,0.8388048
2.106,0.7863939
2.107,0.7280869
2.108,0.6648449
2.109,0.5977539
2.11,0.5280989
2.111,0.4572786
2.112,0
2.113,0.4623021
2.114,0.5088375
2.115,0.5561883
2.116,0.6039257
2.117,0.6515365
2.118,0.6984853
2.119,0.7442104
2.12,0.7881116
2.121,0.8295571
2.122,0.8679204
2.123,0.9025653
2.124,0.9328714
2.125,0.9582145
2.126,0.9780186
2.127,0.991762
2.128,0.9989693
2.129,0.9992442
2.13,0.9922835
2.131,0.9778879
2.132,0.9559733
2.133,0.9265966
2.134,0.8899527
2.135,0.8463768
2.136,0.7963852
2.137,0.7406583
2.138,0.6800107
2.139,0.6154225
2.14,0.5480641
2.141,0.4791705
2.142,0
2.143,0.4456973
2.144,0.4903979
2.145,0.5360399
2.146,0.582225
2.147,0.6285034
2.148,0.6744326
2.149,0.7194835
2.15,0.7631384
2.151,0.8048282
2.152,0.8439872
2.153,0.8800274
2.154,0.9123638
2.155,0.9404362
2.156,0.9636781
2.157,0.9815795
2.158,0.9936594
2.159,0.9994946
2.16,0.9987355
2.161,0.9911111
2.162,0.9764457
2.163,0.954674
2.164,0.9258373
2.165,0.8901187
2.166,0.8478399
2.167,0.7994483
2.168,0.7455527
2.169,0.686905
2.17,0.6243984
2.171,0.5590765
2.172,0.4920565
2.173,0
2.174,0
2.175,0.4781751
2.176,0.5221785
2.177,0.5668123
2.178,0.61169
2.179,0.6564025
2.18,0.7004852
2.181,0.7434793
2.182,0.784866
2.183,0.8241473
2.184,0.8607729
2.185,0.8942337
2.186,0.9239823
2.187,0.9495091
2.188,0.9703079
2.189,0.9859207
2.19,0.9959202
2.191,0.9999337
2.192,0.997656
2.193,0.9888543
2.194,0.9733809
2.195,0.9511889
2.196,0.9223354
2.197,0.8869922
2.198,0.8454574
2.199,0.7981564
2.2,0.7456397
2.201,0.6886099
2.202,0.627866
2.203,0.5643668
2.204,0.4991407
2.205,0
2.206,0
2.207,0.4699057
2.208,0.5123585
2.209,0.555488
2.21,0.5989351
2.211,0.6423508
2.212,0.6853202
2.213,0.7274207
2.214,0.7682044
2.215,0.8072094
2.216,0.8439496
2.217,0.8779497
2.218,0.9087135
2.219,0.935764
2.22,0.9586367
2.221,0.9768813
2.222,0.9900857
2.223,0.9978777
2.224,0.9999311
2.225,0.9959817
2.226,0.9858348
2.227,0.9693731
2.228,0.9465681
2.229,0.9174841
2.23,0.882296
2.231,0.8412884
2.232,0.7948492
2.233,0.7435227
2.234,0.6878991
2.235,0.6287619
2.236,0.5669737
2.237,0.5034881
2.238,0
2.239,0
2.24,0
2.241,0.5045117
2.242,0.5461529
2.243,0.5881925
2.244,0.6302716
2.245,0.672058
2.246,0.7131549
2.247,0.7531697
2.248,0.791682
2.249,0.8282657
2.25,0.8624742
2.251,0.893855
2.252,0.9219822
2.253,0.9464093
2.254,0.9667262
2.255,0.9825302
2.256,0.9934571
2.257,0.9991775
2.258,0.9994091
2.259,0.9939253
2.26,0.9825631
2.261,0.9652336
2.262,0.9419169
2.263,0.9126927
2.264,0.8777314
2.265,0.8373005
2.266,0.791769
2.267,0.7416103
2.268,0.6874236
2.269,0.6298752
2.27,0.5697851
2.271,0.508013
2.272,2.26E-13
2.273,0
2.274,0
2.275,0.4966968
2.276,0.5368897
2.277,0.5775002
2.278,0.6182479
2.279,0.6588243
2.28,0.6988688
2.281,0.7380475
2.282,0.7759644
2.283,0.8122457
2.284,0.8464918
2.285,0.8782908
2.286,0.9072437
2.287,0.9329594
2.288,0.9550297
2.289,0.9730864
2.29,0.98678
2.291,0.9957818
2.292,0.9998016
2.293,0.9985946
2.294,0.9919658
2.295,0.9797715
2.296,0.9619445
2.297,0.9384842
2.298,0.9094568
2.299,0.8750288
2.3,0.8354474
2.301,0.7910626
2.302,0.7423031
2.303,0.6896806
2.304,0.6338643
2.305,0.5755443
2.306,0.5155256
2.307,0
2.308,0
2.309,0
2.31,0
2.311,0.5258785
2.312,0.5650696
2.313,0.6044754
2.314,0.6438243
2.315,0.6828056
2.316,0.7211084
2.317,0.7584
2.318,0.7943293
2.319,0.8285413
2.32,0.8606757
2.321,0.8903564
2.322,0.9172231
2.323,0.9409118
2.324,0.9610657
2.325,0.9773523
2.326,0.9894573
2.327,0.9970839
2.328,0.9999794
2.329,0.9979235
2.33,0.9907443
2.331,0.9783188
2.332,0.9605824
2.333,0.9375387
2.334,0.9092484
2.335,0.8758648
2.336,0.8376021
2.337,0.79477
2.338,0.7477627
2.339,0.6970369
2.34,0.643179
2.341,0.5868124
2.342,0.5286666
2.343,0
2.344,0
2.345,0
2.346,0
2.347,0.5115068
2.348,0.5492376
2.349,0.5872702
2.35,0.6253696
2.351,0.6632761
2.352,0.7006965
2.353,0.7373435
2.354,0.7729051
2.355,0.8070757
2.356,0.8395073
2.357,0.8698874
2.358,0.8978779
2.359,0.9231353
2.36,0.9453404
2.361,0.9641715
2.362,0.979326
2.363,0.9905198
2.364,0.9974867
2.365,0.9999954
2.366,0.9978457
2.367,0.99088
2.368,0.9789853
2.369,0.9620979
2.37,0.9402009
2.371,0.9133603
2.372,0.8816867
2.373,0.8453679
2.374,0.8046778
2.375,0.759937
2.376,0.7115601
2.377,0.6600335
2.378,0.6059327
2.379,0.5498886
2.38,0
2.381,0
2.382,0
2.383,0
2.384,0
2.385,0.528511
2.386,0.5651187
2.387,0.6019242
2.388,0.6387054
2.389,0.6752098
2.39,0.7111819
2.391,0.7463514
2.392,0.780451
2.393,0.8131756
2.394,0.8442266
2.395,0.8733172
2.396,0.9001333
2.397,0.9243789
2.398,0.9457492
2.399,0.9639617
2.4,0.9787337
2.401,0.9898099
2.402,0.9969434
2.403,0.9999204
2.404,0.9985527
2.405,0.9926882
2.406,0.9822078
2.407,0.9670445
2.408,0.9471772
2.409,0.9226268
2.41,0.89349
2.411,0.8598925
2.412,0.8220611
2.413,0.7802739
2.414,0.7348545
2.415,0.6862174
2.416,0.6348678
2.417,0.5813266
2.418,0
2.419,0
2.42,0
2.421,0
2.422,0
2.423,0
2.424,0.5366975
2.425,0.5721043
2.426,0.607655
2.427,0.6431515
2.428,0.6783631
2.429,0.7130756
2.43,0.7470194
2.431,0.779954
2.432,0.8116237
2.433,0.8417482
2.434,0.8700689
2.435,0.8963
2.436,0.920172
2.437,0.9414118
2.438,0.9597552
2.439,0.9749519
2.44,0.9867544
2.441,0.9949391
2.442,0.9992974
2.443,0.9996491
2.444,0.9958399
2.445,0.9877486
2.446,0.9752861
2.447,0.9584053
2.448,0.9371103
2.449,0.9114401
2.45,0.8814926
2.451,0.8474193
2.452,0.809431
2.453,0.7677777
2.454,0.7228158
2.455,0.6749042
2.456,0.6245214
2.457,0.5721539
2.458,0
2.459,0
2.46,0