# wavelength_um,throughput
1.489999999999999991e+00,6.779354329476194874e-01
1.490999999999999881e+00,6.784244335937074100e-01
1.491999999999999771e+00,6.789135726301450680e-01
1.492999999999999661e+00,6.794028500354939437e-01
1.493999999999999551e+00,6.798922657883289533e-01
1.494999999999999440e+00,6.803818198672366702e-01
1.495999999999999330e+00,6.808715122508173234e-01
1.496999999999999220e+00,6.813613429176830216e-01
1.497999999999999110e+00,6.818513118464586409e-01
1.498999999999999000e+00,6.823414190157822690e-01
1.499999999999998890e+00,6.828316644043039840e-01
1.500999999999998780e+00,6.833220479906869649e-01
1.501999999999998670e+00,6.838125697536064918e-01
1.502999999999998559e+00,6.843032296717509455e-01
1.503999999999998449e+00,6.847940277238204754e-01
1.504999999999998339e+00,6.852849638885288863e-01
1.505999999999998229e+00,6.857760381446018627e-01
1.506999999999998119e+00,6.862672504707776344e-01
1.507999999999998009e+00,6.867586008458069768e-01
1.508999999999997899e+00,6.872500892484532109e-01
1.509999999999997788e+00,6.877417156574923141e-01
1.510999999999997678e+00,6.882334800517123652e-01
1.511999999999997568e+00,6.887253824099146549e-01
1.512999999999997458e+00,6.892174227109120199e-01
1.513999999999997348e+00,6.897096009335302869e-01
1.514999999999997238e+00,6.902019170566073836e-01
1.515999999999997128e+00,6.906943710589941166e-01
1.516999999999997017e+00,6.911869629195533937e-01
1.517999999999996907e+00,6.916796926171605575e-01
1.518999999999996797e+00,6.921725601307030518e-01
1.519999999999996687e+00,6.926655654390811989e-01
1.520999999999996577e+00,6.931587085212072008e-01
1.521999999999996467e+00,6.936519893560062489e-01
1.522999999999996357e+00,6.941454079224153029e-01
1.523999999999996247e+00,6.946389641993836461e-01
1.524999999999996136e+00,6.951326581658729964e-01
1.525999999999996026e+00,6.956264898008573949e-01
1.526999999999995916e+00,6.961204590833232064e-01
1.527999999999995806e+00,6.966145659922692301e-01
1.528999999999995696e+00,6.971088105067059226e-01
1.529999999999995586e+00,6.976031926056565080e-01
1.530999999999995476e+00,6.980977122681562008e-01
1.531999999999995365e+00,6.985923694732525391e-01
1.532999999999995255e+00,6.990871642000053843e-01
1.533999999999995145e+00,6.995820964274864773e-01
1.534999999999995035e+00,7.000771661347799935e-01
1.535999999999994925e+00,7.005723733009822096e-01
1.536999999999994815e+00,7.010677179052012820e-01
1.537999999999994705e+00,7.015631999265582452e-01
1.538999999999994595e+00,7.020588193441853475e-01
1.539999999999994484e+00,7.025545761372277154e-01
1.540999999999994374e+00,7.030504702848419107e-01
1.541999999999994264e+00,7.035465017661973741e-01
1.542999999999994154e+00,7.040426705604748703e-01
1.543999999999994044e+00,7.045389766468675985e-01
1.544999999999993934e+00,7.050354200045808595e-01
1.545999999999993824e+00,7.055320006128320554e-01
1.546999999999993713e+00,7.060287184508502456e-01
1.547999999999993603e+00,7.065255734978765911e-01
1.548999999999993493e+00,7.070225657331649094e-01
1.549999999999993383e+00,7.075196951359801201e-01
1.550999999999993273e+00,7.080169616855999104e-01
1.551999999999993163e+00,7.085143653613131809e-01
1.552999999999993053e+00,7.090119061424212665e-01
1.553999999999992943e+00,7.095095840082374927e-01
1.554999999999992832e+00,7.100073989380869532e-01
1.555999999999992722e+00,7.105053509113068433e-01
1.556999999999992612e+00,7.110034399072456823e-01
1.557999999999992502e+00,7.115016659052648684e-01
1.558999999999992392e+00,7.120000288847365688e-01
1.559999999999992282e+00,7.124985288250460513e-01
1.560999999999992172e+00,7.129971657055894640e-01
1.561999999999992061e+00,7.134959395057755005e-01
1.562999999999991951e+00,7.139948502050237344e-01
1.563999999999991841e+00,7.144938977827669513e-01
1.564999999999991731e+00,7.149930822184481505e-01
1.565999999999991621e+00,7.154924034915237652e-01
1.566999999999991511e+00,7.159918615814608867e-01
1.567999999999991401e+00,7.164914564677387077e-01
1.568999999999991291e+00,7.169911881298484113e-01
1.569999999999991180e+00,7.174910565472923940e-01
1.570999999999991070e+00,7.179910616995857087e-01
1.571999999999990960e+00,7.184912035662542884e-01
1.572999999999990850e+00,7.189914821268361678e-01
1.573999999999990740e+00,7.194918973608809276e-01
1.574999999999990630e+00,7.199924492479500282e-01
1.575999999999990520e+00,7.204931377676163651e-01
1.576999999999990409e+00,7.209939628994651573e-01
1.577999999999990299e+00,7.214949246230923929e-01
1.578999999999990189e+00,7.219960229181063838e-01
1.579999999999990079e+00,7.224972577641266547e-01
1.580999999999989969e+00,7.229986291407844989e-01
1.581999999999989859e+00,7.235001370277232002e-01
1.582999999999989749e+00,7.240017814045972555e-01
1.583999999999989639e+00,7.245035622510725970e-01
1.584999999999989528e+00,7.250054795468272584e-01
1.585999999999989418e+00,7.255075332715501535e-01
1.586999999999989308e+00,7.260097234049424086e-01
1.587999999999989198e+00,7.265120499267168075e-01
1.588999999999989088e+00,7.270145128165969028e-01
1.589999999999988978e+00,7.275171120543184600e-01
1.590999999999988868e+00,7.280198476196282353e-01
1.591999999999988757e+00,7.285227194922849758e-01
1.592999999999988647e+00,7.290257276520586416e-01
1.593999999999988537e+00,7.295288720787306280e-01
1.594999999999988427e+00,7.300321527520942100e-01
1.595999999999988317e+00,7.305355696519536535e-01
1.596999999999988207e+00,7.310391227581246598e-01
1.597999999999988097e+00,7.315428120504349208e-01
1.598999999999987986e+00,7.320466375087228972e-01
1.599999999999987876e+00,7.325505991128389294e-01
1.600999999999987766e+00,7.327585229329309779e-01
1.601999999999987656e+00,7.329664699142433015e-01
1.602999999999987546e+00,7.331744400553664720e-01
1.603999999999987436e+00,7.333824333548888408e-01
1.604999999999987326e+00,7.335904498113977601e-01
1.605999999999987216e+00,7.337984894234824695e-01
1.606999999999987105e+00,7.340065521897308765e-01
1.607999999999986995e+00,7.342146381087323315e-01
1.608999999999986885e+00,7.344227471790764072e-01
1.609999999999986775e+00,7.346308793993525654e-01
1.610999999999986665e+00,7.348390347681509338e-01
1.611999999999986555e+00,7.350472132840617512e-01
1.612999999999986445e+00,7.352554149456757004e-01
1.613999999999986334e+00,7.354636397515840196e-01
1.614999999999986224e+00,7.356718877003776136e-01
1.615999999999986114e+00,7.358801587906484976e-01
1.616999999999986004e+00,7.360884530209886867e-01
1.617999999999985894e+00,7.362967703899900851e-01
1.618999999999985784e+00,7.365051108962459292e-01
1.619999999999985674e+00,7.367134745383487893e-01
1.620999999999985564e+00,7.369218613148920127e-01
1.621999999999985453e+00,7.371302712244693911e-01
1.622999999999985343e+00,7.373387042656747159e-01
1.623999999999985233e+00,7.375471604371023338e-01
1.624999999999985123e+00,7.377556397373467023e-01
1.625999999999985013e+00,7.379641421650030564e-01
1.626999999999984903e+00,7.381726677186666308e-01
1.627999999999984793e+00,7.383812163969327713e-01
1.628999999999984682e+00,7.385897881983976010e-01
1.629999999999984572e+00,7.387983831216570207e-01
1.630999999999984462e+00,7.390070011653080417e-01
1.631999999999984352e+00,7.392156423279473421e-01
1.632999999999984242e+00,7.394243066081720439e-01
1.633999999999984132e+00,7.396329940045801576e-01
1.634999999999984022e+00,7.398417045157689165e-01
1.635999999999983912e+00,7.400504381403368859e-01
1.636999999999983801e+00,7.402591948768824093e-01
1.637999999999983691e+00,7.404679747240044962e-01
1.638999999999983581e+00,7.406767776803023784e-01
1.639999999999983471e+00,7.408856037443752873e-01
1.640999999999983361e+00,7.410944529148232318e-01
1.641999999999983251e+00,7.413033251902463316e-01
1.642999999999983141e+00,7.415122205692449286e-01
1.643999999999983030e+00,7.417211390504201418e-01
1.644999999999982920e+00,7.419300806323726460e-01
1.645999999999982810e+00,7.421390453137041154e-01
1.646999999999982700e+00,7.423480330930163351e-01
1.647999999999982590e+00,7.425570439689115343e-01
1.648999999999982480e+00,7.427660779399917201e-01
1.649999999999982370e+00,7.429751350048600100e-01
1.650999999999982260e+00,7.431842151621194104e-01
1.651999999999982149e+00,7.433933184103728165e-01
1.652999999999982039e+00,7.436024447482246780e-01
1.653999999999981929e+00,7.438115941742785564e-01
1.654999999999981819e+00,7.440207666871389014e-01
1.655999999999981709e+00,7.442299622854106067e-01
1.656999999999981599e+00,7.444391809676982330e-01
1.657999999999981489e+00,7.446484227326075622e-01
1.658999999999981378e+00,7.448576875787438212e-01
1.659999999999981268e+00,7.450669755047132359e-01
1.660999999999981158e+00,7.452762865091220323e-01
1.661999999999981048e+00,7.454856205905766586e-01
1.662999999999980938e+00,7.456949777476844510e-01
1.663999999999980828e+00,7.459043579790523015e-01
1.664999999999980718e+00,7.461137612832878796e-01
1.665999999999980608e+00,7.463231876589991876e-01
1.666999999999980497e+00,7.465326371047942278e-01
1.667999999999980387e+00,7.467421096192816687e-01
1.668999999999980277e+00,7.469516052010704010e-01
1.669999999999980167e+00,7.471611238487695372e-01
1.670999999999980057e+00,7.473706655609885230e-01
1.671999999999979947e+00,7.475802303363373591e-01
1.672999999999979837e+00,7.477898181734260463e-01
1.673999999999979726e+00,7.479994290708650295e-01
1.674999999999979616e+00,7.482090630272653087e-01
1.675999999999979506e+00,7.484187200412377727e-01
1.676999999999979396e+00,7.486284001113937547e-01
1.677999999999979286e+00,7.488381032363453649e-01
1.678999999999979176e+00,7.490478294147043803e-01
1.679999999999979066e+00,7.492575786450831332e-01
1.680999999999978956e+00,7.494673509260944000e-01
1.681999999999978845e+00,7.496771462563512900e-01
1.682999999999978735e+00,7.498869646344672457e-01
1.683999999999978625e+00,7.500968060590555986e-01
1.684999999999978515e+00,7.503066705287304572e-01
1.685999999999978405e+00,7.505165580421061522e-01
1.686999999999978295e+00,7.507264685977974583e-01
1.687999999999978185e+00,7.509364021944190393e-01
1.688999999999978074e+00,7.511463588305863359e-01
1.689999999999977964e+00,7.513563385049147891e-01
1.690999999999977854e+00,7.515663412160201728e-01
1.691999999999977744e+00,7.517763669625191492e-01
1.692999999999977634e+00,7.519864157430280471e-01
1.693999999999977524e+00,7.521964875561633068e-01
1.694999999999977414e+00,7.524065824005427006e-01
1.695999999999977303e+00,7.526167002747830015e-01
1.696999999999977193e+00,7.528268411775028701e-01
1.697999999999977083e+00,7.530370051073197457e-01
1.698999999999976973e+00,7.532471920628520667e-01
1.699999999999976863e+00,7.534574020427192709e-01
1.700999999999976753e+00,7.536676350455396856e-01
1.701999999999976643e+00,7.538778910699329705e-01
1.702999999999976533e+00,7.540881701145186744e-01
1.703999999999976422e+00,7.542984721779171231e-01
1.704999999999976312e+00,7.545087972587483094e-01
1.705999999999976202e+00,7.547191453556332252e-01
1.706999999999976092e+00,7.549295164671925296e-01
1.707999999999975982e+00,7.551399105920476584e-01
1.708999999999975872e+00,7.553503277288202700e-01
1.709999999999975762e+00,7.555607678761321333e-01
1.710999999999975651e+00,7.557712310326054617e-01
1.711999999999975541e+00,7.559817171968628013e-01
1.712999999999975431e+00,7.561922263675272537e-01
1.713999999999975321e+00,7.564027585432216982e-01
1.714999999999975211e+00,7.566133137225696803e-01
1.715999999999975101e+00,7.568238919041950785e-01
1.716999999999974991e+00,7.570344930867219935e-01
1.717999999999974881e+00,7.572451172687748588e-01
1.718999999999974770e+00,7.574557644489784414e-01
1.719999999999974660e+00,7.576664346259577298e-01
1.720999999999974550e+00,7.578771277983382681e-01
1.721999999999974440e+00,7.580878439647454892e-01
1.722999999999974330e+00,7.582985831238056029e-01
1.723999999999974220e+00,7.585093452741448194e-01
1.724999999999974110e+00,7.587201304143899039e-01
1.725999999999973999e+00,7.589309385431676214e-01
1.726999999999973889e+00,7.591417696591054032e-01
1.727999999999973779e+00,7.593526237608307916e-01
1.728999999999973669e+00,7.595635008469716620e-01
1.729999999999973559e+00,7.597744009161561118e-01
1.730999999999973449e+00,7.599853239670127936e-01
1.731999999999973339e+00,7.601962699981704707e-01
1.732999999999973229e+00,7.604072390082581290e-01
1.733999999999973118e+00,7.606182309959055310e-01
1.734999999999973008e+00,7.608292459597423285e-01
1.735999999999972898e+00,7.610402838983985063e-01
1.736999999999972788e+00,7.612513448105046043e-01
1.737999999999972678e+00,7.614624286946911624e-01
1.738999999999972568e+00,7.616735355495893867e-01
1.739999999999972458e+00,7.618846653738303720e-01
1.740999999999972347e+00,7.620958181660459907e-01
1.741999999999972237e+00,7.623069939248680038e-01
1.742999999999972127e+00,7.625181926489288387e-01
1.743999999999972017e+00,7.627294143368608115e-01
1.744999999999971907e+00,7.629406589872971267e-01
1.745999999999971797e+00,7.631519265988709888e-01
1.746999999999971687e+00,7.633632171702157132e-01
1.747999999999971577e+00,7.635745306999649484e-01
1.748999999999971466e+00,7.637858671867532312e-01
1.749999999999971356e+00,7.639972266292146541e-01
1.750999999999971246e+00,7.642086090259843090e-01
1.751999999999971136e+00,7.644200143756970656e-01
1.752999999999971026e+00,7.646314426769882377e-01
1.753999999999970916e+00,7.648428939284938055e-01
1.754999999999970806e+00,7.650543681288493048e-01
1.755999999999970695e+00,7.652658652766913816e-01
1.756999999999970585e+00,7.654773853706566822e-01
1.757999999999970475e+00,7.656889284093818526e-01
1.758999999999970365e+00,7.659004943915044272e-01
1.759999999999970255e+00,7.661120833156617183e-01
1.760999999999970145e+00,7.663236951804915931e-01
1.761999999999970035e+00,7.665353299846322521e-01
1.762999999999969925e+00,7.667469877267224510e-01
1.763999999999969814e+00,7.669586684054006120e-01
1.764999999999969704e+00,7.671703720193059350e-01
1.765999999999969594e+00,7.673820985670778416e-01
1.766999999999969484e+00,7.675938480473559755e-01
1.767999999999969374e+00,7.678056204587803135e-01
1.768999999999969264e+00,7.680174157999914986e-01
1.769999999999969154e+00,7.682292340696297295e-01
1.770999999999969043e+00,7.684410752663362043e-01
1.771999999999968933e+00,7.686529393887522321e-01
1.772999999999968823e+00,7.688648264355191220e-01
1.773999999999968713e+00,7.690767364052789601e-01
1.774999999999968603e+00,7.692886692966738327e-01
1.775999999999968493e+00,7.695006251083462701e-01
1.776999999999968383e+00,7.697126038389390246e-01
1.777999999999968272e+00,7.699246054870950706e-01
1.778999999999968162e+00,7.701366300514579377e-01
1.779999999999968052e+00,7.703486775306714884e-01
1.780999999999967942e+00,7.705607479233794743e-01
1.781999999999967832e+00,7.707728412282264241e-01
1.782999999999967722e+00,7.709849574438567554e-01
1.783999999999967612e+00,7.711970965689155522e-01
1.784999999999967502e+00,7.714092586020480091e-01
1.785999999999967391e+00,7.716214435418998763e-01
1.786999999999967281e+00,7.718336513871166815e-01
1.787999999999967171e+00,7.720458821363448410e-01
1.788999999999967061e+00,7.722581357882305486e-01
1.789999999999966951e+00,7.724704123414209977e-01
1.790999999999966841e+00,7.726827117945629375e-01
1.791999999999966731e+00,7.728950341463038942e-01
1.792999999999966620e+00,7.731073793952913942e-01
1.793999999999966510e+00,7.733197475401737409e-01
1.794999999999966400e+00,7.735321385795990157e-01
1.795999999999966290e+00,7.737445525122158552e-01
1.796999999999966180e+00,7.739569893366731179e-01
1.797999999999966070e+00,7.741694490516202176e-01
1.798999999999965960e+00,7.743819316557065680e-01
1.799999999999965850e+00,7.745944371475819157e-01
1.800999999999965739e+00,7.745944371475891321e-01
1.801999999999965629e+00,7.745944371475891321e-01
1.802999999999965519e+00,7.745944371475891321e-01
1.803999999999965409e+00,7.745944371475891321e-01
1.804999999999965299e+00,7.745944371475891321e-01
1.805999999999965189e+00,7.745944371475891321e-01
1.806999999999965079e+00,7.745944371475891321e-01
1.807999999999964968e+00,7.745944371475891321e-01
1.808999999999964858e+00,7.745944371475891321e-01
1.809999999999964748e+00,7.745944371475891321e-01
1.810999999999964638e+00,7.745944371475891321e-01
1.811999999999964528e+00,7.745944371475891321e-01
1.812999999999964418e+00,7.745944371475891321e-01
1.813999999999964308e+00,7.745944371475891321e-01
1.814999999999964198e+00,7.745944371475891321e-01
1.815999999999964087e+00,7.745944371475891321e-01
1.816999999999963977e+00,7.745944371475891321e-01
1.817999999999963867e+00,7.745944371475891321e-01
1.818999999999963757e+00,7.745944371475891321e-01
1.819999999999963647e+00,7.745944371475891321e-01
1.820999999999963537e+00,7.745944371475891321e-01
1.821999999999963427e+00,7.745944371475891321e-01
1.822999999999963316e+00,7.745944371475891321e-01
1.823999999999963206e+00,7.745944371475891321e-01
1.824999999999963096e+00,7.745944371475891321e-01
1.825999999999962986e+00,7.745944371475891321e-01
1.826999999999962876e+00,7.745944371475891321e-01
1.827999999999962766e+00,7.745944371475891321e-01
1.828999999999962656e+00,7.745944371475891321e-01
1.829999999999962546e+00,7.745944371475891321e-01
1.830999999999962435e+00,7.745944371475891321e-01
1.831999999999962325e+00,7.745944371475891321e-01
1.832999999999962215e+00,7.745944371475891321e-01
1.833999999999962105e+00,7.745944371475891321e-01
1.834999999999961995e+00,7.745944371475891321e-01
1.835999999999961885e+00,7.745944371475891321e-01
1.836999999999961775e+00,7.745944371475891321e-01
1.837999999999961664e+00,7.745944371475891321e-01
1.838999999999961554e+00,7.745944371475891321e-01
1.839999999999961444e+00,7.745944371475891321e-01
1.840999999999961334e+00,7.745944371475891321e-01
1.841999999999961224e+00,7.745944371475891321e-01
1.842999999999961114e+00,7.745944371475891321e-01
1.843999999999961004e+00,7.745944371475891321e-01
1.844999999999960894e+00,7.745944371475891321e-01
1.845999999999960783e+00,7.745944371475891321e-01
1.846999999999960673e+00,7.745944371475891321e-01
1.847999999999960563e+00,7.745944371475891321e-01
1.848999999999960453e+00,7.745944371475891321e-01
1.849999999999960343e+00,7.745944371475891321e-01
1.850999999999960233e+00,7.745944371475891321e-01
1.851999999999960123e+00,7.745944371475891321e-01
1.852999999999960012e+00,7.745944371475891321e-01
1.853999999999959902e+00,7.745944371475891321e-01
1.854999999999959792e+00,7.745944371475891321e-01
1.855999999999959682e+00,7.745944371475891321e-01
1.856999999999959572e+00,7.745944371475891321e-01
1.857999999999959462e+00,7.745944371475891321e-01
1.858999999999959352e+00,7.745944371475891321e-01
1.859999999999959241e+00,7.745944371475891321e-01
1.860999999999959131e+00,7.745944371475891321e-01
1.861999999999959021e+00,7.745944371475891321e-01
1.862999999999958911e+00,7.745944371475891321e-01
1.863999999999958801e+00,7.745944371475891321e-01
1.864999999999958691e+00,7.745944371475891321e-01
1.865999999999958581e+00,7.745944371475891321e-01
1.866999999999958471e+00,7.745944371475891321e-01
1.867999999999958360e+00,7.745944371475891321e-01
1.868999999999958250e+00,7.745944371475891321e-01
1.869999999999958140e+00,7.745944371475891321e-01
1.870999999999958030e+00,7.745944371475891321e-01
1.871999999999957920e+00,7.745944371475891321e-01
1.872999999999957810e+00,7.745944371475891321e-01
1.873999999999957700e+00,7.745944371475891321e-01
1.874999999999957589e+00,7.745944371475891321e-01
1.875999999999957479e+00,7.745944371475891321e-01
1.876999999999957369e+00,7.745944371475891321e-01
1.877999999999957259e+00,7.745944371475891321e-01
1.878999999999957149e+00,7.745944371475891321e-01
1.879999999999957039e+00,7.745944371475891321e-01
1.880999999999956929e+00,7.745944371475891321e-01
1.881999999999956819e+00,7.745944371475891321e-01
1.882999999999956708e+00,7.745944371475891321e-01
1.883999999999956598e+00,7.745944371475891321e-01
1.884999999999956488e+00,7.745944371475891321e-01
1.885999999999956378e+00,7.745944371475891321e-01
1.886999999999956268e+00,7.745944371475891321e-01
1.887999999999956158e+00,7.745944371475891321e-01
1.888999999999956048e+00,7.745944371475891321e-01
1.889999999999955937e+00,7.745944371475891321e-01
1.890999999999955827e+00,7.745944371475891321e-01
1.891999999999955717e+00,7.745944371475891321e-01
1.892999999999955607e+00,7.745944371475891321e-01
1.893999999999955497e+00,7.745944371475891321e-01
1.894999999999955387e+00,7.745944371475891321e-01
1.895999999999955277e+00,7.745944371475891321e-01
1.896999999999955167e+00,7.745944371475891321e-01
1.897999999999955056e+00,7.745944371475891321e-01
1.898999999999954946e+00,7.745944371475891321e-01
1.899999999999954836e+00,7.745944371475891321e-01
1.900999999999954726e+00,7.745944371475891321e-01
1.901999999999954616e+00,7.745944371475891321e-01
1.902999999999954506e+00,7.745944371475891321e-01
1.903999999999954396e+00,7.745944371475891321e-01
1.904999999999954285e+00,7.745944371475891321e-01
1.905999999999954175e+00,7.745944371475891321e-01
1.906999999999954065e+00,7.745944371475891321e-01
1.907999999999953955e+00,7.745944371475891321e-01
1.908999999999953845e+00,7.745944371475891321e-01
1.909999999999953735e+00,7.745944371475891321e-01
1.910999999999953625e+00,7.745944371475891321e-01
1.911999999999953515e+00,7.745944371475891321e-01
1.912999999999953404e+00,7.745944371475891321e-01
1.913999999999953294e+00,7.745944371475891321e-01
1.914999999999953184e+00,7.745944371475891321e-01
1.915999999999953074e+00,7.745944371475891321e-01
1.916999999999952964e+00,7.745944371475891321e-01
1.917999999999952854e+00,7.745944371475891321e-01
1.918999999999952744e+00,7.745944371475891321e-01
1.919999999999952633e+00,7.745944371475891321e-01
1.920999999999952523e+00,7.745944371475891321e-01
1.921999999999952413e+00,7.745944371475891321e-01
1.922999999999952303e+00,7.745944371475891321e-01
1.923999999999952193e+00,7.745944371475891321e-01
1.924999999999952083e+00,7.745944371475891321e-01
1.925999999999951973e+00,7.745944371475891321e-01
1.926999999999951863e+00,7.745944371475891321e-01
1.927999999999951752e+00,7.745944371475891321e-01
1.928999999999951642e+00,7.745944371475891321e-01
1.929999999999951532e+00,7.745944371475891321e-01
1.930999999999951422e+00,7.745944371475891321e-01
1.931999999999951312e+00,7.745944371475891321e-01
1.932999999999951202e+00,7.745944371475891321e-01
1.933999999999951092e+00,7.745944371475891321e-01
1.934999999999950981e+00,7.745944371475891321e-01
1.935999999999950871e+00,7.745944371475891321e-01
1.936999999999950761e+00,7.745944371475891321e-01
1.937999999999950651e+00,7.745944371475891321e-01
1.938999999999950541e+00,7.745944371475891321e-01
1.939999999999950431e+00,7.745944371475891321e-01
1.940999999999950321e+00,7.745944371475891321e-01
1.941999999999950210e+00,7.745944371475891321e-01
1.942999999999950100e+00,7.745944371475891321e-01
1.943999999999949990e+00,7.745944371475891321e-01
1.944999999999949880e+00,7.745944371475891321e-01
1.945999999999949770e+00,7.745944371475891321e-01
1.946999999999949660e+00,7.745944371475891321e-01
1.947999999999949550e+00,7.745944371475891321e-01
1.948999999999949440e+00,7.745944371475891321e-01
1.949999999999949329e+00,7.745944371475891321e-01
1.950999999999949219e+00,7.745944371475891321e-01
1.951999999999949109e+00,7.745944371475891321e-01
1.952999999999948999e+00,7.745944371475891321e-01
1.953999999999948889e+00,7.745944371475891321e-01
1.954999999999948779e+00,7.745944371475891321e-01
1.955999999999948669e+00,7.745944371475891321e-01
1.956999999999948558e+00,7.745944371475891321e-01
1.957999999999948448e+00,7.745944371475891321e-01
1.958999999999948338e+00,7.745944371475891321e-01
1.959999999999948228e+00,7.745944371475891321e-01
1.960999999999948118e+00,7.745944371475891321e-01
1.961999999999948008e+00,7.745944371475891321e-01
1.962999999999947898e+00,7.745944371475891321e-01
1.963999999999947788e+00,7.745944371475891321e-01
1.964999999999947677e+00,7.745944371475891321e-01
1.965999999999947567e+00,7.745944371475891321e-01
1.966999999999947457e+00,7.745944371475891321e-01
1.967999999999947347e+00,7.745944371475891321e-01
1.968999999999947237e+00,7.745944371475891321e-01
1.969999999999947127e+00,7.745944371475891321e-01
1.970999999999947017e+00,7.745944371475891321e-01
1.971999999999946906e+00,7.745944371475891321e-01
1.972999999999946796e+00,7.745944371475891321e-01
1.973999999999946686e+00,7.745944371475891321e-01
1.974999999999946576e+00,7.745944371475891321e-01
1.975999999999946466e+00,7.745944371475891321e-01
1.976999999999946356e+00,7.745944371475891321e-01
1.977999999999946246e+00,7.745944371475891321e-01
1.978999999999946136e+00,7.745944371475891321e-01
1.979999999999946025e+00,7.745944371475891321e-01
1.980999999999945915e+00,7.745944371475891321e-01
1.981999999999945805e+00,7.745944371475891321e-01
1.982999999999945695e+00,7.745944371475891321e-01
1.983999999999945585e+00,7.745944371475891321e-01
1.984999999999945475e+00,7.745944371475891321e-01
1.985999999999945365e+00,7.745944371475891321e-01
1.986999999999945254e+00,7.745944371475891321e-01
1.987999999999945144e+00,7.745944371475891321e-01
1.988999999999945034e+00,7.745944371475891321e-01
1.989999999999944924e+00,7.745944371475891321e-01
1.990999999999944814e+00,7.745944371475891321e-01
1.991999999999944704e+00,7.745944371475891321e-01
1.992999999999944594e+00,7.745944371475891321e-01
1.993999999999944484e+00,7.745944371475891321e-01
1.994999999999944373e+00,7.745944371475891321e-01
1.995999999999944263e+00,7.745944371475891321e-01
1.996999999999944153e+00,7.745944371475891321e-01
1.997999999999944043e+00,7.745944371475891321e-01
1.998999999999943933e+00,7.745944371475891321e-01
1.999999999999943823e+00,7.745944371475891321e-01
2.000999999999943491e+00,7.745944371475891321e-01
2.001999999999943824e+00,7.745944371475891321e-01
2.002999999999943270e+00,7.745944371475891321e-01
2.003999999999943604e+00,7.745944371475891321e-01
2.004999999999943050e+00,7.745944371475891321e-01
2.005999999999943384e+00,7.745944371475891321e-01
2.006999999999942830e+00,7.745944371475891321e-01
2.007999999999943164e+00,7.745944371475891321e-01
2.008999999999942609e+00,7.745944371475891321e-01
2.009999999999942943e+00,7.745944371475891321e-01
2.010999999999942389e+00,7.745944371475891321e-01
2.011999999999942723e+00,7.745944371475891321e-01
2.012999999999942169e+00,7.745944371475891321e-01
2.013999999999942503e+00,7.745944371475891321e-01
2.014999999999941949e+00,7.745944371475891321e-01
2.015999999999942283e+00,7.745944371475891321e-01
2.016999999999941728e+00,7.745944371475891321e-01
2.017999999999942062e+00,7.745944371475891321e-01
2.018999999999941508e+00,7.745944371475891321e-01
2.019999999999941842e+00,7.745944371475891321e-01
2.020999999999941288e+00,7.745944371475891321e-01
2.021999999999941622e+00,7.745944371475891321e-01
2.022999999999941068e+00,7.745944371475891321e-01
2.023999999999941402e+00,7.745944371475891321e-01
2.024999999999940847e+00,7.745944371475891321e-01
2.025999999999941181e+00,7.745944371475891321e-01
2.026999999999940627e+00,7.745944371475891321e-01
2.027999999999940961e+00,7.745944371475891321e-01
2.028999999999940407e+00,7.745944371475891321e-01
2.029999999999940741e+00,7.745944371475891321e-01
2.030999999999940187e+00,7.745944371475891321e-01
2.031999999999940520e+00,7.745944371475891321e-01
2.032999999999939966e+00,7.745944371475891321e-01
2.033999999999940300e+00,7.745944371475891321e-01
2.034999999999939746e+00,7.745944371475891321e-01
2.035999999999940080e+00,7.745944371475891321e-01
2.036999999999939526e+00,7.745944371475891321e-01
2.037999999999939860e+00,7.745944371475891321e-01
2.038999999999939305e+00,7.745944371475891321e-01
2.039999999999939639e+00,7.745944371475891321e-01
2.040999999999939085e+00,7.745944371475891321e-01
2.041999999999939419e+00,7.745944371475891321e-01
2.042999999999938865e+00,7.745944371475891321e-01
2.043999999999939199e+00,7.745944371475891321e-01
2.044999999999938645e+00,7.745944371475891321e-01
2.045999999999938979e+00,7.745944371475891321e-01
2.046999999999938424e+00,7.745944371475891321e-01
2.047999999999938758e+00,7.745944371475891321e-01
2.048999999999938204e+00,7.745944371475891321e-01
2.049999999999938538e+00,7.745944371475891321e-01
2.050999999999937984e+00,7.745944371475891321e-01
2.051999999999938318e+00,7.745944371475891321e-01
2.052999999999937764e+00,7.745944371475891321e-01
2.053999999999938098e+00,7.745944371475891321e-01
2.054999999999937543e+00,7.745944371475891321e-01
2.055999999999937877e+00,7.745944371475891321e-01
2.056999999999937323e+00,7.745944371475891321e-01
2.057999999999937657e+00,7.745944371475891321e-01
2.058999999999937103e+00,7.745944371475891321e-01
2.059999999999937437e+00,7.745944371475891321e-01
2.060999999999936882e+00,7.745944371475891321e-01
2.061999999999937216e+00,7.745944371475891321e-01
2.062999999999936662e+00,7.745944371475891321e-01
2.063999999999936996e+00,7.745944371475891321e-01
2.064999999999936442e+00,7.745944371475891321e-01
2.065999999999936776e+00,7.745944371475891321e-01
2.066999999999936222e+00,7.745944371475891321e-01
2.067999999999936556e+00,7.745944371475891321e-01
2.068999999999936001e+00,7.745944371475891321e-01
2.069999999999936335e+00,7.745944371475891321e-01
2.070999999999935781e+00,7.745944371475891321e-01
2.071999999999936115e+00,7.745944371475891321e-01
2.072999999999935561e+00,7.745944371475891321e-01
2.073999999999935895e+00,7.745944371475891321e-01
2.074999999999935341e+00,7.745944371475891321e-01
2.075999999999935675e+00,7.745944371475891321e-01
2.076999999999935120e+00,7.745944371475891321e-01
2.077999999999935454e+00,7.745944371475891321e-01
2.078999999999934900e+00,7.745944371475891321e-01
2.079999999999935234e+00,7.745944371475891321e-01
2.080999999999934680e+00,7.745944371475891321e-01
2.081999999999935014e+00,7.745944371475891321e-01
2.082999999999934460e+00,7.745944371475891321e-01
2.083999999999934793e+00,7.745944371475891321e-01
2.084999999999934239e+00,7.745944371475891321e-01
2.085999999999934573e+00,7.745944371475891321e-01
2.086999999999934019e+00,7.745944371475891321e-01
2.087999999999934353e+00,7.745944371475891321e-01
2.088999999999933799e+00,7.745944371475891321e-01
2.089999999999934133e+00,7.745944371475891321e-01
2.090999999999933578e+00,7.745944371475891321e-01
2.091999999999933912e+00,7.745944371475891321e-01
2.092999999999933358e+00,7.745944371475891321e-01
2.093999999999933692e+00,7.745944371475891321e-01
2.094999999999933138e+00,7.745944371475891321e-01
2.095999999999933472e+00,7.745944371475891321e-01
2.096999999999932918e+00,7.745944371475891321e-01
2.097999999999933252e+00,7.745944371475891321e-01
2.098999999999932697e+00,7.745944371475891321e-01
2.099999999999933031e+00,7.745944371475891321e-01
2.100999999999932477e+00,7.745944371475891321e-01
2.101999999999932811e+00,7.745944371475891321e-01
2.102999999999932257e+00,7.745944371475891321e-01
2.103999999999932591e+00,7.745944371475891321e-01
2.104999999999932037e+00,7.745944371475891321e-01
2.105999999999932371e+00,7.745944371475891321e-01
2.106999999999931816e+00,7.745944371475891321e-01
2.107999999999932150e+00,7.745944371475891321e-01
2.108999999999931596e+00,7.745944371475891321e-01
2.109999999999931930e+00,7.745944371475891321e-01
2.110999999999931376e+00,7.745944371475891321e-01
2.111999999999931710e+00,7.745944371475891321e-01
2.112999999999931156e+00,7.745944371475891321e-01
2.113999999999931489e+00,7.745944371475891321e-01
2.114999999999930935e+00,7.745944371475891321e-01
2.115999999999931269e+00,7.745944371475891321e-01
2.116999999999930715e+00,7.745944371475891321e-01
2.117999999999931049e+00,7.745944371475891321e-01
2.118999999999930495e+00,7.745944371475891321e-01
2.119999999999930829e+00,7.745944371475891321e-01
2.120999999999930274e+00,7.745944371475891321e-01
2.121999999999930608e+00,7.745944371475891321e-01
2.122999999999930054e+00,7.745944371475891321e-01
2.123999999999930388e+00,7.745944371475891321e-01
2.124999999999929834e+00,7.745944371475891321e-01
2.125999999999930168e+00,7.745944371475891321e-01
2.126999999999929614e+00,7.745944371475891321e-01
2.127999999999929948e+00,7.745944371475891321e-01
2.128999999999929393e+00,7.745944371475891321e-01
2.129999999999929727e+00,7.745944371475891321e-01
2.130999999999929173e+00,7.745944371475891321e-01
2.131999999999929507e+00,7.745944371475891321e-01
2.132999999999928953e+00,7.745944371475891321e-01
2.133999999999929287e+00,7.745944371475891321e-01
2.134999999999928733e+00,7.745944371475891321e-01
2.135999999999929067e+00,7.745944371475891321e-01
2.136999999999928512e+00,7.745944371475891321e-01
2.137999999999928846e+00,7.745944371475891321e-01
2.138999999999928292e+00,7.745944371475891321e-01
2.139999999999928626e+00,7.745944371475891321e-01
2.140999999999928072e+00,7.745944371475891321e-01
2.141999999999928406e+00,7.745944371475891321e-01
2.142999999999927851e+00,7.745944371475891321e-01
2.143999999999928185e+00,7.745944371475891321e-01
2.144999999999927631e+00,7.745944371475891321e-01
2.145999999999927965e+00,7.745944371475891321e-01
2.146999999999927411e+00,7.745944371475891321e-01
2.147999999999927745e+00,7.745944371475891321e-01
2.148999999999927191e+00,7.745944371475891321e-01
2.149999999999927525e+00,7.745944371475891321e-01
2.150999999999926970e+00,7.745944371475891321e-01
2.151999999999927304e+00,7.745944371475891321e-01
2.152999999999926750e+00,7.745944371475891321e-01
2.153999999999927084e+00,7.745944371475891321e-01
2.154999999999926530e+00,7.745944371475891321e-01
2.155999999999926864e+00,7.745944371475891321e-01
2.156999999999926310e+00,7.745944371475891321e-01
2.157999999999926644e+00,7.745944371475891321e-01
2.158999999999926089e+00,7.745944371475891321e-01
2.159999999999926423e+00,7.745944371475891321e-01
2.160999999999925869e+00,7.745944371475891321e-01
2.161999999999926203e+00,7.745944371475891321e-01
2.162999999999925649e+00,7.745944371475891321e-01
2.163999999999925983e+00,7.745944371475891321e-01
2.164999999999925429e+00,7.745944371475891321e-01
2.165999999999925762e+00,7.745944371475891321e-01
2.166999999999925208e+00,7.745944371475891321e-01
2.167999999999925542e+00,7.745944371475891321e-01
2.168999999999924988e+00,7.745944371475891321e-01
2.169999999999925322e+00,7.745944371475891321e-01
2.170999999999924768e+00,7.745944371475891321e-01
2.171999999999925102e+00,7.745944371475891321e-01
2.172999999999924547e+00,7.745944371475891321e-01
2.173999999999924881e+00,7.745944371475891321e-01
2.174999999999924327e+00,7.745944371475891321e-01
2.175999999999924661e+00,7.745944371475891321e-01
2.176999999999924107e+00,7.745944371475891321e-01
2.177999999999924441e+00,7.745944371475891321e-01
2.178999999999923887e+00,7.745944371475891321e-01
2.179999999999924221e+00,7.745944371475891321e-01
2.180999999999923666e+00,7.745944371475891321e-01
2.181999999999924000e+00,7.745944371475891321e-01
2.182999999999923446e+00,7.745944371475891321e-01
2.183999999999923780e+00,7.745944371475891321e-01
2.184999999999923226e+00,7.745944371475891321e-01
2.185999999999923560e+00,7.745944371475891321e-01
2.186999999999923006e+00,7.745944371475891321e-01
2.187999999999923340e+00,7.745944371475891321e-01
2.188999999999922785e+00,7.745944371475891321e-01
2.189999999999923119e+00,7.745944371475891321e-01
2.190999999999922565e+00,7.745944371475891321e-01
2.191999999999922899e+00,7.745944371475891321e-01
2.192999999999922345e+00,7.745944371475891321e-01
2.193999999999922679e+00,7.745944371475891321e-01
2.194999999999922125e+00,7.745944371475891321e-01
2.195999999999922458e+00,7.745944371475891321e-01
2.196999999999921904e+00,7.745944371475891321e-01
2.197999999999922238e+00,7.745944371475891321e-01
2.198999999999921684e+00,7.745944371475891321e-01
2.199999999999922018e+00,7.745944371475891321e-01
2.200999999999921464e+00,7.745944371475891321e-01
2.201999999999921798e+00,7.745944371475891321e-01
2.202999999999921243e+00,7.745944371475891321e-01
2.203999999999921577e+00,7.745944371475891321e-01
2.204999999999921023e+00,7.745944371475891321e-01
2.205999999999921357e+00,7.745944371475891321e-01
2.206999999999920803e+00,7.745944371475891321e-01
2.207999999999921137e+00,7.745944371475891321e-01
2.208999999999920583e+00,7.745944371475891321e-01
2.209999999999920917e+00,7.745944371475891321e-01
2.210999999999920362e+00,7.745944371475891321e-01
2.211999999999920696e+00,7.745944371475891321e-01
2.212999999999920142e+00,7.745944371475891321e-01
2.213999999999920476e+00,7.745944371475891321e-01
2.214999999999919922e+00,7.745944371475891321e-01
2.215999999999920256e+00,7.745944371475891321e-01
2.216999999999919702e+00,7.745944371475891321e-01
2.217999999999920036e+00,7.745944371475891321e-01
2.218999999999919481e+00,7.745944371475891321e-01
2.219999999999919815e+00,7.745944371475891321e-01
2.220999999999919261e+00,7.745944371475891321e-01
2.221999999999919595e+00,7.745944371475891321e-01
2.222999999999919041e+00,7.745944371475891321e-01
2.223999999999919375e+00,7.745944371475891321e-01
2.224999999999918820e+00,7.745944371475891321e-01
2.225999999999919154e+00,7.745944371475891321e-01
2.226999999999918600e+00,7.745944371475891321e-01
2.227999999999918934e+00,7.745944371475891321e-01
2.228999999999918380e+00,7.745944371475891321e-01
2.229999999999918714e+00,7.745944371475891321e-01
2.230999999999918160e+00,7.745944371475891321e-01
2.231999999999918494e+00,7.745944371475891321e-01
2.232999999999917939e+00,7.745944371475891321e-01
2.233999999999918273e+00,7.745944371475891321e-01
2.234999999999917719e+00,7.745944371475891321e-01
2.235999999999918053e+00,7.745944371475891321e-01
2.236999999999917499e+00,7.745944371475891321e-01
2.237999999999917833e+00,7.745944371475891321e-01
2.238999999999917279e+00,7.745944371475891321e-01
2.239999999999917613e+00,7.745944371475891321e-01
2.240999999999917058e+00,7.745944371475891321e-01
2.241999999999917392e+00,7.745944371475891321e-01
2.242999999999916838e+00,7.745944371475891321e-01
2.243999999999917172e+00,7.745944371475891321e-01
2.244999999999916618e+00,7.745944371475891321e-01
2.245999999999916952e+00,7.745944371475891321e-01
2.246999999999916398e+00,7.745944371475891321e-01
2.247999999999916731e+00,7.745944371475891321e-01
2.248999999999916177e+00,7.745944371475891321e-01
2.249999999999916511e+00,7.745944371475891321e-01
2.250999999999915957e+00,7.745944371475891321e-01
2.251999999999916291e+00,7.745944371475891321e-01
2.252999999999915737e+00,7.745944371475891321e-01
2.253999999999916071e+00,7.745944371475891321e-01
2.254999999999915516e+00,7.745944371475891321e-01
2.255999999999915850e+00,7.745944371475891321e-01
2.256999999999915296e+00,7.745944371475891321e-01
2.257999999999915630e+00,7.745944371475891321e-01
2.258999999999915076e+00,7.745944371475891321e-01
2.259999999999915410e+00,7.745944371475891321e-01
2.260999999999914856e+00,7.745944371475891321e-01
2.261999999999915190e+00,7.745944371475891321e-01
2.262999999999914635e+00,7.745944371475891321e-01
2.263999999999914969e+00,7.745944371475891321e-01
2.264999999999914415e+00,7.745944371475891321e-01
2.265999999999914749e+00,7.745944371475891321e-01
2.266999999999914195e+00,7.745944371475891321e-01
2.267999999999914529e+00,7.745944371475891321e-01
2.268999999999913975e+00,7.745944371475891321e-01
2.269999999999914309e+00,7.745944371475891321e-01
2.270999999999913754e+00,7.745944371475891321e-01
2.271999999999914088e+00,7.745944371475891321e-01
2.272999999999913534e+00,7.745944371475891321e-01
2.273999999999913868e+00,7.745944371475891321e-01
2.274999999999913314e+00,7.745944371475891321e-01
2.275999999999913648e+00,7.745944371475891321e-01
2.276999999999913094e+00,7.745944371475891321e-01
2.277999999999913427e+00,7.745944371475891321e-01
2.278999999999912873e+00,7.745944371475891321e-01
2.279999999999913207e+00,7.745944371475891321e-01
2.280999999999912653e+00,7.745944371475891321e-01
2.281999999999912987e+00,7.745944371475891321e-01
2.282999999999912433e+00,7.745944371475891321e-01
2.283999999999912767e+00,7.745944371475891321e-01
2.284999999999912212e+00,7.745944371475891321e-01
2.285999999999912546e+00,7.745944371475891321e-01
2.286999999999911992e+00,7.745944371475891321e-01
2.287999999999912326e+00,7.745944371475891321e-01
2.288999999999911772e+00,7.745944371475891321e-01
2.289999999999912106e+00,7.745944371475891321e-01
2.290999999999911552e+00,7.745944371475891321e-01
2.291999999999911886e+00,7.745944371475891321e-01
2.292999999999911331e+00,7.745944371475891321e-01
2.293999999999911665e+00,7.745944371475891321e-01
2.294999999999911111e+00,7.745944371475891321e-01
2.295999999999911445e+00,7.745944371475891321e-01
2.296999999999910891e+00,7.745944371475891321e-01
2.297999999999911225e+00,7.745944371475891321e-01
2.298999999999910671e+00,7.745944371475891321e-01
2.299999999999911005e+00,7.745944371475891321e-01
2.300999999999910450e+00,7.745944371475891321e-01
2.301999999999910784e+00,7.745944371475891321e-01
2.302999999999910230e+00,7.745944371475891321e-01
2.303999999999910564e+00,7.745944371475891321e-01
2.304999999999910010e+00,7.745944371475891321e-01
2.305999999999910344e+00,7.745944371475891321e-01
2.306999999999909789e+00,7.745944371475891321e-01
2.307999999999910123e+00,7.745944371475891321e-01
2.308999999999909569e+00,7.745944371475891321e-01
2.309999999999909903e+00,7.745944371475891321e-01
2.310999999999909349e+00,7.745944371475891321e-01
2.311999999999909683e+00,7.745944371475891321e-01
2.312999999999909129e+00,7.745944371475891321e-01
2.313999999999909463e+00,7.745944371475891321e-01
2.314999999999908908e+00,7.745944371475891321e-01
2.315999999999909242e+00,7.745944371475891321e-01
2.316999999999908688e+00,7.745944371475891321e-01
2.317999999999909022e+00,7.745944371475891321e-01
2.318999999999908468e+00,7.745944371475891321e-01
2.319999999999908802e+00,7.745944371475891321e-01
2.320999999999908248e+00,7.745944371475891321e-01
2.321999999999908582e+00,7.745944371475891321e-01
2.322999999999908027e+00,7.745944371475891321e-01
2.323999999999908361e+00,7.745944371475891321e-01
2.324999999999907807e+00,7.745944371475891321e-01
2.325999999999908141e+00,7.745944371475891321e-01
2.326999999999907587e+00,7.745944371475891321e-01
2.327999999999907921e+00,7.745944371475891321e-01
2.328999999999907367e+00,7.745944371475891321e-01
2.329999999999907700e+00,7.745944371475891321e-01
2.330999999999907146e+00,7.745944371475891321e-01
2.331999999999907480e+00,7.745944371475891321e-01
2.332999999999906926e+00,7.745944371475891321e-01
2.333999999999907260e+00,7.745944371475891321e-01
2.334999999999906706e+00,7.745944371475891321e-01
2.335999999999907040e+00,7.745944371475891321e-01
2.336999999999906485e+00,7.745944371475891321e-01
2.337999999999906819e+00,7.745944371475891321e-01
2.338999999999906265e+00,7.745944371475891321e-01
2.339999999999906599e+00,7.745944371475891321e-01
2.340999999999906045e+00,7.745944371475891321e-01
2.341999999999906379e+00,7.745944371475891321e-01
2.342999999999905825e+00,7.745944371475891321e-01
2.343999999999906159e+00,7.745944371475891321e-01
2.344999999999905604e+00,7.745944371475891321e-01
2.345999999999905938e+00,7.745944371475891321e-01
2.346999999999905384e+00,7.745944371475891321e-01
2.347999999999905718e+00,7.745944371475891321e-01
2.348999999999905164e+00,7.745944371475891321e-01
2.349999999999905498e+00,7.745944371475891321e-01
2.350999999999904944e+00,7.745944371475891321e-01
2.351999999999905278e+00,7.745944371475891321e-01
2.352999999999904723e+00,7.745944371475891321e-01
2.353999999999905057e+00,7.745944371475891321e-01
2.354999999999904503e+00,7.745944371475891321e-01
2.355999999999904837e+00,7.745944371475891321e-01
2.356999999999904283e+00,7.745944371475891321e-01
2.357999999999904617e+00,7.745944371475891321e-01
2.358999999999904063e+00,7.745944371475891321e-01
2.359999999999904396e+00,7.745944371475891321e-01
2.360999999999903842e+00,7.745944371475891321e-01
2.361999999999904176e+00,7.745944371475891321e-01
2.362999999999903622e+00,7.745944371475891321e-01
2.363999999999903956e+00,7.745944371475891321e-01
2.364999999999903402e+00,7.745944371475891321e-01
2.365999999999903736e+00,7.745944371475891321e-01
2.366999999999903181e+00,7.745944371475891321e-01
2.367999999999903515e+00,7.745944371475891321e-01
2.368999999999902961e+00,7.745944371475891321e-01
2.369999999999903295e+00,7.745944371475891321e-01
2.370999999999902741e+00,7.745944371475891321e-01
2.371999999999903075e+00,7.745944371475891321e-01
2.372999999999902521e+00,7.745944371475891321e-01
2.373999999999902855e+00,7.745944371475891321e-01
2.374999999999902300e+00,7.745944371475891321e-01
2.375999999999902634e+00,7.745944371475891321e-01
2.376999999999902080e+00,7.745944371475891321e-01
2.377999999999902414e+00,7.745944371475891321e-01
2.378999999999901860e+00,7.745944371475891321e-01
2.379999999999902194e+00,7.745944371475891321e-01
2.380999999999901640e+00,7.745944371475891321e-01
2.381999999999901974e+00,7.745944371475891321e-01
2.382999999999901419e+00,7.745944371475891321e-01
2.383999999999901753e+00,7.745944371475891321e-01
2.384999999999901199e+00,7.745944371475891321e-01
2.385999999999901533e+00,7.745944371475891321e-01
2.386999999999900979e+00,7.745944371475891321e-01
2.387999999999901313e+00,7.745944371475891321e-01
2.388999999999900758e+00,7.745944371475891321e-01
2.389999999999901092e+00,7.745944371475891321e-01
2.390999999999900538e+00,7.745944371475891321e-01
2.391999999999900872e+00,7.745944371475891321e-01
2.392999999999900318e+00,7.745944371475891321e-01
2.393999999999900652e+00,7.745944371475891321e-01
2.394999999999900098e+00,7.745944371475891321e-01
2.395999999999900432e+00,7.745944371475891321e-01
2.396999999999899877e+00,7.745944371475891321e-01
2.397999999999900211e+00,7.745944371475891321e-01
2.398999999999899657e+00,7.745944371475891321e-01
2.399999999999899991e+00,7.745944371475891321e-01
2.400999999999899437e+00,7.745944371475891321e-01
2.401999999999899771e+00,7.745944371475891321e-01
2.402999999999899217e+00,7.745944371475891321e-01
2.403999999999899551e+00,7.745944371475891321e-01
2.404999999999898996e+00,7.745944371475891321e-01
2.405999999999899330e+00,7.745944371475891321e-01
2.406999999999898776e+00,7.745944371475891321e-01
2.407999999999899110e+00,7.745944371475891321e-01
2.408999999999898556e+00,7.745944371475891321e-01
2.409999999999898890e+00,7.745944371475891321e-01
2.410999999999898336e+00,7.745944371475891321e-01
2.411999999999898670e+00,7.745944371475891321e-01
2.412999999999898115e+00,7.745944371475891321e-01
2.413999999999898449e+00,7.745944371475891321e-01
2.414999999999897895e+00,7.745944371475891321e-01
2.415999999999898229e+00,7.745944371475891321e-01
2.416999999999897675e+00,7.745944371475891321e-01
2.417999999999898009e+00,7.745944371475891321e-01
2.418999999999897454e+00,7.745944371475891321e-01
2.419999999999897788e+00,7.745944371475891321e-01
2.420999999999897234e+00,7.745944371475891321e-01
2.421999999999897568e+00,7.745944371475891321e-01
2.422999999999897014e+00,7.745944371475891321e-01
2.423999999999897348e+00,7.745944371475891321e-01
2.424999999999896794e+00,7.745944371475891321e-01
2.425999999999897128e+00,7.745944371475891321e-01
2.426999999999896573e+00,7.745944371475891321e-01
2.427999999999896907e+00,7.745944371475891321e-01
2.428999999999896353e+00,7.745944371475891321e-01
2.429999999999896687e+00,7.745944371475891321e-01
2.430999999999896133e+00,7.745944371475891321e-01
2.431999999999896467e+00,7.745944371475891321e-01
2.432999999999895913e+00,7.745944371475891321e-01
2.433999999999896247e+00,7.745944371475891321e-01
2.434999999999895692e+00,7.745944371475891321e-01
2.435999999999896026e+00,7.745944371475891321e-01
2.436999999999895472e+00,7.745944371475891321e-01
2.437999999999895806e+00,7.745944371475891321e-01
2.438999999999895252e+00,7.745944371475891321e-01
2.439999999999895586e+00,7.745944371475891321e-01
2.440999999999895032e+00,7.745944371475891321e-01
2.441999999999895365e+00,7.745944371475891321e-01
2.442999999999894811e+00,7.745944371475891321e-01
2.443999999999895145e+00,7.745944371475891321e-01
2.444999999999894591e+00,7.745944371475891321e-01
2.445999999999894925e+00,7.745944371475891321e-01
2.446999999999894371e+00,7.745944371475891321e-01
2.447999999999894705e+00,7.745944371475891321e-01
2.448999999999894150e+00,7.745944371475891321e-01
2.449999999999894484e+00,7.745944371475891321e-01
2.450999999999893930e+00,7.745944371475891321e-01
2.451999999999894264e+00,7.745944371475891321e-01
2.452999999999893710e+00,7.745944371475891321e-01
2.453999999999894044e+00,7.745944371475891321e-01
2.454999999999893490e+00,7.745944371475891321e-01
2.455999999999893824e+00,7.745944371475891321e-01
2.456999999999893269e+00,7.745944371475891321e-01
2.457999999999893603e+00,7.745944371475891321e-01
2.458999999999893049e+00,7.745944371475891321e-01
2.459999999999893383e+00,7.745944371475891321e-01
2.460999999999892829e+00,7.745944371475891321e-01
2.461999999999893163e+00,7.745944371475891321e-01
2.462999999999892609e+00,7.745944371475891321e-01
2.463999999999892943e+00,7.745944371475891321e-01
2.464999999999892388e+00,7.745944371475891321e-01
2.465999999999892722e+00,7.745944371475891321e-01
2.466999999999892168e+00,7.745944371475891321e-01
2.467999999999892502e+00,7.745944371475891321e-01
2.468999999999891948e+00,7.745944371475891321e-01
2.469999999999892282e+00,7.745944371475891321e-01
2.470999999999891727e+00,7.745944371475891321e-01
2.471999999999892061e+00,7.745944371475891321e-01
2.472999999999891507e+00,7.745944371475891321e-01
2.473999999999891841e+00,7.745944371475891321e-01
2.474999999999891287e+00,7.745944371475891321e-01
2.475999999999891621e+00,7.745944371475891321e-01
2.476999999999891067e+00,7.745944371475891321e-01
2.477999999999891401e+00,7.745944371475891321e-01
2.478999999999890846e+00,7.745944371475891321e-01
2.479999999999891180e+00,7.745944371475891321e-01
2.480999999999890626e+00,7.745944371475891321e-01
2.481999999999890960e+00,7.745944371475891321e-01
2.482999999999890406e+00,7.745944371475891321e-01
2.483999999999890740e+00,7.745944371475891321e-01
2.484999999999890186e+00,7.745944371475891321e-01
2.485999999999890520e+00,7.745944371475891321e-01
2.486999999999889965e+00,7.745944371475891321e-01
2.487999999999890299e+00,7.745944371475891321e-01
2.488999999999889745e+00,7.745944371475891321e-01
2.489999999999890079e+00,7.745944371475891321e-01
2.490999999999889525e+00,7.745944371475891321e-01
2.491999999999889859e+00,7.745944371475891321e-01
2.492999999999889305e+00,7.745944371475891321e-01
2.493999999999889639e+00,7.745944371475891321e-01
2.494999999999889084e+00,7.745944371475891321e-01
2.495999999999889418e+00,7.745944371475891321e-01
2.496999999999888864e+00,7.745944371475891321e-01
2.497999999999889198e+00,7.745944371475891321e-01
2.498999999999888644e+00,7.745944371475891321e-01
