Wavelength,FSS99 Ag
0.9,0.9975
0.901,0.9974891
0.902,0.9974768
0.903,0.9974637
0.904,0.9974504
0.905,0.9974375
0.906,0.9974256
0.907,0.9974153
0.908,0.9974072
0.909,0.9974019
0.91,0.9974
0.911,0.9974
0.912,0.9974
0.913,0.9974
0.914,0.9974
0.915,0.9974
0.916,0.9974
0.917,0.9974
0.918,0.9974
0.919,0.9974
0.92,0.9974
0.921,0.9973956
0.922,0.997383467
0.923,0.9973652
0.924,0.9973424
0.925,0.997316667
0.926,0.9972896
0.927,0.9972628
0.928,0.997237867
0.929,0.9972164
0.93,0.9972
0.931,0.9971873
0.932,0.997175733
0.933,0.9971651
0.934,0.9971552
0.935,0.997145833
0.936,0.9971368
0.937,0.9971279
0.938,0.997118933
0.939,0.9971097
0.94,0.9971
0.941,0.9970903
0.942,0.997081067
0.943,0.9970721
0.944,0.9970632
0.945,0.997054167
0.946,0.9970448
0.947,0.9970349
0.948,0.997024267
0.949,0.9970127
0.95,0.997
0.951,0.9969848
0.952,0.9969664
0.953,0.9969456
0.954,0.9969232
0.955,0.9969
0.956,0.9968768
0.957,0.9968544
0.958,0.9968336
0.959,0.9968152
0.96,0.9968
0.961,0.9967864
0.962,0.996772533
0.963,0.9967588
0.964,0.9967456
0.965,0.996733333
0.966,0.9967224
0.967,0.9967132
0.968,0.996706133
0.969,0.9967016
0.97,0.9967
0.971,0.9967
0.972,0.9967
0.973,0.9967
0.974,0.9967
0.975,0.9967
0.976,0.9967
0.977,0.9967
0.978,0.9967
0.979,0.9967
0.98,0.9967
0.981,0.9967
0.982,0.9967
0.983,0.9967
0.984,0.9967
0.985,0.9967
0.986,0.9967
0.987,0.9967
0.988,0.9967
0.989,0.9967
0.99,0.9967
0.991,0.9967
0.992,0.9967
0.993,0.9967
0.994,0.9967
0.995,0.9967
0.996,0.9967
0.997,0.9967
0.998,0.9967
0.999,0.9967
1,0.9967
1.001,0.9967
1.002,0.9967
1.003,0.9967
1.004,0.9967
1.005,0.9967
1.006,0.9967
1.007,0.9967
1.008,0.9967
1.009,0.9967
1.01,0.9967
1.011,0.9967
1.012,0.9967
1.013,0.9967
1.014,0.9967
1.015,0.9967
1.016,0.9967
1.017,0.9967
1.018,0.9967
1.019,0.9967
1.02,0.9967
1.021,0.9967019
1.022,0.9967072
1.023,0.9967153
1.024,0.9967256
1.025,0.9967375
1.026,0.9967504
1.027,0.9967637
1.028,0.9967768
1.029,0.9967891
1.03,0.9968
1.031,0.9968109
1.032,0.9968232
1.033,0.9968363
1.034,0.9968496
1.035,0.9968625
1.036,0.9968744
1.037,0.9968847
1.038,0.9968928
1.039,0.9968981
1.04,0.9969
1.041,0.9969
1.042,0.9969
1.043,0.9969
1.044,0.9969
1.045,0.9969
1.046,0.9969
1.047,0.9969
1.048,0.9969
1.049,0.9969
1.05,0.9969
1.051,0.9969028
1.052,0.9969104
1.053,0.9969216
1.054,0.9969352
1.055,0.99695
1.056,0.9969648
1.057,0.9969784
1.058,0.9969896
1.059,0.9969972
1.06,0.997
1.061,0.9969984
1.062,0.996993867
1.063,0.9969868
1.064,0.9969776
1.065,0.996966667
1.066,0.9969544
1.067,0.9969412
1.068,0.996927467
1.069,0.9969136
1.07,0.9969
1.071,0.9968848
1.072,0.9968664
1.073,0.9968456
1.074,0.9968232
1.075,0.9968
1.076,0.9967768
1.077,0.9967544
1.078,0.9967336
1.079,0.9967152
1.08,0.9967
1.081,0.9966873
1.082,0.996675733
1.083,0.9966651
1.084,0.9966552
1.085,0.996645833
1.086,0.9966368
1.087,0.9966279
1.088,0.996618933
1.089,0.9966097
1.09,0.9966
1.091,0.9965903
1.092,0.996581067
1.093,0.9965721
1.094,0.9965632
1.095,0.996554167
1.096,0.9965448
1.097,0.9965349
1.098,0.996524267
1.099,0.9965127
1.1,0.9965
1.101,0.9964848
1.102,0.9964664
1.103,0.9964456
1.104,0.9964232
1.105,0.9964
1.106,0.9963768
1.107,0.9963544
1.108,0.9963336
1.109,0.9963152
1.11,0.9963
1.111,0.9962873
1.112,0.996275733
1.113,0.9962651
1.114,0.9962552
1.115,0.996245833
1.116,0.9962368
1.117,0.9962279
1.118,0.996218933
1.119,0.9962097
1.12,0.9962
1.121,0.9961903
1.122,0.996181067
1.123,0.9961721
1.124,0.9961632
1.125,0.996154167
1.126,0.9961448
1.127,0.9961349
1.128,0.996124267
1.129,0.9961127
1.13,0.9961
1.131,0.9960848
1.132,0.9960664
1.133,0.9960456
1.134,0.9960232
1.135,0.996
1.136,0.9959768
1.137,0.9959544
1.138,0.9959336
1.139,0.9959152
1.14,0.9959
1.141,0.9958864
1.142,0.995872533
1.143,0.9958588
1.144,0.9958456
1.145,0.995833333
1.146,0.9958224
1.147,0.9958132
1.148,0.995806133
1.149,0.9958016
1.15,0.9958
1.151,0.9958
1.152,0.9958
1.153,0.9958
1.154,0.9958
1.155,0.9958
1.156,0.9958
1.157,0.9958
1.158,0.9958
1.159,0.9958
1.16,0.9958
1.161,0.9958
1.162,0.9958
1.163,0.9958
1.164,0.9958
1.165,0.9958
1.166,0.9958
1.167,0.9958
1.168,0.9958
1.169,0.9958
1.17,0.9958
1.171,0.9958
1.172,0.9958
1.173,0.9958
1.174,0.9958
1.175,0.9958
1.176,0.9958
1.177,0.9958
1.178,0.9958
1.179,0.9958
1.18,0.9958
1.181,0.9958
1.182,0.9958
1.183,0.9958
1.184,0.9958
1.185,0.9958
1.186,0.9958
1.187,0.9958
1.188,0.9958
1.189,0.9958
1.19,0.9958
1.191,0.9958
1.192,0.9958
1.193,0.9958
1.194,0.9958
1.195,0.9958
1.196,0.9958
1.197,0.9958
1.198,0.9958
1.199,0.9958
1.2,0.9958
1.201,0.9957956
1.202,0.995783467
1.203,0.9957652
1.204,0.9957424
1.205,0.995716667
1.206,0.9956896
1.207,0.9956628
1.208,0.995637867
1.209,0.9956164
1.21,0.9956
1.211,0.9955873
1.212,0.995575733
1.213,0.9955651
1.214,0.9955552
1.215,0.995545833
1.216,0.9955368
1.217,0.9955279
1.218,0.995518933
1.219,0.9955097
1.22,0.9955
1.221,0.99549
1.222,0.99548
1.223,0.99547
1.224,0.99546
1.225,0.99545
1.226,0.99544
1.227,0.99543
1.228,0.99542
1.229,0.99541
1.23,0.9954
1.231,0.99539
1.232,0.99538
1.233,0.99537
1.234,0.99536
1.235,0.99535
1.236,0.99534
1.237,0.99533
1.238,0.99532
1.239,0.99531
1.24,0.9953
1.241,0.99529
1.242,0.99528
1.243,0.99527
1.244,0.99526
1.245,0.99525
1.246,0.99524
1.247,0.99523
1.248,0.99522
1.249,0.99521
1.25,0.9952
1.251,0.9951903
1.252,0.995181067
1.253,0.9951721
1.254,0.9951632
1.255,0.995154167
1.256,0.9951448
1.257,0.9951349
1.258,0.995124267
1.259,0.9951127
1.26,0.9951
1.261,0.9950848
1.262,0.9950664
1.263,0.9950456
1.264,0.9950232
1.265,0.995
1.266,0.9949768
1.267,0.9949544
1.268,0.9949336
1.269,0.9949152
1.27,0.9949
1.271,0.9948873
1.272,0.994875733
1.273,0.9948651
1.274,0.9948552
1.275,0.994845833
1.276,0.9948368
1.277,0.9948279
1.278,0.994818933
1.279,0.9948097
1.28,0.9948
1.281,0.9947891
1.282,0.9947768
1.283,0.9947637
1.284,0.9947504
1.285,0.9947375
1.286,0.9947256
1.287,0.9947153
1.288,0.9947072
1.289,0.9947019
1.29,0.9947
1.291,0.9947
1.292,0.9947
1.293,0.9947
1.294,0.9947
1.295,0.9947
1.296,0.9947
1.297,0.9947
1.298,0.9947
1.299,0.9947
1.3,0.9947
1.301,0.9947
1.302,0.9947
1.303,0.9947
1.304,0.9947
1.305,0.9947
1.306,0.9947
1.307,0.9947
1.308,0.9947
1.309,0.9947
1.31,0.9947
1.311,0.9947019
1.312,0.9947072
1.313,0.9947153
1.314,0.9947256
1.315,0.9947375
1.316,0.9947504
1.317,0.9947637
1.318,0.9947768
1.319,0.9947891
1.32,0.9948
1.321,0.9948109
1.322,0.9948232
1.323,0.9948363
1.324,0.9948496
1.325,0.9948625
1.326,0.9948744
1.327,0.9948847
1.328,0.9948928
1.329,0.9948981
1.33,0.9949
1.331,0.9949
1.332,0.9949
1.333,0.9949
1.334,0.9949
1.335,0.9949
1.336,0.9949
1.337,0.9949
1.338,0.9949
1.339,0.9949
1.34,0.9949
1.341,0.9949019
1.342,0.9949072
1.343,0.9949153
1.344,0.9949256
1.345,0.9949375
1.346,0.9949504
1.347,0.9949637
1.348,0.9949768
1.349,0.9949891
1.35,0.995
1.351,0.9950109
1.352,0.9950232
1.353,0.9950363
1.354,0.9950496
1.355,0.9950625
1.356,0.9950744
1.357,0.9950847
1.358,0.9950928
1.359,0.9950981
1.36,0.9951
1.361,0.9951
1.362,0.9951
1.363,0.9951
1.364,0.9951
1.365,0.9951
1.366,0.9951
1.367,0.9951
1.368,0.9951
1.369,0.9951
1.37,0.9951
1.371,0.9951028
1.372,0.9951104
1.373,0.9951216
1.374,0.9951352
1.375,0.99515
1.376,0.9951648
1.377,0.9951784
1.378,0.9951896
1.379,0.9951972
1.38,0.9952
1.381,0.9952
1.382,0.9952
1.383,0.9952
1.384,0.9952
1.385,0.9952
1.386,0.9952
1.387,0.9952
1.388,0.9952
1.389,0.9952
1.39,0.9952
1.391,0.9952019
1.392,0.9952072
1.393,0.9952153
1.394,0.9952256
1.395,0.9952375
1.396,0.9952504
1.397,0.9952637
1.398,0.9952768
1.399,0.9952891
1.4,0.9953
1.401,0.9953109
1.402,0.9953232
1.403,0.9953363
1.404,0.9953496
1.405,0.9953625
1.406,0.9953744
1.407,0.9953847
1.408,0.9953928
1.409,0.9953981
1.41,0.9954
1.411,0.9954
1.412,0.9954
1.413,0.9954
1.414,0.9954
1.415,0.9954
1.416,0.9954
1.417,0.9954
1.418,0.9954
1.419,0.9954
1.42,0.9954
1.421,0.9954028
1.422,0.9954104
1.423,0.9954216
1.424,0.9954352
1.425,0.99545
1.426,0.9954648
1.427,0.9954784
1.428,0.9954896
1.429,0.9954972
1.43,0.9955
1.431,0.9955
1.432,0.9955
1.433,0.9955
1.434,0.9955
1.435,0.9955
1.436,0.9955
1.437,0.9955
1.438,0.9955
1.439,0.9955
1.44,0.9955
1.441,0.9955019
1.442,0.9955072
1.443,0.9955153
1.444,0.9955256
1.445,0.9955375
1.446,0.9955504
1.447,0.9955637
1.448,0.9955768
1.449,0.9955891
1.45,0.9956
1.451,0.99561
1.452,0.99562
1.453,0.99563
1.454,0.99564
1.455,0.99565
1.456,0.99566
1.457,0.99567
1.458,0.99568
1.459,0.99569
1.46,0.9957
1.461,0.9957109
1.462,0.9957232
1.463,0.9957363
1.464,0.9957496
1.465,0.9957625
1.466,0.9957744
1.467,0.9957847
1.468,0.9957928
1.469,0.9957981
1.47,0.9958
1.471,0.9958
1.472,0.9958
1.473,0.9958
1.474,0.9958
1.475,0.9958
1.476,0.9958
1.477,0.9958
1.478,0.9958
1.479,0.9958
1.48,0.9958
1.481,0.9958
1.482,0.9958
1.483,0.9958
1.484,0.9958
1.485,0.9958
1.486,0.9958
1.487,0.9958
1.488,0.9958
1.489,0.9958
1.49,0.9958
1.491,0.9958
1.492,0.9958
1.493,0.9958
1.494,0.9958
1.495,0.9958
1.496,0.9958
1.497,0.9958
1.498,0.9958
1.499,0.9958
1.5,0.9958
1.501,0.9958
1.502,0.9958
1.503,0.9958
1.504,0.9958
1.505,0.9958
1.506,0.9958
1.507,0.9958
1.508,0.9958
1.509,0.9958
1.51,0.9958
1.511,0.9958
1.512,0.9958
1.513,0.9958
1.514,0.9958
1.515,0.9958
1.516,0.9958
1.517,0.9958
1.518,0.9958
1.519,0.9958
1.52,0.9958
1.521,0.9958
1.522,0.9958
1.523,0.9958
1.524,0.9958
1.525,0.9958
1.526,0.9958
1.527,0.9958
1.528,0.9958
1.529,0.9958
1.53,0.9958
1.531,0.9958019
1.532,0.9958072
1.533,0.9958153
1.534,0.9958256
1.535,0.9958375
1.536,0.9958504
1.537,0.9958637
1.538,0.9958768
1.539,0.9958891
1.54,0.9959
1.541,0.99591
1.542,0.99592
1.543,0.99593
1.544,0.99594
1.545,0.99595
1.546,0.99596
1.547,0.99597
1.548,0.99598
1.549,0.99599
1.55,0.996
1.551,0.99601
1.552,0.99602
1.553,0.99603
1.554,0.99604
1.555,0.99605
1.556,0.99606
1.557,0.99607
1.558,0.99608
1.559,0.99609
1.56,0.9961
1.561,0.99611
1.562,0.99612
1.563,0.99613
1.564,0.99614
1.565,0.99615
1.566,0.99616
1.567,0.99617
1.568,0.99618
1.569,0.99619
1.57,0.9962
1.571,0.99621
1.572,0.99622
1.573,0.99623
1.574,0.99624
1.575,0.99625
1.576,0.99626
1.577,0.99627
1.578,0.99628
1.579,0.99629
1.58,0.9963
1.581,0.99631
1.582,0.99632
1.583,0.99633
1.584,0.99634
1.585,0.99635
1.586,0.99636
1.587,0.99637
1.588,0.99638
1.589,0.99639
1.59,0.9964
1.591,0.99641
1.592,0.99642
1.593,0.99643
1.594,0.99644
1.595,0.99645
1.596,0.99646
1.597,0.99647
1.598,0.99648
1.599,0.99649
1.6,0.9965
1.601,0.9965109
1.602,0.9965232
1.603,0.9965363
1.604,0.9965496
1.605,0.9965625
1.606,0.9965744
1.607,0.9965847
1.608,0.9965928
1.609,0.9965981
1.61,0.9966
1.611,0.9966
1.612,0.9966
1.613,0.9966
1.614,0.9966
1.615,0.9966
1.616,0.9966
1.617,0.9966
1.618,0.9966
1.619,0.9966
1.62,0.9966
1.621,0.9966028
1.622,0.9966104
1.623,0.9966216
1.624,0.9966352
1.625,0.99665
1.626,0.9966648
1.627,0.9966784
1.628,0.9966896
1.629,0.9966972
1.63,0.9967
1.631,0.9967
1.632,0.9967
1.633,0.9967
1.634,0.9967
1.635,0.9967
1.636,0.9967
1.637,0.9967
1.638,0.9967
1.639,0.9967
1.64,0.9967
1.641,0.9967
1.642,0.9967
1.643,0.9967
1.644,0.9967
1.645,0.9967
1.646,0.9967
1.647,0.9967
1.648,0.9967
1.649,0.9967
1.65,0.9967
1.651,0.9967
1.652,0.9967
1.653,0.9967
1.654,0.9967
1.655,0.9967
1.656,0.9967
1.657,0.9967
1.658,0.9967
1.659,0.9967
1.66,0.9967
1.661,0.9967
1.662,0.9967
1.663,0.9967
1.664,0.9967
1.665,0.9967
1.666,0.9967
1.667,0.9967
1.668,0.9967
1.669,0.9967
1.67,0.9967
1.671,0.9967
1.672,0.9967
1.673,0.9967
1.674,0.9967
1.675,0.9967
1.676,0.9967
1.677,0.9967
1.678,0.9967
1.679,0.9967
1.68,0.9967
1.681,0.9967
1.682,0.9967
1.683,0.9967
1.684,0.9967
1.685,0.9967
1.686,0.9967
1.687,0.9967
1.688,0.9967
1.689,0.9967
1.69,0.9967
1.691,0.9967
1.692,0.9967
1.693,0.9967
1.694,0.9967
1.695,0.9967
1.696,0.9967
1.697,0.9967
1.698,0.9967
1.699,0.9967
1.7,0.9967
1.701,0.9967019
1.702,0.9967072
1.703,0.9967153
1.704,0.9967256
1.705,0.9967375
1.706,0.9967504
1.707,0.9967637
1.708,0.9967768
1.709,0.9967891
1.71,0.9968
1.711,0.9968109
1.712,0.9968232
1.713,0.9968363
1.714,0.9968496
1.715,0.9968625
1.716,0.9968744
1.717,0.9968847
1.718,0.9968928
1.719,0.9968981
1.72,0.9969
1.721,0.9969
1.722,0.9969
1.723,0.9969
1.724,0.9969
1.725,0.9969
1.726,0.9969
1.727,0.9969
1.728,0.9969
1.729,0.9969
1.73,0.9969
1.731,0.9969028
1.732,0.9969104
1.733,0.9969216
1.734,0.9969352
1.735,0.99695
1.736,0.9969648
1.737,0.9969784
1.738,0.9969896
1.739,0.9969972
1.74,0.997
1.741,0.997
1.742,0.997
1.743,0.997
1.744,0.997
1.745,0.997
1.746,0.997
1.747,0.997
1.748,0.997
1.749,0.997
1.75,0.997
1.751,0.9970019
1.752,0.9970072
1.753,0.9970153
1.754,0.9970256
1.755,0.9970375
1.756,0.9970504
1.757,0.9970637
1.758,0.9970768
1.759,0.9970891
1.76,0.9971
1.761,0.99711
1.762,0.99712
1.763,0.99713
1.764,0.99714
1.765,0.99715
1.766,0.99716
1.767,0.99717
1.768,0.99718
1.769,0.99719
1.77,0.9972
1.771,0.99721
1.772,0.99722
1.773,0.99723
1.774,0.99724
1.775,0.99725
1.776,0.99726
1.777,0.99727
1.778,0.99728
1.779,0.99729
1.78,0.9973
1.781,0.99731
1.782,0.99732
1.783,0.99733
1.784,0.99734
1.785,0.99735
1.786,0.99736
1.787,0.99737
1.788,0.99738
1.789,0.99739
1.79,0.9974
1.791,0.99741
1.792,0.99742
1.793,0.99743
1.794,0.99744
1.795,0.99745
1.796,0.99746
1.797,0.99747
1.798,0.99748
1.799,0.99749
1.8,0.9975
1.801,0.9975109
1.802,0.9975232
1.803,0.9975363
1.804,0.9975496
1.805,0.9975625
1.806,0.9975744
1.807,0.9975847
1.808,0.9975928
1.809,0.9975981
1.81,0.9976
1.811,0.9976
1.812,0.9976
1.813,0.9976
1.814,0.9976
1.815,0.9976
1.816,0.9976
1.817,0.9976
1.818,0.9976
1.819,0.9976
1.82,0.9976
1.821,0.9976
1.822,0.9976
1.823,0.9976
1.824,0.9976
1.825,0.9976
1.826,0.9976
1.827,0.9976
1.828,0.9976
1.829,0.9976
1.83,0.9976
1.831,0.9976
1.832,0.9976
1.833,0.9976
1.834,0.9976
1.835,0.9976
1.836,0.9976
1.837,0.9976
1.838,0.9976
1.839,0.9976
1.84,0.9976
1.841,0.9976
1.842,0.9976
1.843,0.9976
1.844,0.9976
1.845,0.9976
1.846,0.9976
1.847,0.9976
1.848,0.9976
1.849,0.9976
1.85,0.9976
1.851,0.9976
1.852,0.9976
1.853,0.9976
1.854,0.9976
1.855,0.9976
1.856,0.9976
1.857,0.9976
1.858,0.9976
1.859,0.9976
1.86,0.9976
1.861,0.9976
1.862,0.9976
1.863,0.9976
1.864,0.9976
1.865,0.9976
1.866,0.9976
1.867,0.9976
1.868,0.9976
1.869,0.9976
1.87,0.9976
1.871,0.9976019
1.872,0.9976072
1.873,0.9976153
1.874,0.9976256
1.875,0.9976375
1.876,0.9976504
1.877,0.9976637
1.878,0.9976768
1.879,0.9976891
1.88,0.9977
1.881,0.9977109
1.882,0.9977232
1.883,0.9977363
1.884,0.9977496
1.885,0.9977625
1.886,0.9977744
1.887,0.9977847
1.888,0.9977928
1.889,0.9977981
1.89,0.9978
1.891,0.9978
1.892,0.9978
1.893,0.9978
1.894,0.9978
1.895,0.9978
1.896,0.9978
1.897,0.9978
1.898,0.9978
1.899,0.9978
1.9,0.9978
1.901,0.9978028
1.902,0.9978104
1.903,0.9978216
1.904,0.9978352
1.905,0.99785
1.906,0.9978648
1.907,0.9978784
1.908,0.9978896
1.909,0.9978972
1.91,0.9979
1.911,0.9978972
1.912,0.9978896
1.913,0.9978784
1.914,0.9978648
1.915,0.99785
1.916,0.9978352
1.917,0.9978216
1.918,0.9978104
1.919,0.9978028
1.92,0.9978
1.921,0.9978
1.922,0.9978
1.923,0.9978
1.924,0.9978
1.925,0.9978
1.926,0.9978
1.927,0.9978
1.928,0.9978
1.929,0.9978
1.93,0.9978
1.931,0.9977972
1.932,0.9977896
1.933,0.9977784
1.934,0.9977648
1.935,0.99775
1.936,0.9977352
1.937,0.9977216
1.938,0.9977104
1.939,0.9977028
1.94,0.9977
1.941,0.9977
1.942,0.9977
1.943,0.9977
1.944,0.9977
1.945,0.9977
1.946,0.9977
1.947,0.9977
1.948,0.9977
1.949,0.9977
1.95,0.9977
1.951,0.9976972
1.952,0.9976896
1.953,0.9976784
1.954,0.9976648
1.955,0.99765
1.956,0.9976352
1.957,0.9976216
1.958,0.9976104
1.959,0.9976028
1.96,0.9976
1.961,0.9976028
1.962,0.9976104
1.963,0.9976216
1.964,0.9976352
1.965,0.99765
1.966,0.9976648
1.967,0.9976784
1.968,0.9976896
1.969,0.9976972
1.97,0.9977
1.971,0.9977
1.972,0.9977
1.973,0.9977
1.974,0.9977
1.975,0.9977
1.976,0.9977
1.977,0.9977
1.978,0.9977
1.979,0.9977
1.98,0.9977
1.981,0.9977019
1.982,0.9977072
1.983,0.9977153
1.984,0.9977256
1.985,0.9977375
1.986,0.9977504
1.987,0.9977637
1.988,0.9977768
1.989,0.9977891
1.99,0.9978
1.991,0.9978109
1.992,0.9978232
1.993,0.9978363
1.994,0.9978496
1.995,0.9978625
1.996,0.9978744
1.997,0.9978847
1.998,0.9978928
1.999,0.9978981
2,0.9979
2.001,0.9979
2.002,0.9979
2.003,0.9979
2.004,0.9979
2.005,0.9979
2.006,0.9979
2.007,0.9979
2.008,0.9979
2.009,0.9979
2.01,0.9979
2.011,0.9979
2.012,0.9979
2.013,0.9979
2.014,0.9979
2.015,0.9979
2.016,0.9979
2.017,0.9979
2.018,0.9979
2.019,0.9979
2.02,0.9979
2.021,0.9979
2.022,0.9979
2.023,0.9979
2.024,0.9979
2.025,0.9979
2.026,0.9979
2.027,0.9979
2.028,0.9979
2.029,0.9979
2.03,0.9979
2.031,0.9979
2.032,0.9979
2.033,0.9979
2.034,0.9979
2.035,0.9979
2.036,0.9979
2.037,0.9979
2.038,0.9979
2.039,0.9979
2.04,0.9979
2.041,0.9979
2.042,0.9979
2.043,0.9979
2.044,0.9979
2.045,0.9979
2.046,0.9979
2.047,0.9979
2.048,0.9979
2.049,0.9979
2.05,0.9979
2.051,0.9979
2.052,0.9979
2.053,0.9979
2.054,0.9979
2.055,0.9979
2.056,0.9979
2.057,0.9979
2.058,0.9979
2.059,0.9979
2.06,0.9979
2.061,0.9979028
2.062,0.9979104
2.063,0.9979216
2.064,0.9979352
2.065,0.99795
2.066,0.9979648
2.067,0.9979784
2.068,0.9979896
2.069,0.9979972
2.07,0.998
2.071,0.998
2.072,0.998
2.073,0.998
2.074,0.998
2.075,0.998
2.076,0.998
2.077,0.998
2.078,0.998
2.079,0.998
2.08,0.998
2.081,0.9980028
2.082,0.9980104
2.083,0.9980216
2.084,0.9980352
2.085,0.99805
2.086,0.9980648
2.087,0.9980784
2.088,0.9980896
2.089,0.9980972
2.09,0.9981
2.091,0.9981
2.092,0.9981
2.093,0.9981
2.094,0.9981
2.095,0.9981
2.096,0.9981
2.097,0.9981
2.098,0.9981
2.099,0.9981
2.1,0.9981
2.101,0.9981028
2.102,0.9981104
2.103,0.9981216
2.104,0.9981352
2.105,0.99815
2.106,0.9981648
2.107,0.9981784
2.108,0.9981896
2.109,0.9981972
2.11,0.9982
2.111,0.9982
2.112,0.9982
2.113,0.9982
2.114,0.9982
2.115,0.9982
2.116,0.9982
2.117,0.9982
2.118,0.9982
2.119,0.9982
2.12,0.9982
2.121,0.9982
2.122,0.9982
2.123,0.9982
2.124,0.9982
2.125,0.9982
2.126,0.9982
2.127,0.9982
2.128,0.9982
2.129,0.9982
2.13,0.9982
2.131,0.9982
2.132,0.9982
2.133,0.9982
2.134,0.9982
2.135,0.9982
2.136,0.9982
2.137,0.9982
2.138,0.9982
2.139,0.9982
2.14,0.9982
2.141,0.9982
2.142,0.9982
2.143,0.9982
2.144,0.9982
2.145,0.9982
2.146,0.9982
2.147,0.9982
2.148,0.9982
2.149,0.9982
2.15,0.9982
2.151,0.9982
2.152,0.9982
2.153,0.9982
2.154,0.9982
2.155,0.9982
2.156,0.9982
2.157,0.9982
2.158,0.9982
2.159,0.9982
2.16,0.9982
2.161,0.9982
2.162,0.9982
2.163,0.9982
2.164,0.9982
2.165,0.9982
2.166,0.9982
2.167,0.9982
2.168,0.9982
2.169,0.9982
2.17,0.9982
2.171,0.9982028
2.172,0.9982104
2.173,0.9982216
2.174,0.9982352
2.175,0.99825
2.176,0.9982648
2.177,0.9982784
2.178,0.9982896
2.179,0.9982972
2.18,0.9983
2.181,0.9983
2.182,0.9983
2.183,0.9983
2.184,0.9983
2.185,0.9983
2.186,0.9983
2.187,0.9983
2.188,0.9983
2.189,0.9983
2.19,0.9983
2.191,0.9983028
2.192,0.9983104
2.193,0.9983216
2.194,0.9983352
2.195,0.99835
2.196,0.9983648
2.197,0.9983784
2.198,0.9983896
2.199,0.9983972
2.2,0.9984
2.201,0.9984
2.202,0.9984
2.203,0.9984
2.204,0.9984
2.205,0.9984
2.206,0.9984
2.207,0.9984
2.208,0.9984
2.209,0.9984
2.21,0.9984
2.211,0.9984028
2.212,0.9984104
2.213,0.9984216
2.214,0.9984352
2.215,0.99845
2.216,0.9984648
2.217,0.9984784
2.218,0.9984896
2.219,0.9984972
2.22,0.9985
2.221,0.9985
2.222,0.9985
2.223,0.9985
2.224,0.9985
2.225,0.9985
2.226,0.9985
2.227,0.9985
2.228,0.9985
2.229,0.9985
2.23,0.9985
2.231,0.9985
2.232,0.9985
2.233,0.9985
2.234,0.9985
2.235,0.9985
2.236,0.9985
2.237,0.9985
2.238,0.9985
2.239,0.9985
2.24,0.9985
2.241,0.9984972
2.242,0.9984896
2.243,0.9984784
2.244,0.9984648
2.245,0.99845
2.246,0.9984352
2.247,0.9984216
2.248,0.9984104
2.249,0.9984028
2.25,0.9984
2.251,0.9984
2.252,0.9984
2.253,0.9984
2.254,0.9984
2.255,0.9984
2.256,0.9984
2.257,0.9984
2.258,0.9984
2.259,0.9984
2.26,0.9984
2.261,0.9983981
2.262,0.9983928
2.263,0.9983847
2.264,0.9983744
2.265,0.9983625
2.266,0.9983496
2.267,0.9983363
2.268,0.9983232
2.269,0.9983109
2.27,0.9983
2.271,0.9982891
2.272,0.9982768
2.273,0.9982637
2.274,0.9982504
2.275,0.9982375
2.276,0.9982256
2.277,0.9982153
2.278,0.9982072
2.279,0.9982019
2.28,0.9982
2.281,0.9982
2.282,0.9982
2.283,0.9982
2.284,0.9982
2.285,0.9982
2.286,0.9982
2.287,0.9982
2.288,0.9982
2.289,0.9982
2.29,0.9982
2.291,0.9982019
2.292,0.9982072
2.293,0.9982153
2.294,0.9982256
2.295,0.9982375
2.296,0.9982504
2.297,0.9982637
2.298,0.9982768
2.299,0.9982891
2.3,0.9983
2.301,0.9983109
2.302,0.9983232
2.303,0.9983363
2.304,0.9983496
2.305,0.9983625
2.306,0.9983744
2.307,0.9983847
2.308,0.9983928
2.309,0.9983981
2.31,0.9984
2.311,0.9984
2.312,0.9984
2.313,0.9984
2.314,0.9984
2.315,0.9984
2.316,0.9984
2.317,0.9984
2.318,0.9984
2.319,0.9984
2.32,0.9984
2.321,0.9984028
2.322,0.9984104
2.323,0.9984216
2.324,0.9984352
2.325,0.99845
2.326,0.9984648
2.327,0.9984784
2.328,0.9984896
2.329,0.9984972
2.33,0.9985
2.331,0.9985
2.332,0.9985
2.333,0.9985
2.334,0.9985
2.335,0.9985
2.336,0.9985
2.337,0.9985
2.338,0.9985
2.339,0.9985
2.34,0.9985
2.341,0.9985
2.342,0.9985
2.343,0.9985
2.344,0.9985
2.345,0.9985
2.346,0.9985
2.347,0.9985
2.348,0.9985
2.349,0.9985
2.35,0.9985
2.351,0.9985
2.352,0.9985
2.353,0.9985
2.354,0.9985
2.355,0.9985
2.356,0.9985
2.357,0.9985
2.358,0.9985
2.359,0.9985
2.36,0.9985
2.361,0.9985
2.362,0.9985
2.363,0.9985
2.364,0.9985
2.365,0.9985
2.366,0.9985
2.367,0.9985
2.368,0.9985
2.369,0.9985
2.37,0.9985
2.371,0.9985
2.372,0.9985
2.373,0.9985
2.374,0.9985
2.375,0.9985
2.376,0.9985
2.377,0.9985
2.378,0.9985
2.379,0.9985
2.38,0.9985
2.381,0.9985
2.382,0.9985
2.383,0.9985
2.384,0.9985
2.385,0.9985
2.386,0.9985
2.387,0.9985
2.388,0.9985
2.389,0.9985
2.39,0.9985
2.391,0.9985
2.392,0.9985
2.393,0.9985
2.394,0.9985
2.395,0.9985
2.396,0.9985
2.397,0.9985
2.398,0.9985
2.399,0.9985
2.4,0.9985
2.401,0.9985
2.402,0.9985
2.403,0.9985
2.404,0.9985
2.405,0.9985
2.406,0.9985
2.407,0.9985
2.408,0.9985
2.409,0.9985
2.41,0.9985
2.411,0.9985
2.412,0.9985
2.413,0.9985
2.414,0.9985
2.415,0.9985
2.416,0.9985
2.417,0.9985
2.418,0.9985
2.419,0.9985
2.42,0.9985
2.421,0.9985
2.422,0.9985
2.423,0.9985
2.424,0.9985
2.425,0.9985
2.426,0.9985
2.427,0.9985
2.428,0.9985
2.429,0.9985
2.43,0.9985
2.431,0.9985
2.432,0.9985
2.433,0.9985
2.434,0.9985
2.435,0.9985
2.436,0.9985
2.437,0.9985
2.438,0.9985
2.439,0.9985
2.44,0.9985
2.441,0.9985
2.442,0.9985
2.443,0.9985
2.444,0.9985
2.445,0.9985
2.446,0.9985
2.447,0.9985
2.448,0.9985
2.449,0.9985
2.45,0.9985
2.451,0.9985
2.452,0.9985
2.453,0.9985
2.454,0.9985
2.455,0.9985
2.456,0.9985
2.457,0.9985
2.458,0.9985
2.459,0.9985
2.46,0.9985
2.461,0.9985
2.462,0.9985
2.463,0.9985
2.464,0.9985
2.465,0.9985
2.466,0.9985
2.467,0.9985
2.468,0.9985
2.469,0.9985
2.47,0.9985
2.471,0.9985
2.472,0.9985
2.473,0.9985
2.474,0.9985
2.475,0.9985
2.476,0.9985
2.477,0.9985
2.478,0.9985
2.479,0.9985
2.48,0.9985
2.481,0.9985
2.482,0.9985
2.483,0.9985
2.484,0.9985
2.485,0.9985
2.486,0.9985
2.487,0.9985
2.488,0.9985
2.489,0.9985
2.49,0.9985
2.491,0.9985
2.492,0.9985
2.493,0.9985
2.494,0.9985
2.495,0.9985
2.496,0.9985
2.497,0.9985
2.498,0.9985
2.499,0.9985
2.5,0.9985
2.501,0.9985
2.502,0.9985
2.503,0.9985
2.504,0.9985
2.505,0.9985
2.506,0.9985
2.507,0.9985
2.508,0.9985
2.509,0.9985
2.51,0.9985
2.511,0.9985
2.512,0.9985
2.513,0.9985
2.514,0.9985
2.515,0.9985
2.516,0.9985
2.517,0.9985
2.518,0.9985
2.519,0.9985
2.52,0.9985
2.521,0.9985
2.522,0.9985
2.523,0.9985
2.524,0.9985
2.525,0.9985
2.526,0.9985
2.527,0.9985
2.528,0.9985
2.529,0.9985
2.53,0.9985
2.531,0.9985
2.532,0.9985
2.533,0.9985
2.534,0.9985
2.535,0.9985
2.536,0.9985
2.537,0.9985
2.538,0.9985
2.539,0.9985
2.54,0.9985
2.541,0.9985
2.542,0.9985
2.543,0.9985
2.544,0.9985
2.545,0.9985
2.546,0.9985
2.547,0.9985
2.548,0.9985
2.549,0.9985
2.55,0.9985
2.551,0.9985
2.552,0.9985
2.553,0.9985
2.554,0.9985
2.555,0.9985
2.556,0.9985
2.557,0.9985
2.558,0.9985
2.559,0.9985
2.56,0.9985
2.561,0.9985
2.562,0.9985
2.563,0.9985
2.564,0.9985
2.565,0.9985
2.566,0.9985
2.567,0.9985
2.568,0.9985
2.569,0.9985
2.57,0.9985
2.571,0.9985
2.572,0.9985
2.573,0.9985
2.574,0.9985
2.575,0.9985
2.576,0.9985
2.577,0.9985
2.578,0.9985
2.579,0.9985
2.58,0.9985
2.581,0.9985
2.582,0.9985
2.583,0.9985
2.584,0.9985
2.585,0.9985
2.586,0.9985
2.587,0.9985
2.588,0.9985
2.589,0.9985
2.59,0.9985
2.591,0.9985
2.592,0.9985
2.593,0.9985
2.594,0.9985
2.595,0.9985
2.596,0.9985
2.597,0.9985
2.598,0.9985
2.599,0.9985
2.6,0.9985
2.601,0.9985
2.602,0.9985
2.603,0.9985
2.604,0.9985
2.605,0.9985
2.606,0.9985
2.607,0.9985
2.608,0.9985
2.609,0.9985
2.61,0.9985
2.611,0.9985
2.612,0.9985
2.613,0.9985
2.614,0.9985
2.615,0.9985
2.616,0.9985
2.617,0.9985
2.618,0.9985
2.619,0.9985
2.62,0.9985
2.621,0.9985
2.622,0.9985
2.623,0.9985
2.624,0.9985
2.625,0.9985
2.626,0.9985
2.627,0.9985
2.628,0.9985
2.629,0.9985
2.63,0.9985
2.631,0.9985
2.632,0.9985
2.633,0.9985
2.634,0.9985
2.635,0.9985
2.636,0.9985
2.637,0.9985
2.638,0.9985
2.639,0.9985
2.64,0.9985
2.641,0.9985
2.642,0.9985
2.643,0.9985
2.644,0.9985
2.645,0.9985
2.646,0.9985
2.647,0.9985
2.648,0.9985
2.649,0.9985
2.65,0.9985
2.651,0.9985
2.652,0.9985
2.653,0.9985
2.654,0.9985
2.655,0.9985
2.656,0.9985
2.657,0.9985
2.658,0.9985
2.659,0.9985
2.66,0.9985
2.661,0.9985
2.662,0.9985
2.663,0.9985
2.664,0.9985
2.665,0.9985
2.666,0.9985
2.667,0.9985
2.668,0.9985
2.669,0.9985
2.67,0.9985
2.671,0.9985
2.672,0.9985
2.673,0.9985
2.674,0.9985
2.675,0.9985
2.676,0.9985
2.677,0.9985
2.678,0.9985
2.679,0.9985
2.68,0.9985
2.681,0.9985
2.682,0.9985
2.683,0.9985
2.684,0.9985
2.685,0.9985
2.686,0.9985
2.687,0.9985
2.688,0.9985
2.689,0.9985
2.69,0.9985
2.691,0.9985
2.692,0.9985
2.693,0.9985
2.694,0.9985
2.695,0.9985
2.696,0.9985
2.697,0.9985
2.698,0.9985
2.699,0.9985
2.7,0.9985
2.701,0.9985
2.702,0.9985
2.703,0.9985
2.704,0.9985
2.705,0.9985
2.706,0.9985
2.707,0.9985
2.708,0.9985
2.709,0.9985
2.71,0.9985
2.711,0.9985
2.712,0.9985
2.713,0.9985
2.714,0.9985
2.715,0.9985
2.716,0.9985
2.717,0.9985
2.718,0.9985
2.719,0.9985
2.72,0.9985
2.721,0.9985
2.722,0.9985
2.723,0.9985
2.724,0.9985
2.725,0.9985
2.726,0.9985
2.727,0.9985
2.728,0.9985
2.729,0.9985
2.73,0.9985
2.731,0.9985
2.732,0.9985
2.733,0.9985
2.734,0.9985
2.735,0.9985
2.736,0.9985
2.737,0.9985
2.738,0.9985
2.739,0.9985
2.74,0.9985
2.741,0.9985
2.742,0.9985
2.743,0.9985
2.744,0.9985
2.745,0.9985
2.746,0.9985
2.747,0.9985
2.748,0.9985
2.749,0.9985
2.75,0.9985
2.751,0.9985
2.752,0.9985
2.753,0.9985
2.754,0.9985
2.755,0.9985
2.756,0.9985
2.757,0.9985
2.758,0.9985
2.759,0.9985
2.76,0.9985
2.761,0.9985
2.762,0.9985
2.763,0.9985
2.764,0.9985
2.765,0.9985
2.766,0.9985
2.767,0.9985
2.768,0.9985
2.769,0.9985
2.77,0.9985
2.771,0.9985
2.772,0.9985
2.773,0.9985
2.774,0.9985
2.775,0.9985
2.776,0.9985
2.777,0.9985
2.778,0.9985
2.779,0.9985
2.78,0.9985
2.781,0.9985
2.782,0.9985
2.783,0.9985
2.784,0.9985
2.785,0.9985
2.786,0.9985
2.787,0.9985
2.788,0.9985
2.789,0.9985
2.79,0.9985
2.791,0.9985
2.792,0.9985
2.793,0.9985
2.794,0.9985
2.795,0.9985
2.796,0.9985
2.797,0.9985
2.798,0.9985
2.799,0.9985
2.8,0.9985
2.801,0.9985
2.802,0.9985
2.803,0.9985
2.804,0.9985
2.805,0.9985
2.806,0.9985
2.807,0.9985
2.808,0.9985
2.809,0.9985
2.81,0.9985
2.811,0.9985
2.812,0.9985
2.813,0.9985
2.814,0.9985
2.815,0.9985
2.816,0.9985
2.817,0.9985
2.818,0.9985
2.819,0.9985
2.82,0.9985
2.821,0.9985
2.822,0.9985
2.823,0.9985
2.824,0.9985
2.825,0.9985
2.826,0.9985
2.827,0.9985
2.828,0.9985
2.829,0.9985
2.83,0.9985
2.831,0.9985
2.832,0.9985
2.833,0.9985
2.834,0.9985
2.835,0.9985
2.836,0.9985
2.837,0.9985
2.838,0.9985
2.839,0.9985
2.84,0.9985
2.841,0.9985
2.842,0.9985
2.843,0.9985
2.844,0.9985
2.845,0.9985
2.846,0.9985
2.847,0.9985
2.848,0.9985
2.849,0.9985
2.85,0.9985
2.851,0.9985
2.852,0.9985
2.853,0.9985
2.854,0.9985
2.855,0.9985
2.856,0.9985
2.857,0.9985
2.858,0.9985
2.859,0.9985
2.86,0.9985
2.861,0.9985
2.862,0.9985
2.863,0.9985
2.864,0.9985
2.865,0.9985
2.866,0.9985
2.867,0.9985
2.868,0.9985
2.869,0.9985
2.87,0.9985
2.871,0.9985
2.872,0.9985
2.873,0.9985
2.874,0.9985
2.875,0.9985
2.876,0.9985
2.877,0.9985
2.878,0.9985
2.879,0.9985
2.88,0.9985
2.881,0.9985
2.882,0.9985
2.883,0.9985
2.884,0.9985
2.885,0.9985
2.886,0.9985
2.887,0.9985
2.888,0.9985
2.889,0.9985
2.89,0.9985
2.891,0.9985
2.892,0.9985
2.893,0.9985
2.894,0.9985
2.895,0.9985
2.896,0.9985
2.897,0.9985
2.898,0.9985
2.899,0.9985
2.9,0.9985
2.901,0.9985
2.902,0.9985
2.903,0.9985
2.904,0.9985
2.905,0.9985
2.906,0.9985
2.907,0.9985
2.908,0.9985
2.909,0.9985
2.91,0.9985
2.911,0.9985
2.912,0.9985
2.913,0.9985
2.914,0.9985
2.915,0.9985
2.916,0.9985
2.917,0.9985
2.918,0.9985
2.919,0.9985
2.92,0.9985
2.921,0.9985
2.922,0.9985
2.923,0.9985
2.924,0.9985
2.925,0.9985
2.926,0.9985
2.927,0.9985
2.928,0.9985
2.929,0.9985
2.93,0.9985
2.931,0.9985
2.932,0.9985
2.933,0.9985
2.934,0.9985
2.935,0.9985
2.936,0.9985
2.937,0.9985
2.938,0.9985
2.939,0.9985
2.94,0.9985
2.941,0.9985
2.942,0.9985
2.943,0.9985
2.944,0.9985
2.945,0.9985
2.946,0.9985
2.947,0.9985
2.948,0.9985
2.949,0.9985
2.95,0.9985
2.951,0.9985
2.952,0.9985
2.953,0.9985
2.954,0.9985
2.955,0.9985
2.956,0.9985
2.957,0.9985
2.958,0.9985
2.959,0.9985
2.96,0.9985
2.961,0.9985
2.962,0.9985
2.963,0.9985
2.964,0.9985
2.965,0.9985
2.966,0.9985
2.967,0.9985
2.968,0.9985
2.969,0.9985
2.97,0.9985
2.971,0.9985
2.972,0.9985
2.973,0.9985
2.974,0.9985
2.975,0.9985
2.976,0.9985
2.977,0.9985
2.978,0.9985
2.979,0.9985
2.98,0.9985
2.981,0.9985
2.982,0.9985
2.983,0.9985
2.984,0.9985
2.985,0.9985
2.986,0.9985
2.987,0.9985
2.988,0.9985
2.989,0.9985
2.99,0.9985
2.991,0.9985
2.992,0.9985
2.993,0.9985
2.994,0.9985
2.995,0.9985
2.996,0.9985
2.997,0.9985
2.998,0.9985
2.999,0.9985
3,0.9985
3.001,0.9985
3.002,0.9985
3.003,0.9985
3.004,0.9985
3.005,0.9985
3.006,0.9985
3.007,0.9985
3.008,0.9985
3.009,0.9985
3.01,0.9985
3.011,0.9985
3.012,0.9985
3.013,0.9985
3.014,0.9985
3.015,0.9985
3.016,0.9985
3.017,0.9985
3.018,0.9985
3.019,0.9985
3.02,0.9985
3.021,0.9985
3.022,0.9985
3.023,0.9985
3.024,0.9985
3.025,0.9985
3.026,0.9985
3.027,0.9985
3.028,0.9985
3.029,0.9985
3.03,0.9985
3.031,0.9985
3.032,0.9985
3.033,0.9985
3.034,0.9985
3.035,0.9985
3.036,0.9985
3.037,0.9985
3.038,0.9985
3.039,0.9985
3.04,0.9985
3.041,0.9985
3.042,0.9985
3.043,0.9985
3.044,0.9985
3.045,0.9985
3.046,0.9985
3.047,0.9985
3.048,0.9985
3.049,0.9985
3.05,0.9985
3.051,0.9985
3.052,0.9985
3.053,0.9985
3.054,0.9985
3.055,0.9985
3.056,0.9985
3.057,0.9985
3.058,0.9985
3.059,0.9985
3.06,0.9985
3.061,0.9985
3.062,0.9985
3.063,0.9985
3.064,0.9985
3.065,0.9985
3.066,0.9985
3.067,0.9985
3.068,0.9985
3.069,0.9985
3.07,0.9985
3.071,0.9985
3.072,0.9985
3.073,0.9985
3.074,0.9985
3.075,0.9985
3.076,0.9985
3.077,0.9985
3.078,0.9985
3.079,0.9985
3.08,0.9985
3.081,0.9985
3.082,0.9985
3.083,0.9985
3.084,0.9985
3.085,0.9985
3.086,0.9985
3.087,0.9985
3.088,0.9985
3.089,0.9985
3.09,0.9985
3.091,0.9985
3.092,0.9985
3.093,0.9985
3.094,0.9985
3.095,0.9985
3.096,0.9985
3.097,0.9985
3.098,0.9985
3.099,0.9985
3.1,0.9985
3.101,0.9985
3.102,0.9985
3.103,0.9985
3.104,0.9985
3.105,0.9985
3.106,0.9985
3.107,0.9985
3.108,0.9985
3.109,0.9985
3.11,0.9985
3.111,0.9985
3.112,0.9985
3.113,0.9985
3.114,0.9985
3.115,0.9985
3.116,0.9985
3.117,0.9985
3.118,0.9985
3.119,0.9985
3.12,0.9985
3.121,0.9985
3.122,0.9985
3.123,0.9985
3.124,0.9985
3.125,0.9985
3.126,0.9985
3.127,0.9985
3.128,0.9985
3.129,0.9985
3.13,0.9985
3.131,0.9985
3.132,0.9985
3.133,0.9985
3.134,0.9985
3.135,0.9985
3.136,0.9985
3.137,0.9985
3.138,0.9985
3.139,0.9985
3.14,0.9985
3.141,0.9985
3.142,0.9985
3.143,0.9985
3.144,0.9985
3.145,0.9985
3.146,0.9985
3.147,0.9985
3.148,0.9985
3.149,0.9985
3.15,0.9985
3.151,0.9985
3.152,0.9985
3.153,0.9985
3.154,0.9985
3.155,0.9985
3.156,0.9985
3.157,0.9985
3.158,0.9985
3.159,0.9985
3.16,0.9985
3.161,0.9985
3.162,0.9985
3.163,0.9985
3.164,0.9985
3.165,0.9985
3.166,0.9985
3.167,0.9985
3.168,0.9985
3.169,0.9985
3.17,0.9985
3.171,0.9985
3.172,0.9985
3.173,0.9985
3.174,0.9985
3.175,0.9985
3.176,0.9985
3.177,0.9985
3.178,0.9985
3.179,0.9985
3.18,0.9985
3.181,0.9985
3.182,0.9985
3.183,0.9985
3.184,0.9985
3.185,0.9985
3.186,0.9985
3.187,0.9985
3.188,0.9985
3.189,0.9985
3.19,0.9985
3.191,0.9985
3.192,0.9985
3.193,0.9985
3.194,0.9985
3.195,0.9985
3.196,0.9985
3.197,0.9985
3.198,0.9985
3.199,0.9985
3.2,0.9985
3.201,0.9985
3.202,0.9985
3.203,0.9985
3.204,0.9985
3.205,0.9985
3.206,0.9985
3.207,0.9985
3.208,0.9985
3.209,0.9985
3.21,0.9985
3.211,0.9985
3.212,0.9985
3.213,0.9985
3.214,0.9985
3.215,0.9985
3.216,0.9985
3.217,0.9985
3.218,0.9985
3.219,0.9985
3.22,0.9985
3.221,0.9985
3.222,0.9985
3.223,0.9985
3.224,0.9985
3.225,0.9985
3.226,0.9985
3.227,0.9985
3.228,0.9985
3.229,0.9985
3.23,0.9985
3.231,0.9985
3.232,0.9985
3.233,0.9985
3.234,0.9985
3.235,0.9985
3.236,0.9985
3.237,0.9985
3.238,0.9985
3.239,0.9985
3.24,0.9985
3.241,0.9985
3.242,0.9985
3.243,0.9985
3.244,0.9985
3.245,0.9985
3.246,0.9985
3.247,0.9985
3.248,0.9985
3.249,0.9985
3.25,0.9985
3.251,0.9985
3.252,0.9985
3.253,0.9985
3.254,0.9985
3.255,0.9985
3.256,0.9985
3.257,0.9985
3.258,0.9985
3.259,0.9985
3.26,0.9985
3.261,0.9985
3.262,0.9985
3.263,0.9985
3.264,0.9985
3.265,0.9985
3.266,0.9985
3.267,0.9985
3.268,0.9985
3.269,0.9985
3.27,0.9985
3.271,0.9985
3.272,0.9985
3.273,0.9985
3.274,0.9985
3.275,0.9985
3.276,0.9985
3.277,0.9985
3.278,0.9985
3.279,0.9985
3.28,0.9985
3.281,0.9985
3.282,0.9985
3.283,0.9985
3.284,0.9985
3.285,0.9985
3.286,0.9985
3.287,0.9985
3.288,0.9985
3.289,0.9985
3.29,0.9985
3.291,0.9985
3.292,0.9985
3.293,0.9985
3.294,0.9985
3.295,0.9985
3.296,0.9985
3.297,0.9985
3.298,0.9985
3.299,0.9985
3.3,0.9985
3.301,0.9985
3.302,0.9985
3.303,0.9985
3.304,0.9985
3.305,0.9985
3.306,0.9985
3.307,0.9985
3.308,0.9985
3.309,0.9985
3.31,0.9985
3.311,0.9985
3.312,0.9985
3.313,0.9985
3.314,0.9985
3.315,0.9985
3.316,0.9985
3.317,0.9985
3.318,0.9985
3.319,0.9985
3.32,0.9985
3.321,0.9985
3.322,0.9985
3.323,0.9985
3.324,0.9985
3.325,0.9985
3.326,0.9985
3.327,0.9985
3.328,0.9985
3.329,0.9985
3.33,0.9985
3.331,0.9985
3.332,0.9985
3.333,0.9985
3.334,0.9985
3.335,0.9985
3.336,0.9985
3.337,0.9985
3.338,0.9985
3.339,0.9985
3.34,0.9985
3.341,0.9985
3.342,0.9985
3.343,0.9985
3.344,0.9985
3.345,0.9985
3.346,0.9985
3.347,0.9985
3.348,0.9985
3.349,0.9985
3.35,0.9985
3.351,0.9985
3.352,0.9985
3.353,0.9985
3.354,0.9985
3.355,0.9985
3.356,0.9985
3.357,0.9985
3.358,0.9985
3.359,0.9985
3.36,0.9985
3.361,0.9985
3.362,0.9985
3.363,0.9985
3.364,0.9985
3.365,0.9985
3.366,0.9985
3.367,0.9985
3.368,0.9985
3.369,0.9985
3.37,0.9985
3.371,0.9985
3.372,0.9985
3.373,0.9985
3.374,0.9985
3.375,0.9985
3.376,0.9985
3.377,0.9985
3.378,0.9985
3.379,0.9985
3.38,0.9985
3.381,0.9985
3.382,0.9985
3.383,0.9985
3.384,0.9985
3.385,0.9985
3.386,0.9985
3.387,0.9985
3.388,0.9985
3.389,0.9985
3.39,0.9985
3.391,0.9985
3.392,0.9985
3.393,0.9985
3.394,0.9985
3.395,0.9985
3.396,0.9985
3.397,0.9985
3.398,0.9985
3.399,0.9985
3.4,0.9985
3.401,0.9985
3.402,0.9985
3.403,0.9985
3.404,0.9985
3.405,0.9985
3.406,0.9985
3.407,0.9985
3.408,0.9985
3.409,0.9985
3.41,0.9985
3.411,0.9985
3.412,0.9985
3.413,0.9985
3.414,0.9985
3.415,0.9985
3.416,0.9985
3.417,0.9985
3.418,0.9985
3.419,0.9985
3.42,0.9985
3.421,0.9985
3.422,0.9985
3.423,0.9985
3.424,0.9985
3.425,0.9985
3.426,0.9985
3.427,0.9985
3.428,0.9985
3.429,0.9985
3.43,0.9985
3.431,0.9985
3.432,0.9985
3.433,0.9985
3.434,0.9985
3.435,0.9985
3.436,0.9985
3.437,0.9985
3.438,0.9985
3.439,0.9985
3.44,0.9985
3.441,0.9985
3.442,0.9985
3.443,0.9985
3.444,0.9985
3.445,0.9985
3.446,0.9985
3.447,0.9985
3.448,0.9985
3.449,0.9985
3.45,0.9985
3.451,0.9985
3.452,0.9985
3.453,0.9985
3.454,0.9985
3.455,0.9985
3.456,0.9985
3.457,0.9985
3.458,0.9985
3.459,0.9985
3.46,0.9985
3.461,0.9985
3.462,0.9985
3.463,0.9985
3.464,0.9985
3.465,0.9985
3.466,0.9985
3.467,0.9985
3.468,0.9985
3.469,0.9985
3.47,0.9985
3.471,0.9985
3.472,0.9985
3.473,0.9985
3.474,0.9985
3.475,0.9985
3.476,0.9985
3.477,0.9985
3.478,0.9985
3.479,0.9985
3.48,0.9985
3.481,0.9985
3.482,0.9985
3.483,0.9985
3.484,0.9985
3.485,0.9985
3.486,0.9985
3.487,0.9985
3.488,0.9985
3.489,0.9985
3.49,0.9985
3.491,0.9985
3.492,0.9985
3.493,0.9985
3.494,0.9985
3.495,0.9985
3.496,0.9985
3.497,0.9985
3.498,0.9985
3.499,0.9985
3.5,0.9985
3.501,0.9985
3.502,0.9985
3.503,0.9985
3.504,0.9985
3.505,0.9985
3.506,0.9985
3.507,0.9985
3.508,0.9985
3.509,0.9985
3.51,0.9985
3.511,0.9985
3.512,0.9985
3.513,0.9985
3.514,0.9985
3.515,0.9985
3.516,0.9985
3.517,0.9985
3.518,0.9985
3.519,0.9985
3.52,0.9985
3.521,0.9985
3.522,0.9985
3.523,0.9985
3.524,0.9985
3.525,0.9985
3.526,0.9985
3.527,0.9985
3.528,0.9985
3.529,0.9985
3.53,0.9985
3.531,0.9985
3.532,0.9985
3.533,0.9985
3.534,0.9985
3.535,0.9985
3.536,0.9985
3.537,0.9985
3.538,0.9985
3.539,0.9985
3.54,0.9985
3.541,0.9985
3.542,0.9985
3.543,0.9985
3.544,0.9985
3.545,0.9985
3.546,0.9985
3.547,0.9985
3.548,0.9985
3.549,0.9985
3.55,0.9985
3.551,0.9985
3.552,0.9985
3.553,0.9985
3.554,0.9985
3.555,0.9985
3.556,0.9985
3.557,0.9985
3.558,0.9985
3.559,0.9985
3.56,0.9985
3.561,0.9985
3.562,0.9985
3.563,0.9985
3.564,0.9985
3.565,0.9985
3.566,0.9985
3.567,0.9985
3.568,0.9985
3.569,0.9985
3.57,0.9985
3.571,0.9985
3.572,0.9985
3.573,0.9985
3.574,0.9985
3.575,0.9985
3.576,0.9985
3.577,0.9985
3.578,0.9985
3.579,0.9985
3.58,0.9985
3.581,0.9985
3.582,0.9985
3.583,0.9985
3.584,0.9985
3.585,0.9985
3.586,0.9985
3.587,0.9985
3.588,0.9985
3.589,0.9985
3.59,0.9985
3.591,0.9985
3.592,0.9985
3.593,0.9985
3.594,0.9985
3.595,0.9985
3.596,0.9985
3.597,0.9985
3.598,0.9985
3.599,0.9985
3.6,0.9985
3.601,0.9985
3.602,0.9985
3.603,0.9985
3.604,0.9985
3.605,0.9985
3.606,0.9985
3.607,0.9985
3.608,0.9985
3.609,0.9985
3.61,0.9985
3.611,0.9985
3.612,0.9985
3.613,0.9985
3.614,0.9985
3.615,0.9985
3.616,0.9985
3.617,0.9985
3.618,0.9985
3.619,0.9985
3.62,0.9985
3.621,0.9985
3.622,0.9985
3.623,0.9985
3.624,0.9985
3.625,0.9985
3.626,0.9985
3.627,0.9985
3.628,0.9985
3.629,0.9985
3.63,0.9985
3.631,0.9985
3.632,0.9985
3.633,0.9985
3.634,0.9985
3.635,0.9985
3.636,0.9985
3.637,0.9985
3.638,0.9985
3.639,0.9985
3.64,0.9985
3.641,0.9985
3.642,0.9985
3.643,0.9985
3.644,0.9985
3.645,0.9985
3.646,0.9985
3.647,0.9985
3.648,0.9985
3.649,0.9985
3.65,0.9985
3.651,0.9985
3.652,0.9985
3.653,0.9985
3.654,0.9985
3.655,0.9985
3.656,0.9985
3.657,0.9985
3.658,0.9985
3.659,0.9985
3.66,0.9985
3.661,0.9985
3.662,0.9985
3.663,0.9985
3.664,0.9985
3.665,0.9985
3.666,0.9985
3.667,0.9985
3.668,0.9985
3.669,0.9985
3.67,0.9985
3.671,0.9985
3.672,0.9985
3.673,0.9985
3.674,0.9985
3.675,0.9985
3.676,0.9985
3.677,0.9985
3.678,0.9985
3.679,0.9985
3.68,0.9985
3.681,0.9985
3.682,0.9985
3.683,0.9985
3.684,0.9985
3.685,0.9985
3.686,0.9985
3.687,0.9985
3.688,0.9985
3.689,0.9985
3.69,0.9985
3.691,0.9985
3.692,0.9985
3.693,0.9985
3.694,0.9985
3.695,0.9985
3.696,0.9985
3.697,0.9985
3.698,0.9985
3.699,0.9985
3.7,0.9985
3.701,0.9985
3.702,0.9985
3.703,0.9985
3.704,0.9985
3.705,0.9985
3.706,0.9985
3.707,0.9985
3.708,0.9985
3.709,0.9985
3.71,0.9985
3.711,0.9985
3.712,0.9985
3.713,0.9985
3.714,0.9985
3.715,0.9985
3.716,0.9985
3.717,0.9985
3.718,0.9985
3.719,0.9985
3.72,0.9985
3.721,0.9985
3.722,0.9985
3.723,0.9985
3.724,0.9985
3.725,0.9985
3.726,0.9985
3.727,0.9985
3.728,0.9985
3.729,0.9985
3.73,0.9985
3.731,0.9985
3.732,0.9985
3.733,0.9985
3.734,0.9985
3.735,0.9985
3.736,0.9985
3.737,0.9985
3.738,0.9985
3.739,0.9985
3.74,0.9985
3.741,0.9985
3.742,0.9985
3.743,0.9985
3.744,0.9985
3.745,0.9985
3.746,0.9985
3.747,0.9985
3.748,0.9985
3.749,0.9985
3.75,0.9985
3.751,0.9985
3.752,0.9985
3.753,0.9985
3.754,0.9985
3.755,0.9985
3.756,0.9985
3.757,0.9985
3.758,0.9985
3.759,0.9985
3.76,0.9985
3.761,0.9985
3.762,0.9985
3.763,0.9985
3.764,0.9985
3.765,0.9985
3.766,0.9985
3.767,0.9985
3.768,0.9985
3.769,0.9985
3.77,0.9985
3.771,0.9985
3.772,0.9985
3.773,0.9985
3.774,0.9985
3.775,0.9985
3.776,0.9985
3.777,0.9985
3.778,0.9985
3.779,0.9985
3.78,0.9985
3.781,0.9985
3.782,0.9985
3.783,0.9985
3.784,0.9985
3.785,0.9985
3.786,0.9985
3.787,0.9985
3.788,0.9985
3.789,0.9985
3.79,0.9985
3.791,0.9985
3.792,0.9985
3.793,0.9985
3.794,0.9985
3.795,0.9985
3.796,0.9985
3.797,0.9985
3.798,0.9985
3.799,0.9985
3.8,0.9985
3.801,0.9985
3.802,0.9985
3.803,0.9985
3.804,0.9985
3.805,0.9985
3.806,0.9985
3.807,0.9985
3.808,0.9985
3.809,0.9985
3.81,0.9985
3.811,0.9985
3.812,0.9985
3.813,0.9985
3.814,0.9985
3.815,0.9985
3.816,0.9985
3.817,0.9985
3.818,0.9985
3.819,0.9985
3.82,0.9985
3.821,0.9985
3.822,0.9985
3.823,0.9985
3.824,0.9985
3.825,0.9985
3.826,0.9985
3.827,0.9985
3.828,0.9985
3.829,0.9985
3.83,0.9985
3.831,0.9985
3.832,0.9985
3.833,0.9985
3.834,0.9985
3.835,0.9985
3.836,0.9985
3.837,0.9985
3.838,0.9985
3.839,0.9985
3.84,0.9985
3.841,0.9985
3.842,0.9985
3.843,0.9985
3.844,0.9985
3.845,0.9985
3.846,0.9985
3.847,0.9985
3.848,0.9985
3.849,0.9985
3.85,0.9985
3.851,0.9985
3.852,0.9985
3.853,0.9985
3.854,0.9985
3.855,0.9985
3.856,0.9985
3.857,0.9985
3.858,0.9985
3.859,0.9985
3.86,0.9985
3.861,0.9985
3.862,0.9985
3.863,0.9985
3.864,0.9985
3.865,0.9985
3.866,0.9985
3.867,0.9985
3.868,0.9985
3.869,0.9985
3.87,0.9985
3.871,0.9985
3.872,0.9985
3.873,0.9985
3.874,0.9985
3.875,0.9985
3.876,0.9985
3.877,0.9985
3.878,0.9985
3.879,0.9985
3.88,0.9985
3.881,0.9985
3.882,0.9985
3.883,0.9985
3.884,0.9985
3.885,0.9985
3.886,0.9985
3.887,0.9985
3.888,0.9985
3.889,0.9985
3.89,0.9985
3.891,0.9985
3.892,0.9985
3.893,0.9985
3.894,0.9985
3.895,0.9985
3.896,0.9985
3.897,0.9985
3.898,0.9985
3.899,0.9985
3.9,0.9985
3.901,0.9985
3.902,0.9985
3.903,0.9985
3.904,0.9985
3.905,0.9985
3.906,0.9985
3.907,0.9985
3.908,0.9985
3.909,0.9985
3.91,0.9985
3.911,0.9985
3.912,0.9985
3.913,0.9985
3.914,0.9985
3.915,0.9985
3.916,0.9985
3.917,0.9985
3.918,0.9985
3.919,0.9985
3.92,0.9985
3.921,0.9985
3.922,0.9985
3.923,0.9985
3.924,0.9985
3.925,0.9985
3.926,0.9985
3.927,0.9985
3.928,0.9985
3.929,0.9985
3.93,0.9985
3.931,0.9985
3.932,0.9985
3.933,0.9985
3.934,0.9985
3.935,0.9985
3.936,0.9985
3.937,0.9985
3.938,0.9985
3.939,0.9985
3.94,0.9985
3.941,0.9985
3.942,0.9985
3.943,0.9985
3.944,0.9985
3.945,0.9985
3.946,0.9985
3.947,0.9985
3.948,0.9985
3.949,0.9985
3.95,0.9985
3.951,0.9985
3.952,0.9985
3.953,0.9985
3.954,0.9985
3.955,0.9985
3.956,0.9985
3.957,0.9985
3.958,0.9985
3.959,0.9985
3.96,0.9985
3.961,0.9985
3.962,0.9985
3.963,0.9985
3.964,0.9985
3.965,0.9985
3.966,0.9985
3.967,0.9985
3.968,0.9985
3.969,0.9985
3.97,0.9985
3.971,0.9985
3.972,0.9985
3.973,0.9985
3.974,0.9985
3.975,0.9985
3.976,0.9985
3.977,0.9985
3.978,0.9985
3.979,0.9985
3.98,0.9985
3.981,0.9985
3.982,0.9985
3.983,0.9985
3.984,0.9985
3.985,0.9985
3.986,0.9985
3.987,0.9985
3.988,0.9985
3.989,0.9985
3.99,0.9985
3.991,0.9985
3.992,0.9985
3.993,0.9985
3.994,0.9985
3.995,0.9985
3.996,0.9985
3.997,0.9985
3.998,0.9985
3.999,0.9985
4,0.9985
4.001,0.9985
4.002,0.9985
4.003,0.9985
4.004,0.9985
4.005,0.9985
4.006,0.9985
4.007,0.9985
4.008,0.9985
4.009,0.9985
4.01,0.9985
4.011,0.9985
4.012,0.9985
4.013,0.9985
4.014,0.9985
4.015,0.9985
4.016,0.9985
4.017,0.9985
4.018,0.9985
4.019,0.9985
4.02,0.9985
4.021,0.9985
4.022,0.9985
4.023,0.9985
4.024,0.9985
4.025,0.9985
4.026,0.9985
4.027,0.9985
4.028,0.9985
4.029,0.9985
4.03,0.9985
4.031,0.9985
4.032,0.9985
4.033,0.9985
4.034,0.9985
4.035,0.9985
4.036,0.9985
4.037,0.9985
4.038,0.9985
4.039,0.9985
4.04,0.9985
4.041,0.9985
4.042,0.9985
4.043,0.9985
4.044,0.9985
4.045,0.9985
4.046,0.9985
4.047,0.9985
4.048,0.9985
4.049,0.9985
4.05,0.9985
4.051,0.9985
4.052,0.9985
4.053,0.9985
4.054,0.9985
4.055,0.9985
4.056,0.9985
4.057,0.9985
4.058,0.9985
4.059,0.9985
4.06,0.9985
4.061,0.9985
4.062,0.9985
4.063,0.9985
4.064,0.9985
4.065,0.9985
4.066,0.9985
4.067,0.9985
4.068,0.9985
4.069,0.9985
4.07,0.9985
4.071,0.9985
4.072,0.9985
4.073,0.9985
4.074,0.9985
4.075,0.9985
4.076,0.9985
4.077,0.9985
4.078,0.9985
4.079,0.9985
4.08,0.9985
4.081,0.9985
4.082,0.9985
4.083,0.9985
4.084,0.9985
4.085,0.9985
4.086,0.9985
4.087,0.9985
4.088,0.9985
4.089,0.9985
4.09,0.9985
4.091,0.9985
4.092,0.9985
4.093,0.9985
4.094,0.9985
4.095,0.9985
4.096,0.9985
4.097,0.9985
4.098,0.9985
4.099,0.9985
4.1,0.9985
4.101,0.9985
4.102,0.9985
4.103,0.9985
4.104,0.9985
4.105,0.9985
4.106,0.9985
4.107,0.9985
4.108,0.9985
4.109,0.9985
4.11,0.9985
4.111,0.9985
4.112,0.9985
4.113,0.9985
4.114,0.9985
4.115,0.9985
4.116,0.9985
4.117,0.9985
4.118,0.9985
4.119,0.9985
4.12,0.9985
4.121,0.9985
4.122,0.9985
4.123,0.9985
4.124,0.9985
4.125,0.9985
4.126,0.9985
4.127,0.9985
4.128,0.9985
4.129,0.9985
4.13,0.9985
4.131,0.9985
4.132,0.9985
4.133,0.9985
4.134,0.9985
4.135,0.9985
4.136,0.9985
4.137,0.9985
4.138,0.9985
4.139,0.9985
4.14,0.9985
4.141,0.9985
4.142,0.9985
4.143,0.9985
4.144,0.9985
4.145,0.9985
4.146,0.9985
4.147,0.9985
4.148,0.9985
4.149,0.9985
4.15,0.9985
4.151,0.9985
4.152,0.9985
4.153,0.9985
4.154,0.9985
4.155,0.9985
4.156,0.9985
4.157,0.9985
4.158,0.9985
4.159,0.9985
4.16,0.9985
4.161,0.9985
4.162,0.9985
4.163,0.9985
4.164,0.9985
4.165,0.9985
4.166,0.9985
4.167,0.9985
4.168,0.9985
4.169,0.9985
4.17,0.9985
4.171,0.9985
4.172,0.9985
4.173,0.9985
4.174,0.9985
4.175,0.9985
4.176,0.9985
4.177,0.9985
4.178,0.9985
4.179,0.9985
4.18,0.9985
4.181,0.9985
4.182,0.9985
4.183,0.9985
4.184,0.9985
4.185,0.9985
4.186,0.9985
4.187,0.9985
4.188,0.9985
4.189,0.9985
4.19,0.9985
4.191,0.9985
4.192,0.9985
4.193,0.9985
4.194,0.9985
4.195,0.9985
4.196,0.9985
4.197,0.9985
4.198,0.9985
4.199,0.9985
4.2,0.9985
4.201,0.9985
4.202,0.9985
4.203,0.9985
4.204,0.9985
4.205,0.9985
4.206,0.9985
4.207,0.9985
4.208,0.9985
4.209,0.9985
4.21,0.9985
4.211,0.9985
4.212,0.9985
4.213,0.9985
4.214,0.9985
4.215,0.9985
4.216,0.9985
4.217,0.9985
4.218,0.9985
4.219,0.9985
4.22,0.9985
4.221,0.9985
4.222,0.9985
4.223,0.9985
4.224,0.9985
4.225,0.9985
4.226,0.9985
4.227,0.9985
4.228,0.9985
4.229,0.9985
4.23,0.9985
4.231,0.9985
4.232,0.9985
4.233,0.9985
4.234,0.9985
4.235,0.9985
4.236,0.9985
4.237,0.9985
4.238,0.9985
4.239,0.9985
4.24,0.9985
4.241,0.9985
4.242,0.9985
4.243,0.9985
4.244,0.9985
4.245,0.9985
4.246,0.9985
4.247,0.9985
4.248,0.9985
4.249,0.9985
4.25,0.9985
4.251,0.9985
4.252,0.9985
4.253,0.9985
4.254,0.9985
4.255,0.9985
4.256,0.9985
4.257,0.9985
4.258,0.9985
4.259,0.9985
4.26,0.9985
4.261,0.9985
4.262,0.9985
4.263,0.9985
4.264,0.9985
4.265,0.9985
4.266,0.9985
4.267,0.9985
4.268,0.9985
4.269,0.9985
4.27,0.9985
4.271,0.9985
4.272,0.9985
4.273,0.9985
4.274,0.9985
4.275,0.9985
4.276,0.9985
4.277,0.9985
4.278,0.9985
4.279,0.9985
4.28,0.9985
4.281,0.9985
4.282,0.9985
4.283,0.9985
4.284,0.9985
4.285,0.9985
4.286,0.9985
4.287,0.9985
4.288,0.9985
4.289,0.9985
4.29,0.9985
4.291,0.9985
4.292,0.9985
4.293,0.9985
4.294,0.9985
4.295,0.9985
4.296,0.9985
4.297,0.9985
4.298,0.9985
4.299,0.9985
4.3,0.9985
4.301,0.9985
4.302,0.9985
4.303,0.9985
4.304,0.9985
4.305,0.9985
4.306,0.9985
4.307,0.9985
4.308,0.9985
4.309,0.9985
4.31,0.9985
4.311,0.9985
4.312,0.9985
4.313,0.9985
4.314,0.9985
4.315,0.9985
4.316,0.9985
4.317,0.9985
4.318,0.9985
4.319,0.9985
4.32,0.9985
4.321,0.9985
4.322,0.9985
4.323,0.9985
4.324,0.9985
4.325,0.9985
4.326,0.9985
4.327,0.9985
4.328,0.9985
4.329,0.9985
4.33,0.9985
4.331,0.9985
4.332,0.9985
4.333,0.9985
4.334,0.9985
4.335,0.9985
4.336,0.9985
4.337,0.9985
4.338,0.9985
4.339,0.9985
4.34,0.9985
4.341,0.9985
4.342,0.9985
4.343,0.9985
4.344,0.9985
4.345,0.9985
4.346,0.9985
4.347,0.9985
4.348,0.9985
4.349,0.9985
4.35,0.9985
4.351,0.9985
4.352,0.9985
4.353,0.9985
4.354,0.9985
4.355,0.9985
4.356,0.9985
4.357,0.9985
4.358,0.9985
4.359,0.9985
4.36,0.9985
4.361,0.9985
4.362,0.9985
4.363,0.9985
4.364,0.9985
4.365,0.9985
4.366,0.9985
4.367,0.9985
4.368,0.9985
4.369,0.9985
4.37,0.9985
4.371,0.9985
4.372,0.9985
4.373,0.9985
4.374,0.9985
4.375,0.9985
4.376,0.9985
4.377,0.9985
4.378,0.9985
4.379,0.9985
4.38,0.9985
4.381,0.9985
4.382,0.9985
4.383,0.9985
4.384,0.9985
4.385,0.9985
4.386,0.9985
4.387,0.9985
4.388,0.9985
4.389,0.9985
4.39,0.9985
4.391,0.9985
4.392,0.9985
4.393,0.9985
4.394,0.9985
4.395,0.9985
4.396,0.9985
4.397,0.9985
4.398,0.9985
4.399,0.9985
4.4,0.9985
4.401,0.9985
4.402,0.9985
4.403,0.9985
4.404,0.9985
4.405,0.9985
4.406,0.9985
4.407,0.9985
4.408,0.9985
4.409,0.9985
4.41,0.9985
4.411,0.9985
4.412,0.9985
4.413,0.9985
4.414,0.9985
4.415,0.9985
4.416,0.9985
4.417,0.9985
4.418,0.9985
4.419,0.9985
4.42,0.9985
4.421,0.9985
4.422,0.9985
4.423,0.9985
4.424,0.9985
4.425,0.9985
4.426,0.9985
4.427,0.9985
4.428,0.9985
4.429,0.9985
4.43,0.9985
4.431,0.9985
4.432,0.9985
4.433,0.9985
4.434,0.9985
4.435,0.9985
4.436,0.9985
4.437,0.9985
4.438,0.9985
4.439,0.9985
4.44,0.9985
4.441,0.9985
4.442,0.9985
4.443,0.9985
4.444,0.9985
4.445,0.9985
4.446,0.9985
4.447,0.9985
4.448,0.9985
4.449,0.9985
4.45,0.9985
4.451,0.9985
4.452,0.9985
4.453,0.9985
4.454,0.9985
4.455,0.9985
4.456,0.9985
4.457,0.9985
4.458,0.9985
4.459,0.9985
4.46,0.9985
4.461,0.9985
4.462,0.9985
4.463,0.9985
4.464,0.9985
4.465,0.9985
4.466,0.9985
4.467,0.9985
4.468,0.9985
4.469,0.9985
4.47,0.9985
4.471,0.9985
4.472,0.9985
4.473,0.9985
4.474,0.9985
4.475,0.9985
4.476,0.9985
4.477,0.9985
4.478,0.9985
4.479,0.9985
4.48,0.9985
4.481,0.9985
4.482,0.9985
4.483,0.9985
4.484,0.9985
4.485,0.9985
4.486,0.9985
4.487,0.9985
4.488,0.9985
4.489,0.9985
4.49,0.9985
4.491,0.9985
4.492,0.9985
4.493,0.9985
4.494,0.9985
4.495,0.9985
4.496,0.9985
4.497,0.9985
4.498,0.9985
4.499,0.9985
4.5,0.9985
4.501,0.9985
4.502,0.9985
4.503,0.9985
4.504,0.9985
4.505,0.9985
4.506,0.9985
4.507,0.9985
4.508,0.9985
4.509,0.9985
4.51,0.9985
4.511,0.9985
4.512,0.9985
4.513,0.9985
4.514,0.9985
4.515,0.9985
4.516,0.9985
4.517,0.9985
4.518,0.9985
4.519,0.9985
4.52,0.9985
4.521,0.9985
4.522,0.9985
4.523,0.9985
4.524,0.9985
4.525,0.9985
4.526,0.9985
4.527,0.9985
4.528,0.9985
4.529,0.9985
4.53,0.9985
4.531,0.9985
4.532,0.9985
4.533,0.9985
4.534,0.9985
4.535,0.9985
4.536,0.9985
4.537,0.9985
4.538,0.9985
4.539,0.9985
4.54,0.9985
4.541,0.9985
4.542,0.9985
4.543,0.9985
4.544,0.9985
4.545,0.9985
4.546,0.9985
4.547,0.9985
4.548,0.9985
4.549,0.9985
4.55,0.9985
4.551,0.9985
4.552,0.9985
4.553,0.9985
4.554,0.9985
4.555,0.9985
4.556,0.9985
4.557,0.9985
4.558,0.9985
4.559,0.9985
4.56,0.9985
4.561,0.9985
4.562,0.9985
4.563,0.9985
4.564,0.9985
4.565,0.9985
4.566,0.9985
4.567,0.9985
4.568,0.9985
4.569,0.9985
4.57,0.9985
4.571,0.9985
4.572,0.9985
4.573,0.9985
4.574,0.9985
4.575,0.9985
4.576,0.9985
4.577,0.9985
4.578,0.9985
4.579,0.9985
4.58,0.9985
4.581,0.9985
4.582,0.9985
4.583,0.9985
4.584,0.9985
4.585,0.9985
4.586,0.9985
4.587,0.9985
4.588,0.9985
4.589,0.9985
4.59,0.9985
4.591,0.9985
4.592,0.9985
4.593,0.9985
4.594,0.9985
4.595,0.9985
4.596,0.9985
4.597,0.9985
4.598,0.9985
4.599,0.9985
4.6,0.9985
4.601,0.9985
4.602,0.9985
4.603,0.9985
4.604,0.9985
4.605,0.9985
4.606,0.9985
4.607,0.9985
4.608,0.9985
4.609,0.9985
4.61,0.9985
4.611,0.9985
4.612,0.9985
4.613,0.9985
4.614,0.9985
4.615,0.9985
4.616,0.9985
4.617,0.9985
4.618,0.9985
4.619,0.9985
4.62,0.9985
4.621,0.9985
4.622,0.9985
4.623,0.9985
4.624,0.9985
4.625,0.9985
4.626,0.9985
4.627,0.9985
4.628,0.9985
4.629,0.9985
4.63,0.9985
4.631,0.9985
4.632,0.9985
4.633,0.9985
4.634,0.9985
4.635,0.9985
4.636,0.9985
4.637,0.9985
4.638,0.9985
4.639,0.9985
4.64,0.9985
4.641,0.9985
4.642,0.9985
4.643,0.9985
4.644,0.9985
4.645,0.9985
4.646,0.9985
4.647,0.9985
4.648,0.9985
4.649,0.9985
4.65,0.9985
4.651,0.9985
4.652,0.9985
4.653,0.9985
4.654,0.9985
4.655,0.9985
4.656,0.9985
4.657,0.9985
4.658,0.9985
4.659,0.9985
4.66,0.9985
4.661,0.9985
4.662,0.9985
4.663,0.9985
4.664,0.9985
4.665,0.9985
4.666,0.9985
4.667,0.9985
4.668,0.9985
4.669,0.9985
4.67,0.9985
4.671,0.9985
4.672,0.9985
4.673,0.9985
4.674,0.9985
4.675,0.9985
4.676,0.9985
4.677,0.9985
4.678,0.9985
4.679,0.9985
4.68,0.9985
4.681,0.9985
4.682,0.9985
4.683,0.9985
4.684,0.9985
4.685,0.9985
4.686,0.9985
4.687,0.9985
4.688,0.9985
4.689,0.9985
4.69,0.9985
4.691,0.9985
4.692,0.9985
4.693,0.9985
4.694,0.9985
4.695,0.9985
4.696,0.9985
4.697,0.9985
4.698,0.9985
4.699,0.9985
4.7,0.9985
4.701,0.9985
4.702,0.9985
4.703,0.9985
4.704,0.9985
4.705,0.9985
4.706,0.9985
4.707,0.9985
4.708,0.9985
4.709,0.9985
4.71,0.9985
4.711,0.9985
4.712,0.9985
4.713,0.9985
4.714,0.9985
4.715,0.9985
4.716,0.9985
4.717,0.9985
4.718,0.9985
4.719,0.9985
4.72,0.9985
4.721,0.9985
4.722,0.9985
4.723,0.9985
4.724,0.9985
4.725,0.9985
4.726,0.9985
4.727,0.9985
4.728,0.9985
4.729,0.9985
4.73,0.9985
4.731,0.9985
4.732,0.9985
4.733,0.9985
4.734,0.9985
4.735,0.9985
4.736,0.9985
4.737,0.9985
4.738,0.9985
4.739,0.9985
4.74,0.9985
4.741,0.9985
4.742,0.9985
4.743,0.9985
4.744,0.9985
4.745,0.9985
4.746,0.9985
4.747,0.9985
4.748,0.9985
4.749,0.9985
4.75,0.9985
4.751,0.9985
4.752,0.9985
4.753,0.9985
4.754,0.9985
4.755,0.9985
4.756,0.9985
4.757,0.9985
4.758,0.9985
4.759,0.9985
4.76,0.9985
4.761,0.9985
4.762,0.9985
4.763,0.9985
4.764,0.9985
4.765,0.9985
4.766,0.9985
4.767,0.9985
4.768,0.9985
4.769,0.9985
4.77,0.9985
4.771,0.9985
4.772,0.9985
4.773,0.9985
4.774,0.9985
4.775,0.9985
4.776,0.9985
4.777,0.9985
4.778,0.9985
4.779,0.9985
4.78,0.9985
4.781,0.9985
4.782,0.9985
4.783,0.9985
4.784,0.9985
4.785,0.9985
4.786,0.9985
4.787,0.9985
4.788,0.9985
4.789,0.9985
4.79,0.9985
4.791,0.9985
4.792,0.9985
4.793,0.9985
4.794,0.9985
4.795,0.9985
4.796,0.9985
4.797,0.9985
4.798,0.9985
4.799,0.9985
4.8,0.9985
4.801,0.9985
4.802,0.9985
4.803,0.9985
4.804,0.9985
4.805,0.9985
4.806,0.9985
4.807,0.9985
4.808,0.9985
4.809,0.9985
4.81,0.9985
4.811,0.9985
4.812,0.9985
4.813,0.9985
4.814,0.9985
4.815,0.9985
4.816,0.9985
4.817,0.9985
4.818,0.9985
4.819,0.9985
4.82,0.9985
4.821,0.9985
4.822,0.9985
4.823,0.9985
4.824,0.9985
4.825,0.9985
4.826,0.9985
4.827,0.9985
4.828,0.9985
4.829,0.9985
4.83,0.9985
4.831,0.9985
4.832,0.9985
4.833,0.9985
4.834,0.9985
4.835,0.9985
4.836,0.9985
4.837,0.9985
4.838,0.9985
4.839,0.9985
4.84,0.9985
4.841,0.9985
4.842,0.9985
4.843,0.9985
4.844,0.9985
4.845,0.9985
4.846,0.9985
4.847,0.9985
4.848,0.9985
4.849,0.9985
4.85,0.9985
4.851,0.9985
4.852,0.9985
4.853,0.9985
4.854,0.9985
4.855,0.9985
4.856,0.9985
4.857,0.9985
4.858,0.9985
4.859,0.9985
4.86,0.9985
4.861,0.9985
4.862,0.9985
4.863,0.9985
4.864,0.9985
4.865,0.9985
4.866,0.9985
4.867,0.9985
4.868,0.9985
4.869,0.9985
4.87,0.9985
4.871,0.9985
4.872,0.9985
4.873,0.9985
4.874,0.9985
4.875,0.9985
4.876,0.9985
4.877,0.9985
4.878,0.9985
4.879,0.9985
4.88,0.9985
4.881,0.9985
4.882,0.9985
4.883,0.9985
4.884,0.9985
4.885,0.9985
4.886,0.9985
4.887,0.9985
4.888,0.9985
4.889,0.9985
4.89,0.9985
4.891,0.9985
4.892,0.9985
4.893,0.9985
4.894,0.9985
4.895,0.9985
4.896,0.9985
4.897,0.9985
4.898,0.9985
4.899,0.9985
4.9,0.9985
4.901,0.9985
4.902,0.9985
4.903,0.9985
4.904,0.9985
4.905,0.9985
4.906,0.9985
4.907,0.9985
4.908,0.9985
4.909,0.9985
4.91,0.9985
4.911,0.9985
4.912,0.9985
4.913,0.9985
4.914,0.9985
4.915,0.9985
4.916,0.9985
4.917,0.9985
4.918,0.9985
4.919,0.9985
4.92,0.9985
4.921,0.9985
4.922,0.9985
4.923,0.9985
4.924,0.9985
4.925,0.9985
4.926,0.9985
4.927,0.9985
4.928,0.9985
4.929,0.9985
4.93,0.9985
4.931,0.9985
4.932,0.9985
4.933,0.9985
4.934,0.9985
4.935,0.9985
4.936,0.9985
4.937,0.9985
4.938,0.9985
4.939,0.9985
4.94,0.9985
4.941,0.9985
4.942,0.9985
4.943,0.9985
4.944,0.9985
4.945,0.9985
4.946,0.9985
4.947,0.9985
4.948,0.9985
4.949,0.9985
4.95,0.9985
4.951,0.9985
4.952,0.9985
4.953,0.9985
4.954,0.9985
4.955,0.9985
4.956,0.9985
4.957,0.9985
4.958,0.9985
4.959,0.9985
4.96,0.9985
4.961,0.9985
4.962,0.9985
4.963,0.9985
4.964,0.9985
4.965,0.9985
4.966,0.9985
4.967,0.9985
4.968,0.9985
4.969,0.9985
4.97,0.9985
4.971,0.9985
4.972,0.9985
4.973,0.9985
4.974,0.9985
4.975,0.9985
4.976,0.9985
4.977,0.9985
4.978,0.9985
4.979,0.9985
4.98,0.9985
4.981,0.9985
4.982,0.9985
4.983,0.9985
4.984,0.9985
4.985,0.9985
4.986,0.9985
4.987,0.9985
4.988,0.9985
4.989,0.9985
4.99,0.9985
4.991,0.9985
4.992,0.9985
4.993,0.9985
4.994,0.9985
4.995,0.9985
4.996,0.9985
4.997,0.9985
4.998,0.9985
4.999,0.9985
5,0.9985