Sub-systems,Components,Sub-Components,Notes,Status,Wavelength (microns),,,,,,,,,,,,,,,,,,,,,,,,,,,,,,,,,,,,,,,,,,,,,,,,,,,,,,,,,,,,,,,,,,,,,,,,,,,,,,,,,,,,,,,,,,,,,,,,,,,,,,,,,,,,,,,,,,,,,,,,,,,,,,,,,,,,,,,,,,,,,,,,,,,,,,,,,,,,,,,,
,,,,,0.8,0.81,0.82,0.83,0.84,0.85,0.86,0.87,0.88,0.89,0.9,0.91,0.92,0.93,0.94,0.95,0.96,0.97,0.98,0.99,1,1.01,1.02,1.03,1.04,1.05,1.06,1.07,1.08,1.09,1.1,1.11,1.12,1.13,1.14,1.15,1.16,1.17,1.18,1.19,1.2,1.21,1.22,1.23,1.24,1.25,1.26,1.27,1.28,1.29,1.3,1.31,1.32,1.33,1.34,1.35,1.36,1.37,1.38,1.39,1.4,1.41,1.42,1.43,1.44,1.45,1.46,1.47,1.48,1.49,1.5,1.51,1.52,1.53,1.54,1.55,1.56,1.57,1.58,1.59,1.6,1.61,1.62,1.63,1.64,1.65,1.66,1.67,1.68,1.69,1.7,1.71,1.72,1.73,1.74,1.75,1.76,1.77,1.78,1.79,1.8,1.81,1.82,1.83,1.84,1.85,1.86,1.87,1.88,1.89,1.9,1.91,1.92,1.93,1.94,1.95,1.96,1.97,1.98,1.99,2,2.01,2.02,2.03,2.04,2.05,2.06,2.07,2.08,2.09,2.1,2.11,2.12,2.13,2.14,2.15,2.16,2.17,2.18,2.19,2.2,2.21,2.22,2.23,2.24,2.25,2.26,2.27,2.28,2.29,2.3,2.31,2.32,2.33,2.34,2.35,2.36,2.37,2.38,2.39,2.4
,,,,,,,,,,,,,,,,,,,,,,,,,,,,,,,,,,,,,,,,,,,,,,,,,,,,,,,,,,,,,,,,,,,,,,,,,,,,,,,,,,,,,,,,,,,,,,,,,,,,,,,,,,,,,,,,,,,,,,,,,,,,,,,,,,,,,,,,,,,,,,,,,,,,,,,,,,,,,,,,,,,,,
AO,K-mirror,K1,Al,Dimitri,0.862,0.86,0.86,0.861,0.862,0.863,0.866,0.87,0.876,0.883,0.887,0.892,0.903,0.911,0.916,0.92,0.925,0.93,0.932,0.935,0.937,0.938,0.94,0.941,0.943,0.945,0.946,0.948,0.949,0.95,0.951,0.952,0.953,0.953,0.954,0.955,0.956,0.957,0.957,0.958,0.959,0.96,0.96,0.961,0.961,0.962,0.962,0.963,0.963,0.964,0.964,0.965,0.965,0.966,0.966,0.967,0.967,0.967,0.968,0.968,0.969,0.969,0.969,0.97,0.97,0.971,0.971,0.971,0.971,0.971,0.971,0.972,0.972,0.972,0.972,0.972,0.973,0.973,0.973,0.973,0.973,0.973,0.973,0.973,0.974,0.974,0.974,0.974,0.974,0.974,0.974,0.974,0.974,0.974,0.974,0.974,0.974,0.974,0.975,0.975,0.975,0.975,0.975,0.975,0.975,0.975,0.975,0.975,0.975,0.975,0.975,0.975,0.975,0.975,0.976,0.976,0.976,0.976,0.976,0.976,0.976,0.976,0.976,0.976,0.976,0.976,0.976,0.976,0.976,0.976,0.976,0.977,0.977,0.977,0.977,0.977,0.977,0.977,0.977,0.977,0.977,0.977,0.977,0.977,0.977,0.977,0.977,0.977,0.977,0.977,0.977,0.978,0.978,0.978,0.978,0.978,0.978,0.978,0.978,0.978,0.978
,,K2,FSS-99 Ag,Dimitri,0.989,0.993,0.994,0.995,0.996,0.997,0.997,0.997,0.997,0.998,0.998,0.997,0.997,0.997,0.997,0.997,0.997,0.997,0.997,0.997,0.997,0.997,0.997,0.997,0.997,0.997,0.997,0.997,0.997,0.997,0.997,0.996,0.996,0.996,0.996,0.996,0.996,0.996,0.996,0.996,0.996,0.996,0.996,0.995,0.995,0.995,0.995,0.995,0.995,0.995,0.995,0.995,0.995,0.995,0.995,0.995,0.995,0.995,0.995,0.995,0.995,0.995,0.995,0.996,0.996,0.996,0.996,0.996,0.996,0.996,0.996,0.996,0.996,0.996,0.996,0.996,0.996,0.996,0.996,0.996,0.997,0.997,0.997,0.997,0.997,0.997,0.997,0.997,0.997,0.997,0.997,0.997,0.997,0.997,0.997,0.997,0.997,0.997,0.997,0.997,0.998,0.998,0.998,0.998,0.998,0.998,0.998,0.998,0.998,0.998,0.998,0.998,0.998,0.998,0.998,0.998,0.998,0.998,0.998,0.998,0.998,0.998,0.998,0.998,0.998,0.998,0.998,0.998,0.998,0.998,0.998,0.998,0.998,0.998,0.998,0.998,0.998,0.998,0.998,0.998,0.998,0.998,0.999,0.999,0.999,0.998,0.998,0.998,0.998,0.998,0.998,0.998,0.998,0.999,0.999,0.999,0.999,0.999,0.999,0.999,0.999
,,K3,Al,Dimitri,0.862,0.86,0.86,0.861,0.862,0.863,0.866,0.87,0.876,0.883,0.887,0.892,0.903,0.911,0.916,0.92,0.925,0.93,0.932,0.935,0.937,0.938,0.94,0.941,0.943,0.945,0.946,0.948,0.949,0.95,0.951,0.952,0.953,0.953,0.954,0.955,0.956,0.957,0.957,0.958,0.959,0.96,0.96,0.961,0.961,0.962,0.962,0.963,0.963,0.964,0.964,0.965,0.965,0.966,0.966,0.967,0.967,0.967,0.968,0.968,0.969,0.969,0.969,0.97,0.97,0.971,0.971,0.971,0.971,0.971,0.971,0.972,0.972,0.972,0.972,0.972,0.973,0.973,0.973,0.973,0.973,0.973,0.973,0.973,0.974,0.974,0.974,0.974,0.974,0.974,0.974,0.974,0.974,0.974,0.974,0.974,0.974,0.974,0.975,0.975,0.975,0.975,0.975,0.975,0.975,0.975,0.975,0.975,0.975,0.975,0.975,0.975,0.975,0.975,0.976,0.976,0.976,0.976,0.976,0.976,0.976,0.976,0.976,0.976,0.976,0.976,0.976,0.976,0.976,0.976,0.976,0.977,0.977,0.977,0.977,0.977,0.977,0.977,0.977,0.977,0.977,0.977,0.977,0.977,0.977,0.977,0.977,0.977,0.977,0.977,0.977,0.978,0.978,0.978,0.978,0.978,0.978,0.978,0.978,0.978,0.978
,TTM,,Opticoat Ag,Dimitri (check with Peter),0.907,0.898,0.889,0.886,0.888,0.889,0.9,0.912,0.926,0.941,0.958,0.969,0.978,0.985,0.991,0.997,0.998,0.998,0.999,0.987,0.977,0.974,0.971,0.971,0.971,0.971,0.971,0.971,0.971,0.972,0.972,0.972,0.973,0.973,0.973,0.973,0.974,0.976,0.978,0.98,0.981,0.982,0.985,0.987,0.99,0.993,0.997,0.976,0.991,0.968,0.959,0.96,0.963,0.966,0.972,0.979,0.984,0.99,0.996,0.996,0.997,0.997,0.998,0.998,0.994,0.989,0.987,0.986,0.985,0.985,0.987,0.988,0.988,0.988,0.988,0.988,0.988,0.987,0.987,0.986,0.986,0.987,0.987,0.988,0.988,0.988,0.989,0.989,0.99,0.99,0.991,0.991,0.991,0.991,0.991,0.991,0.992,0.992,0.992,0.992,0.992,0.992,0.992,0.991,0.988,0.989,0.991,0.991,0.989,0.996,0.996,0.996,0.996,0.997,0.997,0.997,0.997,0.997,0.996,0.996,0.996,0.996,0.996,0.996,0.996,0.996,0.996,0.996,0.997,0.997,0.997,0.995,0.992,0.993,0.996,0.997,0.998,0.999,0.999,0.999,0.999,0.999,0.999,0.999,0.999,0.999,0.999,0.999,0.999,0.991,0.977,0.981,0.985,0.968,0.962,0.955,0.958,0.963,0.979,0.992,0.999
,OAP1,,Opticoat Ag,Dimitri,0.907,0.898,0.889,0.886,0.888,0.889,0.9,0.912,0.926,0.941,0.958,0.969,0.978,0.985,0.991,0.997,0.998,0.998,0.999,0.987,0.977,0.974,0.971,0.971,0.971,0.971,0.971,0.971,0.971,0.972,0.972,0.972,0.973,0.973,0.973,0.973,0.974,0.976,0.978,0.98,0.981,0.982,0.985,0.987,0.99,0.993,0.997,0.976,0.991,0.968,0.959,0.96,0.963,0.966,0.972,0.979,0.984,0.99,0.996,0.996,0.997,0.997,0.998,0.998,0.994,0.989,0.987,0.986,0.985,0.985,0.987,0.988,0.988,0.988,0.988,0.988,0.988,0.987,0.987,0.986,0.986,0.987,0.987,0.988,0.988,0.988,0.989,0.989,0.99,0.99,0.991,0.991,0.991,0.991,0.991,0.991,0.992,0.992,0.992,0.992,0.992,0.992,0.992,0.991,0.988,0.989,0.991,0.991,0.989,0.996,0.996,0.996,0.996,0.997,0.997,0.997,0.997,0.997,0.996,0.996,0.996,0.996,0.996,0.996,0.996,0.996,0.996,0.996,0.997,0.997,0.997,0.995,0.992,0.993,0.996,0.997,0.998,0.999,0.999,0.999,0.999,0.999,0.999,0.999,0.999,0.999,0.999,0.999,0.999,0.991,0.977,0.981,0.985,0.968,0.962,0.955,0.958,0.963,0.979,0.992,0.999
,DM,,FSS-99 Ag,Dimitri,0.989,0.993,0.994,0.995,0.996,0.997,0.997,0.997,0.997,0.998,0.998,0.997,0.997,0.997,0.997,0.997,0.997,0.997,0.997,0.997,0.997,0.997,0.997,0.997,0.997,0.997,0.997,0.997,0.997,0.997,0.997,0.996,0.996,0.996,0.996,0.996,0.996,0.996,0.996,0.996,0.996,0.996,0.996,0.995,0.995,0.995,0.995,0.995,0.995,0.995,0.995,0.995,0.995,0.995,0.995,0.995,0.995,0.995,0.995,0.995,0.995,0.995,0.995,0.996,0.996,0.996,0.996,0.996,0.996,0.996,0.996,0.996,0.996,0.996,0.996,0.996,0.996,0.996,0.996,0.996,0.997,0.997,0.997,0.997,0.997,0.997,0.997,0.997,0.997,0.997,0.997,0.997,0.997,0.997,0.997,0.997,0.997,0.997,0.997,0.997,0.998,0.998,0.998,0.998,0.998,0.998,0.998,0.998,0.998,0.998,0.998,0.998,0.998,0.998,0.998,0.998,0.998,0.998,0.998,0.998,0.998,0.998,0.998,0.998,0.998,0.998,0.998,0.998,0.998,0.998,0.998,0.998,0.998,0.998,0.998,0.998,0.998,0.998,0.998,0.998,0.998,0.998,0.999,0.999,0.999,0.998,0.998,0.998,0.998,0.998,0.998,0.998,0.998,0.999,0.999,0.999,0.999,0.999,0.999,0.999,0.999
,OAP2,,Opticoat Ag,Dimitri,0.907,0.898,0.889,0.886,0.888,0.889,0.9,0.912,0.926,0.941,0.958,0.969,0.978,0.985,0.991,0.997,0.998,0.998,0.999,0.987,0.977,0.974,0.971,0.971,0.971,0.971,0.971,0.971,0.971,0.972,0.972,0.972,0.973,0.973,0.973,0.973,0.974,0.976,0.978,0.98,0.981,0.982,0.985,0.987,0.99,0.993,0.997,0.976,0.991,0.968,0.959,0.96,0.963,0.966,0.972,0.979,0.984,0.99,0.996,0.996,0.997,0.997,0.998,0.998,0.994,0.989,0.987,0.986,0.985,0.985,0.987,0.988,0.988,0.988,0.988,0.988,0.988,0.987,0.987,0.986,0.986,0.987,0.987,0.988,0.988,0.988,0.989,0.989,0.99,0.99,0.991,0.991,0.991,0.991,0.991,0.991,0.992,0.992,0.992,0.992,0.992,0.992,0.992,0.991,0.988,0.989,0.991,0.991,0.989,0.996,0.996,0.996,0.996,0.997,0.997,0.997,0.997,0.997,0.996,0.996,0.996,0.996,0.996,0.996,0.996,0.996,0.996,0.996,0.997,0.997,0.997,0.995,0.992,0.993,0.996,0.997,0.998,0.999,0.999,0.999,0.999,0.999,0.999,0.999,0.999,0.999,0.999,0.999,0.999,0.991,0.977,0.981,0.985,0.968,0.962,0.955,0.958,0.963,0.979,0.992,0.999
,VIS/IR dichroic,,CaF2 coated dichroic,Peter/Dimitri,0.001,0.001,0.002,0.003,0.004,0.005,0.006,0.012,0.035,0.068,0.04,0.02,0.017,0.023,0.041,0.094,0.259,0.584,0.784,0.779,0.813,0.903,0.953,0.935,0.903,0.903,0.929,0.946,0.936,0.905,0.88,0.877,0.897,0.924,0.94,0.931,0.902,0.866,0.84,0.833,0.843,0.865,0.893,0.915,0.926,0.923,0.913,0.901,0.891,0.89,0.895,0.906,0.918,0.928,0.933,0.93,0.922,0.909,0.894,0.881,0.871,0.865,0.864,0.866,0.871,0.879,0.89,0.9,0.91,0.92,0.929,0.937,0.944,0.949,0.953,0.955,0.958,0.959,0.959,0.958,0.957,0.955,0.951,0.947,0.942,0.937,0.932,0.926,0.922,0.918,0.913,0.909,0.905,0.901,0.9,0.898,0.897,0.896,0.898,0.899,0.902,0.904,0.907,0.909,0.914,0.917,0.921,0.926,0.929,0.933,0.935,0.939,0.943,0.947,0.95,0.954,0.957,0.96,0.963,0.965,0.968,0.97,0.972,0.973,0.975,0.977,0.977,0.978,0.979,0.98,0.98,0.982,0.98,0.98,0.98,0.98,0.981,0.979,0.979,0.979,0.977,0.977,0.975,0.976,0.975,0.977,0.976,0.976,0.976,0.976,0.974,0.977,0.977,0.977,0.976,0.978,0.978,0.977,0.978,0.976,0.975
,Pickoff,,Opticoat Ag,Dimitri (check with Nem),0.907,0.898,0.889,0.886,0.888,0.889,0.9,0.912,0.926,0.941,0.958,0.969,0.978,0.985,0.991,0.997,0.998,0.998,0.999,0.987,0.977,0.974,0.971,0.971,0.971,0.971,0.971,0.971,0.971,0.972,0.972,0.972,0.973,0.973,0.973,0.973,0.974,0.976,0.978,0.98,0.981,0.982,0.985,0.987,0.99,0.993,0.997,0.976,0.991,0.968,0.959,0.96,0.963,0.966,0.972,0.979,0.984,0.99,0.996,0.996,0.997,0.997,0.998,0.998,0.994,0.989,0.987,0.986,0.985,0.985,0.987,0.988,0.988,0.988,0.988,0.988,0.988,0.987,0.987,0.986,0.986,0.987,0.987,0.988,0.988,0.988,0.989,0.989,0.99,0.99,0.991,0.991,0.991,0.991,0.991,0.991,0.992,0.992,0.992,0.992,0.992,0.992,0.992,0.991,0.988,0.989,0.991,0.991,0.989,0.996,0.996,0.996,0.996,0.997,0.997,0.997,0.997,0.997,0.996,0.996,0.996,0.996,0.996,0.996,0.996,0.996,0.996,0.996,0.997,0.997,0.997,0.995,0.992,0.993,0.996,0.997,0.998,0.999,0.999,0.999,0.999,0.999,0.999,0.999,0.999,0.999,0.999,0.999,0.999,0.991,0.977,0.981,0.985,0.968,0.962,0.955,0.958,0.963,0.979,0.992,0.999
,FSM1,,Opticoat Ag,Dimitri,0.907,0.898,0.889,0.886,0.888,0.889,0.9,0.912,0.926,0.941,0.958,0.969,0.978,0.985,0.991,0.997,0.998,0.998,0.999,0.987,0.977,0.974,0.971,0.971,0.971,0.971,0.971,0.971,0.971,0.972,0.972,0.972,0.973,0.973,0.973,0.973,0.974,0.976,0.978,0.98,0.981,0.982,0.985,0.987,0.99,0.993,0.997,0.976,0.991,0.968,0.959,0.96,0.963,0.966,0.972,0.979,0.984,0.99,0.996,0.996,0.997,0.997,0.998,0.998,0.994,0.989,0.987,0.986,0.985,0.985,0.987,0.988,0.988,0.988,0.988,0.988,0.988,0.987,0.987,0.986,0.986,0.987,0.987,0.988,0.988,0.988,0.989,0.989,0.99,0.99,0.991,0.991,0.991,0.991,0.991,0.991,0.992,0.992,0.992,0.992,0.992,0.992,0.992,0.991,0.988,0.989,0.991,0.991,0.989,0.996,0.996,0.996,0.996,0.997,0.997,0.997,0.997,0.997,0.996,0.996,0.996,0.996,0.996,0.996,0.996,0.996,0.996,0.996,0.997,0.997,0.997,0.995,0.992,0.993,0.996,0.997,0.998,0.999,0.999,0.999,0.999,0.999,0.999,0.999,0.999,0.999,0.999,0.999,0.999,0.991,0.977,0.981,0.985,0.968,0.962,0.955,0.958,0.963,0.979,0.992,0.999
,FSM2,,Opticoat Ag,Dimitri,0.907,0.898,0.889,0.886,0.888,0.889,0.9,0.912,0.926,0.941,0.958,0.969,0.978,0.985,0.991,0.997,0.998,0.998,0.999,0.987,0.977,0.974,0.971,0.971,0.971,0.971,0.971,0.971,0.971,0.972,0.972,0.972,0.973,0.973,0.973,0.973,0.974,0.976,0.978,0.98,0.981,0.982,0.985,0.987,0.99,0.993,0.997,0.976,0.991,0.968,0.959,0.96,0.963,0.966,0.972,0.979,0.984,0.99,0.996,0.996,0.997,0.997,0.998,0.998,0.994,0.989,0.987,0.986,0.985,0.985,0.987,0.988,0.988,0.988,0.988,0.988,0.988,0.987,0.987,0.986,0.986,0.987,0.987,0.988,0.988,0.988,0.989,0.989,0.99,0.99,0.991,0.991,0.991,0.991,0.991,0.991,0.992,0.992,0.992,0.992,0.992,0.992,0.992,0.991,0.988,0.989,0.991,0.991,0.989,0.996,0.996,0.996,0.996,0.997,0.997,0.997,0.997,0.997,0.996,0.996,0.996,0.996,0.996,0.996,0.996,0.996,0.996,0.996,0.997,0.997,0.997,0.995,0.992,0.993,0.996,0.997,0.998,0.999,0.999,0.999,0.999,0.999,0.999,0.999,0.999,0.999,0.999,0.999,0.999,0.991,0.977,0.981,0.985,0.968,0.962,0.955,0.958,0.963,0.979,0.992,0.999
Subtotal,,,,,0,0,0,0.001,0.001,0.001,0.002,0.003,0.011,0.025,0.017,0.009,0.009,0.011,0.025,0.024,0.154,0.398,0.545,0.51,0.507,0.557,0.583,0.577,0.562,0.567,0.588,0.604,0.602,0.587,0.571,0.574,0.187,0.566,0.481,0.551,0.608,0.587,0.587,0.59,0.604,0.587,0.659,0.688,0.71,0.722,0.73,0.635,0.692,0.602,0.573,0.561,0.598,0.6,0.642,0.536,0.311,0,0.354,0.067,0.008,0.261,0.061,0.305,0.624,0.645,0.675,0.669,0.685,0.711,0.734,0.748,0.746,0.76,0.749,0.766,0.767,0.686,0.734,0.763,0.759,0.747,0.764,0.763,0.758,0.759,0.756,0.755,0.752,0.753,0.736,0.743,0.744,0.742,0.74,0.736,0.744,0.733,0.745,0.735,0.329,0.696,0.349,0.089,0,0.063,0,0.081,0.639,0.032,0.015,0.562,0.005,0.599,0.234,0.29,0.273,0.776,0.647,0.808,0.742,0.666,0.686,0.832,0.812,0.779,0.425,0.814,0.798,0.776,0.848,0.84,0.822,0.83,0.845,0.85,0.832,0.861,0.863,0.863,0.787,0.862,0.861,0.858,0.861,0.858,0.836,0.858,0.861,0.601,0.718,0.676,0.775,0.712,0.534,0.64,0.666,0.658,0.749,0.816,0.849
KPIC,OAP1,,Protected Au,Dimitri,0.964,0.965,0.966,0.967,0.967,0.968,0.969,0.969,0.97,0.971,0.971,0.972,0.972,0.973,0.974,0.974,0.975,0.976,0.976,0.977,0.977,0.977,0.977,0.977,0.977,0.977,0.977,0.977,0.977,0.977,0.977,0.977,0.977,0.977,0.977,0.977,0.977,0.977,0.977,0.977,0.977,0.978,0.978,0.978,0.978,0.978,0.978,0.978,0.978,0.978,0.978,0.978,0.978,0.978,0.978,0.978,0.978,0.978,0.978,0.978,0.979,0.979,0.979,0.979,0.979,0.979,0.979,0.979,0.979,0.979,0.979,0.979,0.979,0.979,0.979,0.98,0.98,0.98,0.98,0.98,0.98,0.98,0.98,0.98,0.98,0.98,0.98,0.98,0.98,0.98,0.981,0.981,0.981,0.981,0.981,0.981,0.981,0.981,0.981,0.981,0.981,0.981,0.981,0.981,0.981,0.981,0.981,0.981,0.981,0.981,0.982,0.982,0.982,0.982,0.982,0.982,0.982,0.982,0.982,0.982,0.982,0.982,0.982,0.982,0.982,0.982,0.982,0.982,0.982,0.982,0.982,0.982,0.982,0.982,0.982,0.982,0.983,0.983,0.983,0.983,0.983,0.983,0.983,0.983,0.983,0.983,0.983,0.983,0.983,0.983,0.983,0.983,0.983,0.983,0.983,0.983,0.983,0.983,0.983,0.983,0.983
,DM + window,,Protected Au,Dimitri,0.898,0.899,0.899,0.9,0.901,0.901,0.902,0.902,0.903,0.904,0.904,0.905,0.905,0.906,0.907,0.907,0.908,0.908,0.909,0.909,0.91,0.91,0.91,0.91,0.91,0.91,0.91,0.91,0.91,0.91,0.91,0.91,0.91,0.91,0.91,0.91,0.91,0.91,0.91,0.91,0.91,0.91,0.91,0.91,0.91,0.91,0.91,0.91,0.911,0.911,0.911,0.911,0.911,0.911,0.911,0.911,0.911,0.911,0.911,0.911,0.911,0.911,0.911,0.911,0.911,0.911,0.911,0.912,0.912,0.912,0.912,0.912,0.912,0.912,0.912,0.912,0.912,0.912,0.912,0.912,0.912,0.912,0.912,0.913,0.913,0.913,0.913,0.913,0.913,0.913,0.913,0.913,0.913,0.913,0.913,0.913,0.913,0.913,0.913,0.913,0.913,0.914,0.914,0.914,0.914,0.914,0.914,0.914,0.914,0.914,0.914,0.914,0.914,0.914,0.914,0.914,0.914,0.914,0.914,0.914,0.914,0.915,0.915,0.915,0.915,0.915,0.915,0.915,0.915,0.915,0.915,0.915,0.915,0.915,0.915,0.915,0.915,0.915,0.915,0.915,0.915,0.915,0.915,0.915,0.915,0.915,0.915,0.915,0.915,0.915,0.915,0.915,0.915,0.915,0.915,0.915,0.915,0.916,0.916,0.916,0.916
,PyWFS dichroic,,Custom,Nem,0.96,0.96,0.96,0.96,0.96,0.96,0.96,0.96,0.96,0.96,0.96,0.96,0.96,0.96,0.96,0.96,0.96,0.96,0.96,0.96,0.96,0.96,0.96,0.96,0.96,0.96,0.96,0.96,0.96,0.96,0.96,0.96,0.96,0.96,0.96,0.96,0.96,0.96,0.96,0.96,0.96,0.96,0.96,0.96,0.96,0.96,0.96,0.96,0.96,0.96,0.96,0.96,0.96,0.96,0.96,0.96,0.96,0.96,0.96,0.96,0.96,0.96,0.96,0.96,0.96,0.96,0.96,0.96,0.96,0.96,0.96,0.96,0.96,0.96,0.96,0.96,0.96,0.96,0.96,0.96,0.96,0.96,0.96,0.96,0.96,0.96,0.96,0.96,0.96,0.96,0.96,0.96,0.96,0.96,0.96,0.96,0.96,0.96,0.96,0.96,0.96,0.96,0.96,0.96,0.96,0.96,0.96,0.96,0.96,0.96,0.96,0.96,0.96,0.96,0.96,0.96,0.96,0.96,0.96,0.96,0.96,0.96,0.96,0.96,0.96,0.96,0.96,0.96,0.96,0.96,0.96,0.96,0.96,0.96,0.96,0.96,0.96,0.96,0.96,0.96,0.96,0.96,0.96,0.96,0.96,0.96,0.96,0.96,0.96,0.96,0.96,0.96,0.96,0.96,0.96,0.96,0.96,0.96,0.96,0.96,0.96
,OAP2,,Protected Au,Dimitri,0.964,0.965,0.966,0.967,0.967,0.968,0.969,0.969,0.97,0.971,0.971,0.972,0.972,0.973,0.974,0.974,0.975,0.976,0.976,0.977,0.977,0.977,0.977,0.977,0.977,0.977,0.977,0.977,0.977,0.977,0.977,0.977,0.977,0.977,0.977,0.977,0.977,0.977,0.977,0.977,0.977,0.978,0.978,0.978,0.978,0.978,0.978,0.978,0.978,0.978,0.978,0.978,0.978,0.978,0.978,0.978,0.978,0.978,0.978,0.978,0.979,0.979,0.979,0.979,0.979,0.979,0.979,0.979,0.979,0.979,0.979,0.979,0.979,0.979,0.979,0.98,0.98,0.98,0.98,0.98,0.98,0.98,0.98,0.98,0.98,0.98,0.98,0.98,0.98,0.98,0.981,0.981,0.981,0.981,0.981,0.981,0.981,0.981,0.981,0.981,0.981,0.981,0.981,0.981,0.981,0.981,0.981,0.981,0.981,0.981,0.982,0.982,0.982,0.982,0.982,0.982,0.982,0.982,0.982,0.982,0.982,0.982,0.982,0.982,0.982,0.982,0.982,0.982,0.982,0.982,0.982,0.982,0.982,0.982,0.982,0.982,0.983,0.983,0.983,0.983,0.983,0.983,0.983,0.983,0.983,0.983,0.983,0.983,0.983,0.983,0.983,0.983,0.983,0.983,0.983,0.983,0.983,0.983,0.983,0.983,0.983
,OAP3,,Protected Au,Dimitri,0.964,0.965,0.966,0.967,0.967,0.968,0.969,0.969,0.97,0.971,0.971,0.972,0.972,0.973,0.974,0.974,0.975,0.976,0.976,0.977,0.977,0.977,0.977,0.977,0.977,0.977,0.977,0.977,0.977,0.977,0.977,0.977,0.977,0.977,0.977,0.977,0.977,0.977,0.977,0.977,0.977,0.978,0.978,0.978,0.978,0.978,0.978,0.978,0.978,0.978,0.978,0.978,0.978,0.978,0.978,0.978,0.978,0.978,0.978,0.978,0.979,0.979,0.979,0.979,0.979,0.979,0.979,0.979,0.979,0.979,0.979,0.979,0.979,0.979,0.979,0.98,0.98,0.98,0.98,0.98,0.98,0.98,0.98,0.98,0.98,0.98,0.98,0.98,0.98,0.98,0.981,0.981,0.981,0.981,0.981,0.981,0.981,0.981,0.981,0.981,0.981,0.981,0.981,0.981,0.981,0.981,0.981,0.981,0.981,0.981,0.982,0.982,0.982,0.982,0.982,0.982,0.982,0.982,0.982,0.982,0.982,0.982,0.982,0.982,0.982,0.982,0.982,0.982,0.982,0.982,0.982,0.982,0.982,0.982,0.982,0.982,0.983,0.983,0.983,0.983,0.983,0.983,0.983,0.983,0.983,0.983,0.983,0.983,0.983,0.983,0.983,0.983,0.983,0.983,0.983,0.983,0.983,0.983,0.983,0.983,0.983
,Coronagraph,,Custom,Ignore for now,1,1,1,1,1,1,1,1,1,1,1,1,1,1,1,1,1,1,1,1,1,1,1,1,1,1,1,1,1,1,1,1,1,1,1,1,1,1,1,1,1,1,1,1,1,1,1,1,1,1,1,1,1,1,1,1,1,1,1,1,1,1,1,1,1,1,1,1,1,1,1,1,1,1,1,1,1,1,1,1,1,1,1,1,1,1,1,1,1,1,1,1,1,1,1,1,1,1,1,1,1,1,1,1,1,1,1,1,1,1,1,1,1,1,1,1,1,1,1,1,1,1,1,1,1,1,1,1,1,1,1,1,1,1,1,1,1,1,1,1,1,1,1,1,1,1,1,1,1,1,1,1,1,1,1,1,1,1,1,1,1
,ADC,,Custom,Nem,0.9,0.9,0.9,0.9,0.9,0.9,0.9,0.9,0.9,0.9,0.9,0.9,0.9,0.9,0.9,0.9,0.9,0.9,0.9,0.9,0.9,0.9,0.9,0.9,0.9,0.9,0.9,0.9,0.9,0.9,0.9,0.9,0.9,0.9,0.9,0.9,0.9,0.9,0.9,0.9,0.9,0.9,0.9,0.9,0.9,0.9,0.9,0.9,0.9,0.9,0.9,0.9,0.9,0.9,0.9,0.9,0.9,0.9,0.9,0.9,0.9,0.9,0.9,0.9,0.9,0.9,0.9,0.9,0.9,0.9,0.9,0.9,0.9,0.9,0.9,0.9,0.9,0.9,0.9,0.9,0.9,0.9,0.9,0.9,0.9,0.9,0.9,0.9,0.9,0.9,0.9,0.9,0.9,0.9,0.9,0.9,0.9,0.9,0.9,0.9,0.9,0.9,0.9,0.9,0.9,0.9,0.9,0.9,0.9,0.9,0.9,0.9,0.9,0.9,0.9,0.9,0.9,0.9,0.9,0.9,0.9,0.9,0.9,0.9,0.9,0.9,0.9,0.9,0.9,0.9,0.9,0.9,0.9,0.9,0.9,0.9,0.9,0.9,0.9,0.9,0.9,0.9,0.9,0.9,0.9,0.9,0.9,0.9,0.9,0.9,0.9,0.9,0.9,0.9,0.9,0.9,0.9,0.9,0.9,0.9,0.9
,OAP4,,Protected Au,Dimitri,0.964,0.965,0.966,0.967,0.967,0.968,0.969,0.969,0.97,0.971,0.971,0.972,0.972,0.973,0.974,0.974,0.975,0.976,0.976,0.977,0.977,0.977,0.977,0.977,0.977,0.977,0.977,0.977,0.977,0.977,0.977,0.977,0.977,0.977,0.977,0.977,0.977,0.977,0.977,0.977,0.977,0.978,0.978,0.978,0.978,0.978,0.978,0.978,0.978,0.978,0.978,0.978,0.978,0.978,0.978,0.978,0.978,0.978,0.978,0.978,0.979,0.979,0.979,0.979,0.979,0.979,0.979,0.979,0.979,0.979,0.979,0.979,0.979,0.979,0.979,0.98,0.98,0.98,0.98,0.98,0.98,0.98,0.98,0.98,0.98,0.98,0.98,0.98,0.98,0.98,0.981,0.981,0.981,0.981,0.981,0.981,0.981,0.981,0.981,0.981,0.981,0.981,0.981,0.981,0.981,0.981,0.981,0.981,0.981,0.981,0.982,0.982,0.982,0.982,0.982,0.982,0.982,0.982,0.982,0.982,0.982,0.982,0.982,0.982,0.982,0.982,0.982,0.982,0.982,0.982,0.982,0.982,0.982,0.982,0.982,0.982,0.983,0.983,0.983,0.983,0.983,0.983,0.983,0.983,0.983,0.983,0.983,0.983,0.983,0.983,0.983,0.983,0.983,0.983,0.983,0.983,0.983,0.983,0.983,0.983,0.983
,OAP5,,Protected Au,Dimitri,0.964,0.965,0.966,0.967,0.967,0.968,0.969,0.969,0.97,0.971,0.971,0.972,0.972,0.973,0.974,0.974,0.975,0.976,0.976,0.977,0.977,0.977,0.977,0.977,0.977,0.977,0.977,0.977,0.977,0.977,0.977,0.977,0.977,0.977,0.977,0.977,0.977,0.977,0.977,0.977,0.977,0.978,0.978,0.978,0.978,0.978,0.978,0.978,0.978,0.978,0.978,0.978,0.978,0.978,0.978,0.978,0.978,0.978,0.978,0.978,0.979,0.979,0.979,0.979,0.979,0.979,0.979,0.979,0.979,0.979,0.979,0.979,0.979,0.979,0.979,0.98,0.98,0.98,0.98,0.98,0.98,0.98,0.98,0.98,0.98,0.98,0.98,0.98,0.98,0.98,0.981,0.981,0.981,0.981,0.981,0.981,0.981,0.981,0.981,0.981,0.981,0.981,0.981,0.981,0.981,0.981,0.981,0.981,0.981,0.981,0.982,0.982,0.982,0.982,0.982,0.982,0.982,0.982,0.982,0.982,0.982,0.982,0.982,0.982,0.982,0.982,0.982,0.982,0.982,0.982,0.982,0.982,0.982,0.982,0.982,0.982,0.983,0.983,0.983,0.983,0.983,0.983,0.983,0.983,0.983,0.983,0.983,0.983,0.983,0.983,0.983,0.983,0.983,0.983,0.983,0.983,0.983,0.983,0.983,0.983,0.983
,TTM,,Protected Au,Dimitri,0.964,0.965,0.966,0.967,0.967,0.968,0.969,0.969,0.97,0.971,0.971,0.972,0.972,0.973,0.974,0.974,0.975,0.976,0.976,0.977,0.977,0.977,0.977,0.977,0.977,0.977,0.977,0.977,0.977,0.977,0.977,0.977,0.977,0.977,0.977,0.977,0.977,0.977,0.977,0.977,0.977,0.978,0.978,0.978,0.978,0.978,0.978,0.978,0.978,0.978,0.978,0.978,0.978,0.978,0.978,0.978,0.978,0.978,0.978,0.978,0.979,0.979,0.979,0.979,0.979,0.979,0.979,0.979,0.979,0.979,0.979,0.979,0.979,0.979,0.979,0.98,0.98,0.98,0.98,0.98,0.98,0.98,0.98,0.98,0.98,0.98,0.98,0.98,0.98,0.98,0.981,0.981,0.981,0.981,0.981,0.981,0.981,0.981,0.981,0.981,0.981,0.981,0.981,0.981,0.981,0.981,0.981,0.981,0.981,0.981,0.982,0.982,0.982,0.982,0.982,0.982,0.982,0.982,0.982,0.982,0.982,0.982,0.982,0.982,0.982,0.982,0.982,0.982,0.982,0.982,0.982,0.982,0.982,0.982,0.982,0.982,0.983,0.983,0.983,0.983,0.983,0.983,0.983,0.983,0.983,0.983,0.983,0.983,0.983,0.983,0.983,0.983,0.983,0.983,0.983,0.983,0.983,0.983,0.983,0.983,0.983
,FM,,Protected Au,Dimitri,0.964,0.965,0.966,0.967,0.967,0.968,0.969,0.969,0.97,0.971,0.971,0.972,0.972,0.973,0.974,0.974,0.975,0.976,0.976,0.977,0.977,0.977,0.977,0.977,0.977,0.977,0.977,0.977,0.977,0.977,0.977,0.977,0.977,0.977,0.977,0.977,0.977,0.977,0.977,0.977,0.977,0.978,0.978,0.978,0.978,0.978,0.978,0.978,0.978,0.978,0.978,0.978,0.978,0.978,0.978,0.978,0.978,0.978,0.978,0.978,0.979,0.979,0.979,0.979,0.979,0.979,0.979,0.979,0.979,0.979,0.979,0.979,0.979,0.979,0.979,0.98,0.98,0.98,0.98,0.98,0.98,0.98,0.98,0.98,0.98,0.98,0.98,0.98,0.98,0.98,0.981,0.981,0.981,0.981,0.981,0.981,0.981,0.981,0.981,0.981,0.981,0.981,0.981,0.981,0.981,0.981,0.981,0.981,0.981,0.981,0.982,0.982,0.982,0.982,0.982,0.982,0.982,0.982,0.982,0.982,0.982,0.982,0.982,0.982,0.982,0.982,0.982,0.982,0.982,0.982,0.982,0.982,0.982,0.982,0.982,0.982,0.983,0.983,0.983,0.983,0.983,0.983,0.983,0.983,0.983,0.983,0.983,0.983,0.983,0.983,0.983,0.983,0.983,0.983,0.983,0.983,0.983,0.983,0.983,0.983,0.983
,Tracking dichroic,,Custom,Nem,0.882,0.882,0.882,0.882,0.882,0.882,0.882,0.882,0.882,0.882,0.882,0.882,0.882,0.882,0.882,0.882,0.882,0.882,0.882,0.882,0.882,0.882,0.882,0.882,0.882,0.882,0.882,0.882,0.882,0.882,0.882,0.882,0.882,0.882,0.882,0.882,0.882,0.882,0.882,0.882,0.882,0.882,0.882,0.882,0.882,0.882,0.882,0.882,0.882,0.882,0.882,0.882,0.882,0.882,0.882,0.882,0.882,0.882,0.882,0.882,0.882,0.882,0.882,0.882,0.882,0.882,0.882,0.882,0.882,0.882,0.882,0.882,0.882,0.882,0.882,0.882,0.882,0.882,0.882,0.882,0.882,0.882,0.882,0.882,0.882,0.882,0.882,0.882,0.882,0.882,0.882,0.882,0.882,0.882,0.882,0.882,0.882,0.882,0.882,0.882,0.882,0.882,0.882,0.882,0.882,0.882,0.882,0.882,0.882,0.882,0.882,0.882,0.882,0.882,0.882,0.882,0.882,0.882,0.882,0.882,0.882,0.882,0.882,0.882,0.882,0.882,0.882,0.882,0.882,0.882,0.882,0.882,0.882,0.882,0.882,0.882,0.882,0.882,0.882,0.882,0.882,0.882,0.882,0.882,0.882,0.882,0.882,0.882,0.882,0.882,0.882,0.882,0.882,0.882,0.882,0.882,0.882,0.882,0.882,0.882,0.882
,PIAA,,Custom,Nem,0.922,0.922,0.922,0.922,0.922,0.922,0.922,0.922,0.922,0.922,0.922,0.922,0.922,0.922,0.922,0.922,0.922,0.922,0.922,0.922,0.922,0.922,0.922,0.922,0.922,0.922,0.922,0.922,0.922,0.922,0.922,0.922,0.922,0.922,0.922,0.922,0.922,0.922,0.922,0.922,0.922,0.922,0.922,0.922,0.922,0.922,0.922,0.922,0.922,0.922,0.922,0.922,0.922,0.922,0.922,0.922,0.922,0.922,0.922,0.922,0.922,0.922,0.922,0.922,0.922,0.922,0.922,0.922,0.922,0.922,0.922,0.922,0.922,0.922,0.922,0.922,0.922,0.922,0.922,0.922,0.922,0.922,0.922,0.922,0.922,0.922,0.922,0.922,0.922,0.922,0.922,0.922,0.922,0.922,0.922,0.922,0.922,0.922,0.922,0.922,0.922,0.922,0.922,0.922,0.922,0.922,0.922,0.922,0.922,0.922,0.922,0.922,0.922,0.922,0.922,0.922,0.922,0.922,0.922,0.922,0.922,0.922,0.922,0.922,0.922,0.922,0.922,0.922,0.922,0.922,0.922,0.922,0.922,0.922,0.922,0.922,0.922,0.922,0.922,0.922,0.922,0.922,0.922,0.922,0.922,0.922,0.922,0.922,0.922,0.922,0.922,0.922,0.922,0.922,0.922,0.922,0.922,0.922,0.922,0.922,0.922
,Channel splitter,,Custom,Nem,0.97,0.97,0.97,0.97,0.97,0.97,0.97,0.97,0.97,0.97,0.97,0.97,0.97,0.97,0.97,0.97,0.97,0.97,0.97,0.97,0.97,0.97,0.97,0.97,0.97,0.97,0.97,0.97,0.97,0.97,0.97,0.97,0.97,0.97,0.97,0.97,0.97,0.97,0.97,0.97,0.97,0.97,0.97,0.97,0.97,0.97,0.97,0.97,0.97,0.97,0.97,0.97,0.97,0.97,0.97,0.97,0.97,0.97,0.97,0.97,0.97,0.97,0.97,0.97,0.97,0.97,0.97,0.97,0.97,0.97,0.97,0.97,0.97,0.97,0.97,0.97,0.97,0.97,0.97,0.97,0.97,0.97,0.97,0.97,0.97,0.97,0.97,0.97,0.97,0.97,0.97,0.97,0.97,0.97,0.97,0.97,0.97,0.97,0.97,0.97,0.97,0.97,0.97,0.97,0.97,0.97,0.97,0.97,0.97,0.97,0.97,0.97,0.97,0.97,0.97,0.97,0.97,0.97,0.97,0.97,0.97,0.97,0.97,0.97,0.97,0.97,0.97,0.97,0.97,0.97,0.97,0.97,0.97,0.97,0.97,0.97,0.97,0.97,0.97,0.97,0.97,0.97,0.97,0.97,0.97,0.97,0.97,0.97,0.97,0.97,0.97,0.97,0.97,0.97,0.97,0.97,0.97,0.97,0.97,0.97,0.97
,Injection lens/OAP,,Protected Au,Nem,0.961,0.961,0.961,0.961,0.961,0.961,0.961,0.961,0.961,0.961,0.961,0.961,0.961,0.961,0.961,0.961,0.961,0.961,0.961,0.961,0.961,0.961,0.961,0.961,0.961,0.961,0.961,0.961,0.961,0.961,0.961,0.961,0.961,0.961,0.961,0.961,0.961,0.961,0.961,0.961,0.961,0.961,0.961,0.961,0.961,0.961,0.961,0.961,0.961,0.961,0.961,0.961,0.961,0.961,0.961,0.961,0.961,0.961,0.961,0.961,0.961,0.961,0.961,0.961,0.961,0.961,0.961,0.961,0.961,0.961,0.961,0.961,0.961,0.961,0.961,0.961,0.961,0.961,0.961,0.961,0.961,0.961,0.961,0.961,0.961,0.961,0.961,0.961,0.961,0.961,0.961,0.961,0.961,0.961,0.961,0.961,0.961,0.961,0.961,0.961,0.961,0.961,0.961,0.961,0.961,0.961,0.961,0.961,0.961,0.961,0.961,0.961,0.961,0.961,0.961,0.961,0.961,0.961,0.961,0.961,0.961,0.961,0.961,0.961,0.961,0.961,0.961,0.961,0.961,0.961,0.961,0.961,0.961,0.961,0.961,0.961,0.961,0.961,0.961,0.961,0.961,0.961,0.961,0.961,0.961,0.961,0.961,0.961,0.961,0.961,0.961,0.961,0.961,0.961,0.961,0.961,0.961,0.961,0.961,0.961,0.961
Subtotal,,,,,0,0,0,0,0,0.001,0.001,0.002,0.005,0.012,0.008,0.005,0.004,0.006,0.012,0.012,0.077,0.199,0.274,0.257,0.256,0.281,0.295,0.292,0.284,0.287,0.298,0.306,0.305,0.297,0.289,0.291,0.095,0.287,0.244,0.279,0.308,0.298,0.298,0.299,0.307,0.298,0.335,0.35,0.361,0.368,0.372,0.323,0.353,0.307,0.292,0.286,0.305,0.306,0.328,0.274,0.159,0,0.181,0.034,0.004,0.134,0.032,0.156,0.321,0.331,0.347,0.344,0.352,0.366,0.378,0.385,0.385,0.393,0.387,0.396,0.396,0.355,0.38,0.395,0.393,0.387,0.396,0.396,0.393,0.394,0.393,0.392,0.391,0.392,0.384,0.387,0.388,0.387,0.386,0.384,0.388,0.383,0.39,0.384,0.172,0.364,0.182,0.047,0,0.033,0,0.043,0.335,0.017,0.008,0.295,0.003,0.315,0.123,0.153,0.144,0.409,0.341,0.426,0.391,0.352,0.362,0.439,0.429,0.411,0.224,0.43,0.422,0.41,0.448,0.444,0.434,0.439,0.447,0.45,0.44,0.456,0.457,0.457,0.417,0.457,0.456,0.455,0.456,0.455,0.443,0.456,0.457,0.32,0.382,0.359,0.412,0.379,0.284,0.34,0.354,0.35,0.399,0.435,0.453
Fiber,Fiber coupling dynamic,,Strehl (will depend on NGS mag),Dimitri,0.25,0.258,0.267,0.275,0.284,0.292,0.301,0.309,0.318,0.326,0.334,0.342,0.35,0.358,0.366,0.374,0.381,0.389,0.397,0.404,0.411,0.419,0.426,0.433,0.44,0.447,0.454,0.46,0.467,0.473,0.48,0.486,0.493,0.499,0.505,0.511,0.517,0.523,0.528,0.534,0.54,0.545,0.551,0.556,0.561,0.566,0.571,0.577,0.581,0.586,0.591,0.596,0.601,0.605,0.61,0.614,0.619,0.623,0.627,0.631,0.636,0.64,0.644,0.648,0.652,0.655,0.659,0.663,0.667,0.67,0.674,0.677,0.681,0.684,0.688,0.691,0.694,0.697,0.701,0.704,0.707,0.71,0.713,0.716,0.719,0.722,0.724,0.727,0.73,0.733,0.735,0.738,0.741,0.743,0.746,0.748,0.751,0.753,0.756,0.758,0.76,0.763,0.765,0.767,0.769,0.771,0.774,0.776,0.778,0.78,0.782,0.784,0.786,0.788,0.79,0.792,0.794,0.795,0.797,0.799,0.801,0.803,0.804,0.806,0.808,0.809,0.811,0.813,0.814,0.816,0.818,0.819,0.821,0.822,0.824,0.825,0.827,0.828,0.83,0.831,0.832,0.834,0.835,0.836,0.838,0.839,0.84,0.842,0.843,0.844,0.845,0.847,0.848,0.849,0.85,0.851,0.853,0.854,0.855,0.856,0.857
,Fiber coupling static,,30 nm rms NCPA,Dimitri,0.946,0.947,0.949,0.95,0.951,0.952,0.953,0.954,0.955,0.956,0.957,0.958,0.959,0.96,0.961,0.961,0.962,0.963,0.964,0.964,0.965,0.966,0.966,0.967,0.968,0.968,0.969,0.969,0.97,0.971,0.971,0.972,0.972,0.973,0.973,0.973,0.974,0.974,0.975,0.975,0.976,0.976,0.976,0.977,0.977,0.978,0.978,0.978,0.979,0.979,0.979,0.98,0.98,0.98,0.98,0.981,0.981,0.981,0.982,0.982,0.982,0.982,0.983,0.983,0.983,0.983,0.983,0.984,0.984,0.984,0.984,0.985,0.985,0.985,0.985,0.985,0.986,0.986,0.986,0.986,0.986,0.986,0.987,0.987,0.987,0.987,0.987,0.987,0.987,0.988,0.988,0.988,0.988,0.988,0.988,0.988,0.989,0.989,0.989,0.989,0.989,0.989,0.989,0.989,0.99,0.99,0.99,0.99,0.99,0.99,0.99,0.99,0.99,0.991,0.991,0.991,0.991,0.991,0.991,0.991,0.991,0.991,0.991,0.991,0.991,0.992,0.992,0.992,0.992,0.992,0.992,0.992,0.992,0.992,0.992,0.992,0.992,0.992,0.993,0.993,0.993,0.993,0.993,0.993,0.993,0.993,0.993,0.993,0.993,0.993,0.993,0.993,0.993,0.993,0.994,0.994,0.994,0.994,0.994,0.994,0.994
,Fiber coupling diffraction,,Keck aperture geometry mismatch,Nem,0.643,0.644,0.645,0.647,0.648,0.648,0.649,0.65,0.651,0.651,0.652,0.653,0.653,0.653,0.654,0.654,0.654,0.655,0.655,0.655,0.655,0.655,0.656,0.656,0.656,0.656,0.656,0.656,0.656,0.656,0.656,0.656,0.656,0.656,0.656,0.656,0.656,0.656,0.656,0.656,0.656,0.656,0.656,0.656,0.656,0.656,0.656,0.656,0.656,0.656,0.656,0.656,0.656,0.656,0.656,0.656,0.656,0.656,0.656,0.656,0.656,0.656,0.656,0.656,0.656,0.656,0.656,0.656,0.65,0.65,0.651,0.651,0.652,0.652,0.652,0.653,0.653,0.653,0.653,0.654,0.654,0.654,0.654,0.654,0.654,0.655,0.655,0.655,0.655,0.655,0.655,0.655,0.655,0.655,0.656,0.656,0.656,0.656,0.656,0.656,0.656,0.656,0.656,0.656,0.656,0.656,0.656,0.656,0.656,0.656,0.656,0.656,0.656,0.656,0.656,0.656,0.656,0.656,0.656,0.656,0.656,0.656,0.656,0.656,0.656,0.656,0.656,0.656,0.656,0.656,0.656,0.656,0.656,0.656,0.656,0.656,0.656,0.656,0.656,0.656,0.656,0.656,0.656,0.656,0.656,0.656,0.656,0.656,0.656,0.656,0.656,0.656,0.656,0.656,0.656,0.656,0.656,0.656,0.656,0.656,0.656
,PIAA coupling gain,,Apodization,Nem,1.308,1.308,1.308,1.308,1.308,1.308,1.308,1.308,1.308,1.308,1.308,1.308,1.308,1.308,1.308,1.308,1.308,1.308,1.308,1.308,1.308,1.308,1.308,1.308,1.308,1.308,1.308,1.308,1.308,1.308,1.308,1.308,1.308,1.308,1.308,1.308,1.308,1.308,1.308,1.308,1.308,1.308,1.308,1.308,1.308,1.308,1.308,1.308,1.308,1.308,1.308,1.308,1.308,1.308,1.308,1.308,1.308,1.308,1.308,1.308,1.308,1.308,1.308,1.308,1.308,1.308,1.308,1.308,1.308,1.308,1.308,1.308,1.308,1.308,1.308,1.308,1.308,1.308,1.308,1.308,1.308,1.308,1.308,1.308,1.308,1.308,1.308,1.308,1.308,1.308,1.308,1.308,1.308,1.308,1.308,1.308,1.308,1.308,1.308,1.308,1.308,1.308,1.308,1.308,1.308,1.308,1.308,1.308,1.308,1.308,1.308,1.308,1.308,1.308,1.308,1.308,1.308,1.308,1.308,1.308,1.308,1.308,1.308,1.308,1.308,1.308,1.308,1.308,1.308,1.308,1.308,1.308,1.308,1.308,1.308,1.308,1.308,1.308,1.308,1.308,1.308,1.308,1.308,1.308,1.308,1.308,1.308,1.308,1.308,1.308,1.308,1.308,1.308,1.308,1.308,1.308,1.308,1.308,1.308,1.308,1.308
,Fiber input,,Custom,Nem,0.99,0.99,0.99,0.99,0.99,0.99,0.99,0.99,0.99,0.99,0.99,0.99,0.99,0.99,0.99,0.99,0.99,0.99,0.99,0.99,0.99,0.99,0.99,0.99,0.99,0.99,0.99,0.99,0.99,0.99,0.99,0.99,0.99,0.99,0.99,0.99,0.99,0.99,0.99,0.99,0.99,0.99,0.99,0.99,0.99,0.99,0.99,0.99,0.99,0.99,0.99,0.99,0.99,0.99,0.99,0.99,0.99,0.99,0.99,0.99,0.99,0.99,0.99,0.99,0.99,0.99,0.99,0.99,0.99,0.99,0.99,0.99,0.99,0.99,0.99,0.99,0.99,0.99,0.99,0.99,0.99,0.99,0.99,0.99,0.99,0.99,0.99,0.99,0.99,0.99,0.99,0.99,0.99,0.99,0.99,0.99,0.99,0.99,0.99,0.99,0.99,0.99,0.99,0.99,0.99,0.99,0.99,0.99,0.99,0.99,0.99,0.99,0.99,0.99,0.99,0.99,0.99,0.99,0.99,0.99,0.99,0.99,0.99,0.99,0.99,0.99,0.99,0.99,0.99,0.99,0.99,0.99,0.99,0.99,0.99,0.99,0.99,0.99,0.99,0.99,0.99,0.99,0.99,0.99,0.99,0.99,0.99,0.99,0.99,0.99,0.99,0.99,0.99,0.99,0.99,0.99,0.99,0.99,0.99,0.99,0.99
,Propagation,,Custom,Nem,0.96,0.961,0.962,0.964,0.965,0.966,0.967,0.968,0.97,0.971,0.972,0.973,0.975,0.976,0.977,0.978,0.979,0.98,0.98,0.981,0.981,0.982,0.982,0.983,0.984,0.985,0.985,0.986,0.986,0.987,0.987,0.987,0.987,0.988,0.988,0.988,0.988,0.988,0.989,0.989,0.989,0.99,0.99,0.991,0.992,0.992,0.992,0.992,0.992,0.993,0.993,0.993,0.993,0.993,0.993,0.992,0.992,0.992,0.988,0.987,0.989,0.991,0.993,0.993,0.994,0.737,0.743,0.748,0.752,0.758,0.766,0.77,0.774,0.778,0.783,0.788,0.792,0.796,0.799,0.802,0.805,0.809,0.814,0.818,0.822,0.824,0.826,0.828,0.83,0.832,0.835,0.837,0.839,0.841,0.843,0.844,0.845,0.847,0.849,0.85,0.851,0.853,0.854,0.855,0.856,0.857,0.858,0.859,0.86,0.86,0.861,0.861,0.862,0.862,0.863,0.863,0.863,0.863,0.862,0.861,0.86,0.859,0.857,0.855,0.854,0.854,0.856,0.856,0.856,0.856,0.856,0.855,0.854,0.853,0.852,0.851,0.85,0.848,0.847,0.845,0.843,0.841,0.839,0.838,0.836,0.835,0.833,0.832,0.831,0.829,0.828,0.827,0.826,0.826,0.825,0.823,0.821,0.819,0.817,0.816,0.815
,Breakout,,Custom,Nem,0.98,0.98,0.98,0.98,0.98,0.98,0.98,0.98,0.98,0.98,0.98,0.98,0.98,0.98,0.98,0.98,0.98,0.98,0.98,0.98,0.98,0.98,0.98,0.98,0.98,0.98,0.98,0.98,0.98,0.98,0.98,0.98,0.98,0.98,0.98,0.98,0.98,0.98,0.98,0.98,0.98,0.98,0.98,0.98,0.98,0.98,0.98,0.98,0.98,0.98,0.98,0.98,0.98,0.98,0.98,0.98,0.98,0.98,0.98,0.98,0.98,0.98,0.98,0.98,0.98,0.98,0.98,0.98,0.98,0.98,0.98,0.98,0.98,0.98,0.98,0.98,0.98,0.98,0.98,0.98,0.98,0.98,0.98,0.98,0.98,0.98,0.98,0.98,0.98,0.98,0.98,0.98,0.98,0.98,0.98,0.98,0.98,0.98,0.98,0.98,0.98,0.98,0.98,0.98,0.98,0.98,0.98,0.98,0.98,0.98,0.98,0.98,0.98,0.98,0.98,0.98,0.98,0.98,0.98,0.98,0.98,0.98,0.98,0.98,0.98,0.98,0.98,0.98,0.98,0.98,0.98,0.98,0.98,0.98,0.98,0.98,0.98,0.98,0.98,0.98,0.98,0.98,0.98,0.98,0.98,0.98,0.98,0.98,0.98,0.98,0.98,0.98,0.98,0.98,0.98,0.98,0.98,0.98,0.98,0.98,0.98
,Fiber output,,Custom,Nem,0.99,0.99,0.99,0.99,0.99,0.99,0.99,0.99,0.99,0.99,0.99,0.99,0.99,0.99,0.99,0.99,0.99,0.99,0.99,0.99,0.99,0.99,0.99,0.99,0.99,0.99,0.99,0.99,0.99,0.99,0.99,0.99,0.99,0.99,0.99,0.99,0.99,0.99,0.99,0.99,0.99,0.99,0.99,0.99,0.99,0.99,0.99,0.99,0.99,0.99,0.99,0.99,0.99,0.99,0.99,0.99,0.99,0.99,0.99,0.99,0.99,0.99,0.99,0.99,0.99,0.99,0.99,0.99,0.99,0.99,0.99,0.99,0.99,0.99,0.99,0.99,0.99,0.99,0.99,0.99,0.99,0.99,0.99,0.99,0.99,0.99,0.99,0.99,0.99,0.99,0.99,0.99,0.99,0.99,0.99,0.99,0.99,0.99,0.99,0.99,0.99,0.99,0.99,0.99,0.99,0.99,0.99,0.99,0.99,0.99,0.99,0.99,0.99,0.99,0.99,0.99,0.99,0.99,0.99,0.99,0.99,0.99,0.99,0.99,0.99,0.99,0.99,0.99,0.99,0.99,0.99,0.99,0.99,0.99,0.99,0.99,0.99,0.99,0.99,0.99,0.99,0.99,0.99,0.99,0.99,0.99,0.99,0.99,0.99,0.99,0.99,0.99,0.99,0.99,0.99,0.99,0.99,0.99,0.99,0.99,0.99
Subtotal,,,,,0,0,0,0,0,0,0,0,0.001,0.003,0.002,0.001,0.001,0.002,0.003,0.003,0.023,0.06,0.084,0.081,0.082,0.092,0.098,0.099,0.098,0.101,0.106,0.111,0.112,0.111,0.11,0.112,0.037,0.113,0.097,0.113,0.126,0.123,0.125,0.127,0.132,0.129,0.147,0.155,0.162,0.166,0.17,0.149,0.164,0.144,0.138,0.137,0.147,0.149,0.16,0.135,0.079,0,0.091,0.017,0.002,0.069,0.016,0.082,0.168,0.13,0.138,0.138,0.142,0.149,0.157,0.162,0.164,0.169,0.168,0.174,0.176,0.159,0.172,0.18,0.181,0.18,0.186,0.188,0.188,0.19,0.191,0.192,0.193,0.194,0.191,0.195,0.196,0.197,0.198,0.198,0.201,0.199,0.203,0.202,0.091,0.193,0.097,0.025,0,0.018,0,0.023,0.183,0.009,0.004,0.163,0.002,0.175,0.068,0.085,0.08,0.229,0.191,0.24,0.22,0.198,0.204,0.247,0.242,0.232,0.127,0.245,0.24,0.234,0.256,0.254,0.249,0.252,0.257,0.258,0.253,0.262,0.263,0.263,0.239,0.262,0.262,0.261,0.261,0.261,0.254,0.261,0.262,0.183,0.219,0.206,0.236,0.217,0.163,0.195,0.203,0.201,0.228,0.249,0.259
HISPEC - SPEC,Collimator,TMA1,Protected Au,Dimitri,0.964,0.965,0.966,0.967,0.967,0.968,0.969,0.969,0.97,0.971,0.971,0.972,0.972,0.973,0.974,0.974,0.975,0.976,0.976,0.977,0.977,0.977,0.977,0.977,0.977,0.977,0.977,0.977,0.977,0.977,0.977,0.977,0.977,0.977,0.977,0.977,0.977,0.977,0.977,0.977,0.977,0.978,0.978,0.978,0.978,0.978,0.978,0.978,0.978,0.978,0.978,0.978,0.978,0.978,0.978,0.978,0.978,0.978,0.978,0.978,0.979,0.979,0.979,0.979,0.979,0.979,0.979,0.979,0.979,0.979,0.979,0.979,0.979,0.979,0.979,0.98,0.98,0.98,0.98,0.98,0.98,0.98,0.98,0.98,0.98,0.98,0.98,0.98,0.98,0.98,0.981,0.981,0.981,0.981,0.981,0.981,0.981,0.981,0.981,0.981,0.981,0.981,0.981,0.981,0.981,0.981,0.981,0.981,0.981,0.981,0.982,0.982,0.982,0.982,0.982,0.982,0.982,0.982,0.982,0.982,0.982,0.982,0.982,0.982,0.982,0.982,0.982,0.982,0.982,0.982,0.982,0.982,0.982,0.982,0.982,0.982,0.983,0.983,0.983,0.983,0.983,0.983,0.983,0.983,0.983,0.983,0.983,0.983,0.983,0.983,0.983,0.983,0.983,0.983,0.983,0.983,0.983,0.983,0.983,0.983,0.983
,,TMA2,Protected Au,Dimitri,0.964,0.965,0.966,0.967,0.967,0.968,0.969,0.969,0.97,0.971,0.971,0.972,0.972,0.973,0.974,0.974,0.975,0.976,0.976,0.977,0.977,0.977,0.977,0.977,0.977,0.977,0.977,0.977,0.977,0.977,0.977,0.977,0.977,0.977,0.977,0.977,0.977,0.977,0.977,0.977,0.977,0.978,0.978,0.978,0.978,0.978,0.978,0.978,0.978,0.978,0.978,0.978,0.978,0.978,0.978,0.978,0.978,0.978,0.978,0.978,0.979,0.979,0.979,0.979,0.979,0.979,0.979,0.979,0.979,0.979,0.979,0.979,0.979,0.979,0.979,0.98,0.98,0.98,0.98,0.98,0.98,0.98,0.98,0.98,0.98,0.98,0.98,0.98,0.98,0.98,0.981,0.981,0.981,0.981,0.981,0.981,0.981,0.981,0.981,0.981,0.981,0.981,0.981,0.981,0.981,0.981,0.981,0.981,0.981,0.981,0.982,0.982,0.982,0.982,0.982,0.982,0.982,0.982,0.982,0.982,0.982,0.982,0.982,0.982,0.982,0.982,0.982,0.982,0.982,0.982,0.982,0.982,0.982,0.982,0.982,0.982,0.983,0.983,0.983,0.983,0.983,0.983,0.983,0.983,0.983,0.983,0.983,0.983,0.983,0.983,0.983,0.983,0.983,0.983,0.983,0.983,0.983,0.983,0.983,0.983,0.983
,,TMA3,Protected Au,Dimitri,0.964,0.965,0.966,0.967,0.967,0.968,0.969,0.969,0.97,0.971,0.971,0.972,0.972,0.973,0.974,0.974,0.975,0.976,0.976,0.977,0.977,0.977,0.977,0.977,0.977,0.977,0.977,0.977,0.977,0.977,0.977,0.977,0.977,0.977,0.977,0.977,0.977,0.977,0.977,0.977,0.977,0.978,0.978,0.978,0.978,0.978,0.978,0.978,0.978,0.978,0.978,0.978,0.978,0.978,0.978,0.978,0.978,0.978,0.978,0.978,0.979,0.979,0.979,0.979,0.979,0.979,0.979,0.979,0.979,0.979,0.979,0.979,0.979,0.979,0.979,0.98,0.98,0.98,0.98,0.98,0.98,0.98,0.98,0.98,0.98,0.98,0.98,0.98,0.98,0.98,0.981,0.981,0.981,0.981,0.981,0.981,0.981,0.981,0.981,0.981,0.981,0.981,0.981,0.981,0.981,0.981,0.981,0.981,0.981,0.981,0.982,0.982,0.982,0.982,0.982,0.982,0.982,0.982,0.982,0.982,0.982,0.982,0.982,0.982,0.982,0.982,0.982,0.982,0.982,0.982,0.982,0.982,0.982,0.982,0.982,0.982,0.983,0.983,0.983,0.983,0.983,0.983,0.983,0.983,0.983,0.983,0.983,0.983,0.983,0.983,0.983,0.983,0.983,0.983,0.983,0.983,0.983,0.983,0.983,0.983,0.983
,Cold stop,,Truncation,Nem,0.94,0.94,0.94,0.94,0.94,0.94,0.94,0.94,0.94,0.94,0.94,0.94,0.94,0.94,0.94,0.94,0.94,0.94,0.94,0.94,0.94,0.94,0.94,0.94,0.94,0.94,0.94,0.94,0.94,0.94,0.94,0.94,0.94,0.94,0.94,0.94,0.94,0.94,0.94,0.94,0.94,0.94,0.94,0.94,0.94,0.94,0.94,0.94,0.94,0.94,0.94,0.94,0.94,0.94,0.94,0.94,0.94,0.94,0.94,0.94,0.94,0.94,0.94,0.94,0.94,0.94,0.94,0.94,0.94,0.94,0.94,0.94,0.94,0.94,0.94,0.94,0.94,0.94,0.94,0.94,0.94,0.94,0.94,0.94,0.94,0.94,0.94,0.94,0.94,0.94,0.94,0.94,0.94,0.94,0.94,0.94,0.94,0.94,0.94,0.94,0.94,0.94,0.94,0.94,0.94,0.94,0.94,0.94,0.94,0.94,0.94,0.94,0.94,0.94,0.94,0.94,0.94,0.94,0.94,0.94,0.94,0.94,0.94,0.94,0.94,0.94,0.94,0.94,0.94,0.94,0.94,0.94,0.94,0.94,0.94,0.94,0.94,0.94,0.94,0.94,0.94,0.94,0.94,0.94,0.94,0.94,0.94,0.94,0.94,0.94,0.94,0.94,0.94,0.94,0.94,0.94,0.94,0.94,0.94,0.94,0.94
,Apodizer,,Custom,Kevin,0.96,0.96,0.96,0.96,0.96,0.96,0.96,0.96,0.96,0.96,0.96,0.96,0.96,0.96,0.96,0.96,0.96,0.96,0.96,0.96,0.96,0.96,0.96,0.96,0.96,0.96,0.96,0.96,0.96,0.96,0.96,0.96,0.96,0.96,0.96,0.96,0.96,0.96,0.96,0.96,0.96,0.96,0.96,0.96,0.96,0.96,0.96,0.96,0.96,0.96,0.96,0.96,0.96,0.96,0.96,0.96,0.96,0.96,0.96,0.96,0.96,0.96,0.96,0.96,0.96,0.96,0.96,0.96,0.96,0.96,0.96,0.96,0.96,0.96,0.96,0.96,0.96,0.96,0.96,0.96,0.96,0.96,0.96,0.96,0.96,0.96,0.96,0.96,0.96,0.96,0.96,0.96,0.96,0.96,0.96,0.96,0.96,0.96,0.96,0.96,0.96,0.96,0.96,0.96,0.96,0.96,0.96,0.96,0.96,0.96,0.96,0.96,0.96,0.96,0.96,0.96,0.96,0.96,0.96,0.96,0.96,0.96,0.96,0.96,0.96,0.96,0.96,0.96,0.96,0.96,0.96,0.96,0.96,0.96,0.96,0.96,0.96,0.96,0.96,0.96,0.96,0.96,0.96,0.96,0.96,0.96,0.96,0.96,0.96,0.96,0.96,0.96,0.96,0.96,0.96,0.96,0.96,0.96,0.96,0.96,0.96
,Red/Blue dichroic,,Custom,Jason,0.96,0.96,0.96,0.96,0.96,0.96,0.96,0.96,0.96,0.96,0.96,0.96,0.96,0.96,0.96,0.96,0.96,0.96,0.96,0.96,0.96,0.96,0.96,0.96,0.96,0.96,0.96,0.96,0.96,0.96,0.96,0.96,0.96,0.96,0.96,0.96,0.96,0.96,0.96,0.96,0.96,0.96,0.96,0.96,0.96,0.96,0.96,0.96,0.96,0.96,0.96,0.96,0.96,0.96,0.96,0.96,0.96,0.96,0.96,0.96,0.96,0.96,0.96,0.96,0.96,0.96,0.96,0.96,0.96,0.96,0.96,0.96,0.96,0.96,0.96,0.96,0.96,0.96,0.96,0.96,0.96,0.96,0.96,0.96,0.96,0.96,0.96,0.96,0.96,0.96,0.96,0.96,0.96,0.96,0.96,0.96,0.96,0.96,0.96,0.96,0.96,0.96,0.96,0.96,0.96,0.96,0.96,0.96,0.96,0.96,0.96,0.96,0.96,0.96,0.96,0.96,0.96,0.96,0.96,0.96,0.96,0.96,0.96,0.96,0.96,0.96,0.96,0.96,0.96,0.96,0.96,0.96,0.96,0.96,0.96,0.96,0.96,0.96,0.96,0.96,0.96,0.96,0.96,0.96,0.96,0.96,0.96,0.96,0.96,0.96,0.96,0.96,0.96,0.96,0.96,0.96,0.96,0.96,0.96,0.96,0.96
,Echelle,,Diffraction efficiency,Jason,0,0,0,0,0,0,0,0,0,0,0,0,0,0,0,0,0.635,0.506,0.864,0.997,0.778,0.445,0.897,0.958,0.56,0.79,0.982,0.565,0.84,0.934,0,0.977,0.719,0.777,0.924,0.526,0.996,0,0.991,0.568,0.966,0.618,0.956,0.615,0.968,0.563,0.992,0,0.997,0,0.941,0.723,0.79,0.924,0,0,0,0,0,0,0,0,0,0,0,0,0,0,0,0.205,0.99,0.596,0,0.931,0.418,0.98,0.729,0,0.941,0.383,0.999,0.581,0.938,0.741,0,0.848,0,0.909,0.268,0.938,0.291,0.944,0,0.931,0,0.895,0,0.827,0.847,0.72,0.949,0.574,0.999,0.403,0.956,0,0.802,0.924,0.568,0.997,0,0.862,0.893,0.578,0.995,0,0.795,0.965,0.445,0.927,0.85,0.583,0.985,0,0.677,0.999,0,0.726,1,0,0.732,1,0,0.7,0.998,0,0.63,0.975,0.834,0.521,0.912,0.945,0,0.788,0.999,0,0.606,0.947,0.924,0,0.772,0.998,0.784,0,0.871,0.991,0,0.595,0.917,0.974,0
,X-disperser grism,,Diffraction efficiency,Jason,0.8,0.8,0.8,0.8,0.8,0.8,0.8,0.8,0.8,0.8,0.8,0.8,0.8,0.8,0.8,0.8,0.8,0.8,0.8,0.8,0.8,0.8,0.8,0.8,0.8,0.8,0.8,0.8,0.8,0.8,0.8,0.8,0.8,0.8,0.8,0.8,0.8,0.8,0.8,0.8,0.8,0.8,0.8,0.8,0.8,0.8,0.8,0.8,0.8,0.8,0.8,0.8,0.8,0.8,0.8,0.8,0.8,0.8,0.8,0.8,0.8,0.8,0.8,0.8,0.8,0.8,0.8,0.8,0.8,0.8,0.8,0.8,0.8,0.8,0.8,0.8,0.8,0.8,0.8,0.8,0.8,0.8,0.8,0.8,0.8,0.8,0.8,0.8,0.8,0.8,0.8,0.8,0.8,0.8,0.8,0.8,0.8,0.8,0.8,0.8,0.8,0.8,0.8,0.8,0.8,0.8,0.8,0.8,0.8,0.8,0.8,0.8,0.8,0.8,0.8,0.8,0.8,0.8,0.8,0.8,0.8,0.8,0.8,0.8,0.8,0.8,0.8,0.8,0.8,0.8,0.8,0.8,0.8,0.8,0.8,0.8,0.8,0.8,0.8,0.8,0.8,0.8,0.8,0.8,0.8,0.8,0.8,0.8,0.8,0.8,0.8,0.8,0.8,0.8,0.8,0.8,0.8,0.8,0.8,0.8,0.8
,FM,,Protected Au,Dimitri,0.964,0.965,0.966,0.967,0.967,0.968,0.969,0.969,0.97,0.971,0.971,0.972,0.972,0.973,0.974,0.974,0.975,0.976,0.976,0.977,0.977,0.977,0.977,0.977,0.977,0.977,0.977,0.977,0.977,0.977,0.977,0.977,0.977,0.977,0.977,0.977,0.977,0.977,0.977,0.977,0.977,0.978,0.978,0.978,0.978,0.978,0.978,0.978,0.978,0.978,0.978,0.978,0.978,0.978,0.978,0.978,0.978,0.978,0.978,0.978,0.979,0.979,0.979,0.979,0.979,0.979,0.979,0.979,0.979,0.979,0.979,0.979,0.979,0.979,0.979,0.98,0.98,0.98,0.98,0.98,0.98,0.98,0.98,0.98,0.98,0.98,0.98,0.98,0.98,0.98,0.981,0.981,0.981,0.981,0.981,0.981,0.981,0.981,0.981,0.981,0.981,0.981,0.981,0.981,0.981,0.981,0.981,0.981,0.981,0.981,0.982,0.982,0.982,0.982,0.982,0.982,0.982,0.982,0.982,0.982,0.982,0.982,0.982,0.982,0.982,0.982,0.982,0.982,0.982,0.982,0.982,0.982,0.982,0.982,0.982,0.982,0.983,0.983,0.983,0.983,0.983,0.983,0.983,0.983,0.983,0.983,0.983,0.983,0.983,0.983,0.983,0.983,0.983,0.983,0.983,0.983,0.983,0.983,0.983,0.983,0.983
,Imager,TMA1,Protected Au,Dimitri,0.964,0.965,0.966,0.967,0.967,0.968,0.969,0.969,0.97,0.971,0.971,0.972,0.972,0.973,0.974,0.974,0.975,0.976,0.976,0.977,0.977,0.977,0.977,0.977,0.977,0.977,0.977,0.977,0.977,0.977,0.977,0.977,0.977,0.977,0.977,0.977,0.977,0.977,0.977,0.977,0.977,0.978,0.978,0.978,0.978,0.978,0.978,0.978,0.978,0.978,0.978,0.978,0.978,0.978,0.978,0.978,0.978,0.978,0.978,0.978,0.979,0.979,0.979,0.979,0.979,0.979,0.979,0.979,0.979,0.979,0.979,0.979,0.979,0.979,0.979,0.98,0.98,0.98,0.98,0.98,0.98,0.98,0.98,0.98,0.98,0.98,0.98,0.98,0.98,0.98,0.981,0.981,0.981,0.981,0.981,0.981,0.981,0.981,0.981,0.981,0.981,0.981,0.981,0.981,0.981,0.981,0.981,0.981,0.981,0.981,0.982,0.982,0.982,0.982,0.982,0.982,0.982,0.982,0.982,0.982,0.982,0.982,0.982,0.982,0.982,0.982,0.982,0.982,0.982,0.982,0.982,0.982,0.982,0.982,0.982,0.982,0.983,0.983,0.983,0.983,0.983,0.983,0.983,0.983,0.983,0.983,0.983,0.983,0.983,0.983,0.983,0.983,0.983,0.983,0.983,0.983,0.983,0.983,0.983,0.983,0.983
,,TMA2,Protected Au,Dimitri,0.964,0.965,0.966,0.967,0.967,0.968,0.969,0.969,0.97,0.971,0.971,0.972,0.972,0.973,0.974,0.974,0.975,0.976,0.976,0.977,0.977,0.977,0.977,0.977,0.977,0.977,0.977,0.977,0.977,0.977,0.977,0.977,0.977,0.977,0.977,0.977,0.977,0.977,0.977,0.977,0.977,0.978,0.978,0.978,0.978,0.978,0.978,0.978,0.978,0.978,0.978,0.978,0.978,0.978,0.978,0.978,0.978,0.978,0.978,0.978,0.979,0.979,0.979,0.979,0.979,0.979,0.979,0.979,0.979,0.979,0.979,0.979,0.979,0.979,0.979,0.98,0.98,0.98,0.98,0.98,0.98,0.98,0.98,0.98,0.98,0.98,0.98,0.98,0.98,0.98,0.981,0.981,0.981,0.981,0.981,0.981,0.981,0.981,0.981,0.981,0.981,0.981,0.981,0.981,0.981,0.981,0.981,0.981,0.981,0.981,0.982,0.982,0.982,0.982,0.982,0.982,0.982,0.982,0.982,0.982,0.982,0.982,0.982,0.982,0.982,0.982,0.982,0.982,0.982,0.982,0.982,0.982,0.982,0.982,0.982,0.982,0.983,0.983,0.983,0.983,0.983,0.983,0.983,0.983,0.983,0.983,0.983,0.983,0.983,0.983,0.983,0.983,0.983,0.983,0.983,0.983,0.983,0.983,0.983,0.983,0.983
,,TMA3,Protected Au,Dimitri,0.964,0.965,0.966,0.967,0.967,0.968,0.969,0.969,0.97,0.971,0.971,0.972,0.972,0.973,0.974,0.974,0.975,0.976,0.976,0.977,0.977,0.977,0.977,0.977,0.977,0.977,0.977,0.977,0.977,0.977,0.977,0.977,0.977,0.977,0.977,0.977,0.977,0.977,0.977,0.977,0.977,0.978,0.978,0.978,0.978,0.978,0.978,0.978,0.978,0.978,0.978,0.978,0.978,0.978,0.978,0.978,0.978,0.978,0.978,0.978,0.979,0.979,0.979,0.979,0.979,0.979,0.979,0.979,0.979,0.979,0.979,0.979,0.979,0.979,0.979,0.98,0.98,0.98,0.98,0.98,0.98,0.98,0.98,0.98,0.98,0.98,0.98,0.98,0.98,0.98,0.981,0.981,0.981,0.981,0.981,0.981,0.981,0.981,0.981,0.981,0.981,0.981,0.981,0.981,0.981,0.981,0.981,0.981,0.981,0.981,0.982,0.982,0.982,0.982,0.982,0.982,0.982,0.982,0.982,0.982,0.982,0.982,0.982,0.982,0.982,0.982,0.982,0.982,0.982,0.982,0.982,0.982,0.982,0.982,0.982,0.982,0.983,0.983,0.983,0.983,0.983,0.983,0.983,0.983,0.983,0.983,0.983,0.983,0.983,0.983,0.983,0.983,0.983,0.983,0.983,0.983,0.983,0.983,0.983,0.983,0.983
,Detector,,QE,Roger,0.95,0.95,0.95,0.95,0.95,0.95,0.95,0.95,0.95,0.95,0.95,0.95,0.95,0.95,0.95,0.95,0.95,0.95,0.95,0.95,0.95,0.95,0.95,0.95,0.95,0.95,0.95,0.95,0.95,0.95,0.95,0.95,0.95,0.95,0.95,0.95,0.95,0.95,0.95,0.95,0.95,0.95,0.95,0.95,0.95,0.95,0.95,0.95,0.95,0.95,0.95,0.95,0.95,0.95,0.95,0.95,0.95,0.95,0.95,0.95,0.95,0.95,0.95,0.95,0.95,0.95,0.95,0.95,0.95,0.95,0.95,0.95,0.95,0.95,0.95,0.95,0.95,0.95,0.95,0.95,0.95,0.95,0.95,0.95,0.95,0.95,0.95,0.95,0.95,0.95,0.95,0.95,0.95,0.95,0.95,0.95,0.95,0.95,0.95,0.95,0.95,0.95,0.95,0.95,0.95,0.95,0.95,0.95,0.95,0.95,0.95,0.95,0.95,0.95,0.95,0.95,0.95,0.95,0.95,0.95,0.95,0.95,0.95,0.95,0.95,0.95,0.95,0.95,0.95,0.95,0.95,0.95,0.95,0.95,0.95,0.95,0.95,0.95,0.95,0.95,0.95,0.95,0.95,0.95,0.95,0.95,0.95,0.95,0.95,0.95,0.95,0.95,0.95,0.95,0.95,0.95,0.95,0.95,0.95,0.95,0.95
Total,,,,,0,0,0,0,0,0,0,0,0,0,0,0,0,0,0,0,0.006,0.011,0.018,0.025,0.025,0.018,0.023,0.032,0.025,0.019,0.034,0.028,0.023,0.036,0.021,0.032,0.011,0.021,0.032,0.018,0.041,0.026,0.037,0.031,0.037,0.034,0.04,0.04,0.046,0.04,0.051,0.031,0.053,0,0.046,0,0.044,0.039,0,0,0,0,0,0,0,0,0,0,0,0,0,0,0,0,0.037,0.036,0.055,0.036,0.045,0.055,0.026,0.052,0.043,0.044,0.058,0.025,0.062,0.038,0.059,0.048,0.052,0.056,0.045,0.06,0.039,0.062,0.038,0.063,0.038,0.063,0.043,0.061,0.049,0.057,0.026,0.048,0.031,0.005,0,0.003,0,0.005,0.051,0.003,0.001,0.055,0,0.053,0.02,0.018,0.027,0.045,0.054,0.077,0.036,0.064,0.056,0.053,0.082,0.053,0.031,0.084,0.047,0.062,0.087,0.046,0.067,0.086,0.048,0.068,0.087,0.056,0.063,0.09,0.061,0.054,0.086,0.079,0,0.077,0.086,0.051,0.063,0.062,0.063,0,0.07,0.074,0.036,0.042,0.066,0.065,0,0.061,0.087
Wavelength,,,,,0.8,0.81,0.82,0.83,0.84,0.85,0.86,0.87,0.88,0.89,0.9,0.91,0.92,0.93,0.94,0.95,0.96,0.97,0.98,0.99,1,1.01,1.02,1.03,1.04,1.05,1.06,1.07,1.08,1.09,1.1,1.11,1.12,1.13,1.14,1.15,1.16,1.17,1.18,1.19,1.2,1.21,1.22,1.23,1.24,1.25,1.26,1.27,1.28,1.29,1.3,1.31,1.32,1.33,1.34,1.35,1.36,1.37,1.38,1.39,1.4,1.41,1.42,1.43,1.44,1.45,1.46,1.47,1.48,1.49,1.5,1.51,1.52,1.53,1.54,1.55,1.56,1.57,1.58,1.59,1.6,1.61,1.62,1.63,1.64,1.65,1.66,1.67,1.68,1.69,1.7,1.71,1.72,1.73,1.74,1.75,1.76,1.77,1.78,1.79,1.8,1.81,1.82,1.83,1.84,1.85,1.86,1.87,1.88,1.89,1.9,1.91,1.92,1.93,1.94,1.95,1.96,1.97,1.98,1.99,2,2.01,2.02,2.03,2.04,2.05,2.06,2.07,2.08,2.09,2.1,2.11,2.12,2.13,2.14,2.15,2.16,2.17,2.18,2.19,2.2,2.21,2.22,2.23,2.24,2.25,2.26,2.27,2.28,2.29,2.3,2.31,2.32,2.33,2.34,2.35,2.36,2.37,2.38,2.39,2.4
