Wavelength,Fiber prop
0.9,0.972139689
0.901,0.972261176
0.902,0.972382664
0.903,0.972504151
0.904,0.972625638
0.905,0.972747126
0.906,0.972868613
0.907,0.9729901
0.908,0.973111587
0.909,0.973233075
0.91,0.973354562
0.911,0.973476049
0.912,0.973597537
0.913,0.973719024
0.914,0.973840511
0.915,0.973961999
0.916,0.974083486
0.917,0.974204973
0.918,0.97432646
0.919,0.974447948
0.92,0.974569435
0.921,0.974690922
0.922,0.97481241
0.923,0.974933897
0.924,0.975055384
0.925,0.975176872
0.926,0.975298359
0.927,0.975419846
0.928,0.975541333
0.929,0.975662821
0.93,0.975784308
0.931,0.975905795
0.932,0.976027283
0.933,0.97614877
0.934,0.976270257
0.935,0.976391745
0.936,0.976513232
0.937,0.976634719
0.938,0.976756206
0.939,0.976877694
0.94,0.976999181
0.941,0.977120668
0.942,0.977242156
0.943,0.977363643
0.944,0.97748513
0.945,0.977606618
0.946,0.977728105
0.947,0.977849592
0.948,0.977971079
0.949,0.978092567
0.95,0.978214054
0.951,0.978343218
0.952,0.978484324
0.953,0.978632255
0.954,0.978781891
0.955,0.978928115
0.956,0.979065809
0.957,0.979189855
0.958,0.979295136
0.959,0.979376532
0.96,0.979428927
0.961,0.979461392
0.962,0.979487402
0.963,0.979508444
0.964,0.979526005
0.965,0.979541572
0.966,0.979556632
0.967,0.97957267
0.968,0.979591175
0.969,0.979613633
0.97,0.97964153
0.971,0.979676727
0.972,0.979719471
0.973,0.979768831
0.974,0.979823876
0.975,0.979883674
0.976,0.979947293
0.977,0.980013803
0.978,0.980082271
0.979,0.980151767
0.98,0.980221359
0.981,0.980296759
0.982,0.980382351
0.983,0.980475213
0.984,0.980572423
0.985,0.980671058
0.986,0.980768196
0.987,0.980860915
0.988,0.980946291
0.989,0.981021403
0.99,0.981083328
0.991,0.981135016
0.992,0.981181901
0.993,0.981224783
0.994,0.981264466
0.995,0.981301751
0.996,0.98133744
0.997,0.981372335
0.998,0.981407239
0.999,0.981442952
1,0.981480278
1.001,0.981518541
1.002,0.981556539
1.003,0.981594281
1.004,0.981631777
1.005,0.981669036
1.006,0.98170607
1.007,0.981742886
1.008,0.981779495
1.009,0.981815907
1.01,0.981852132
1.011,0.981886757
1.012,0.981918992
1.013,0.981949776
1.014,0.981980047
1.015,0.982010746
1.016,0.982042812
1.017,0.982077185
1.018,0.982114804
1.019,0.982156608
1.02,0.982203537
1.021,0.982259005
1.022,0.982324868
1.023,0.982399728
1.024,0.982482188
1.025,0.982570849
1.026,0.982664314
1.027,0.982761186
1.028,0.982860065
1.029,0.982959556
1.03,0.983058259
1.031,0.98316343
1.032,0.983280735
1.033,0.983406394
1.034,0.983536624
1.035,0.983667646
1.036,0.983795677
1.037,0.983916939
1.038,0.984027648
1.039,0.984124025
1.04,0.984202289
1.041,0.984266843
1.042,0.984325249
1.043,0.984378458
1.044,0.984427426
1.045,0.984473104
1.046,0.984516446
1.047,0.984558406
1.048,0.984599937
1.049,0.984641992
1.05,0.984685524
1.051,0.984728535
1.052,0.984768949
1.053,0.984807604
1.054,0.984845341
1.055,0.984882997
1.056,0.984921411
1.057,0.984961421
1.058,0.985003867
1.059,0.985049587
1.06,0.98509942
1.061,0.985155416
1.062,0.985218184
1.063,0.985286394
1.064,0.985358721
1.065,0.985433838
1.066,0.985510417
1.067,0.985587132
1.068,0.985662655
1.069,0.985735659
1.07,0.985804817
1.071,0.985872877
1.072,0.985942758
1.073,0.986013392
1.074,0.986083708
1.075,0.986152637
1.076,0.986219111
1.077,0.986282059
1.078,0.986340413
1.079,0.986393103
1.08,0.986439061
1.081,0.986479353
1.082,0.986516154
1.083,0.986550052
1.084,0.986581639
1.085,0.986611503
1.086,0.986640235
1.087,0.986668425
1.088,0.986696663
1.089,0.986725538
1.09,0.98675564
1.091,0.986789136
1.092,0.986826618
1.093,0.986866317
1.094,0.986906464
1.095,0.986945289
1.096,0.986981023
1.097,0.987011896
1.098,0.987036139
1.099,0.987051983
1.1,0.987057657
1.101,0.987057657
1.102,0.987057657
1.103,0.987057657
1.104,0.987057657
1.105,0.987057657
1.106,0.987057657
1.107,0.987057657
1.108,0.987057657
1.109,0.987057657
1.11,0.987057657
1.111,0.987060267
1.112,0.987067693
1.113,0.987079326
1.114,0.987094559
1.115,0.987112783
1.116,0.987133391
1.117,0.987155775
1.118,0.987179328
1.119,0.98720344
1.12,0.987227505
1.121,0.987254515
1.122,0.987287176
1.123,0.987324448
1.124,0.987365292
1.125,0.987408668
1.126,0.987453537
1.127,0.987498859
1.128,0.987543594
1.129,0.987586704
1.13,0.987627148
1.131,0.987665737
1.132,0.987704003
1.133,0.987741988
1.134,0.987779732
1.135,0.987817279
1.136,0.987854669
1.137,0.987891944
1.138,0.987929147
1.139,0.987966319
1.14,0.988003502
1.141,0.988043934
1.142,0.98808937
1.143,0.988137631
1.144,0.988186533
1.145,0.988233897
1.146,0.988277541
1.147,0.988315283
1.148,0.988344942
1.149,0.988364337
1.15,0.988371287
1.151,0.988360385
1.152,0.988330793
1.153,0.988287185
1.154,0.988234231
1.155,0.988176606
1.156,0.98811898
1.157,0.988066026
1.158,0.988022418
1.159,0.987992826
1.16,0.987981924
1.161,0.987982296
1.162,0.987983396
1.163,0.987985203
1.164,0.987987693
1.165,0.987990845
1.166,0.987994635
1.167,0.987999041
1.168,0.988004041
1.169,0.988009611
1.17,0.98801573
1.171,0.988032023
1.172,0.988065999
1.173,0.988114458
1.174,0.988174203
1.175,0.988242034
1.176,0.988314753
1.177,0.98838916
1.178,0.988462059
1.179,0.988530248
1.18,0.988590531
1.181,0.988647141
1.182,0.988705755
1.183,0.988765338
1.184,0.988824855
1.185,0.988883272
1.186,0.988939554
1.187,0.988992666
1.188,0.989041573
1.189,0.989085241
1.19,0.989122635
1.191,0.989154832
1.192,0.98918396
1.193,0.98921056
1.194,0.989235175
1.195,0.989258346
1.196,0.989280614
1.197,0.989302522
1.198,0.98932461
1.199,0.989347419
1.2,0.989371493
1.201,0.989395637
1.202,0.989418626
1.203,0.989440955
1.204,0.989463119
1.205,0.989485614
1.206,0.989508933
1.207,0.989533571
1.208,0.989560024
1.209,0.989588786
1.21,0.989620352
1.211,0.989655411
1.212,0.989694196
1.213,0.989736517
1.214,0.989782186
1.215,0.989831014
1.216,0.98988281
1.217,0.989937387
1.218,0.989994554
1.219,0.990054123
1.22,0.990115904
1.221,0.990183093
1.222,0.990258094
1.223,0.990339527
1.224,0.990426014
1.225,0.990516177
1.226,0.990608637
1.227,0.990702017
1.228,0.990794936
1.229,0.990886018
1.23,0.990973884
1.231,0.99106072
1.232,0.991149171
1.233,0.991238544
1.234,0.991328149
1.235,0.991417291
1.236,0.991505281
1.237,0.991591425
1.238,0.991675031
1.239,0.991755408
1.24,0.991831864
1.241,0.991910348
1.242,0.991995004
1.243,0.992082434
1.244,0.992169237
1.245,0.992252013
1.246,0.992327363
1.247,0.992391887
1.248,0.992442184
1.249,0.992474856
1.25,0.992486502
1.251,0.992486502
1.252,0.992486502
1.253,0.992486502
1.254,0.992486502
1.255,0.992486502
1.256,0.992486502
1.257,0.992486502
1.258,0.992486502
1.259,0.992486502
1.26,0.992486502
1.261,0.992486502
1.262,0.992486502
1.263,0.992486502
1.264,0.992486502
1.265,0.992486502
1.266,0.992486502
1.267,0.992486502
1.268,0.992486502
1.269,0.992486502
1.27,0.992486502
1.271,0.992486502
1.272,0.992486502
1.273,0.992486502
1.274,0.992486502
1.275,0.992486502
1.276,0.992486502
1.277,0.992486502
1.278,0.992486502
1.279,0.992486502
1.28,0.992486502
1.281,0.992488453
1.282,0.992493985
1.283,0.992502619
1.284,0.992513877
1.285,0.992527278
1.286,0.992542343
1.287,0.992558594
1.288,0.99257555
1.289,0.992592732
1.29,0.992609662
1.291,0.992628018
1.292,0.99264944
1.293,0.992673385
1.294,0.992699314
1.295,0.992726686
1.296,0.992754958
1.297,0.992783592
1.298,0.992812045
1.299,0.992839777
1.3,0.992866247
1.301,0.992894215
1.302,0.992925775
1.303,0.992959387
1.304,0.992993513
1.305,0.993026612
1.306,0.993057146
1.307,0.993083574
1.308,0.993104357
1.309,0.993117956
1.31,0.993122831
1.311,0.993120423
1.312,0.993113637
1.313,0.993103132
1.314,0.993089568
1.315,0.993073602
1.316,0.993055894
1.317,0.993037102
1.318,0.993017885
1.319,0.992998902
1.32,0.992980811
1.321,0.992962414
1.322,0.992942278
1.323,0.99292071
1.324,0.992898016
1.325,0.992874504
1.326,0.99285048
1.327,0.992826252
1.328,0.992802125
1.329,0.992778409
1.33,0.992755408
1.331,0.992731495
1.332,0.992705448
1.333,0.992678181
1.334,0.992650609
1.335,0.992623647
1.336,0.99259821
1.337,0.992575212
1.338,0.992555569
1.339,0.992540195
1.34,0.992530005
1.341,0.992523234
1.342,0.992517406
1.343,0.992512369
1.344,0.992507971
1.345,0.99250406
1.346,0.992500485
1.347,0.992497094
1.348,0.992493734
1.349,0.992490254
1.35,0.992486502
1.351,0.992482928
1.352,0.992479935
1.353,0.992477304
1.354,0.992474814
1.355,0.992472246
1.356,0.992469379
1.357,0.992465993
1.358,0.992461868
1.359,0.992456784
1.36,0.992450521
1.361,0.992431971
1.362,0.992391547
1.363,0.99233131
1.364,0.992253319
1.365,0.992159635
1.366,0.992052318
1.367,0.991933428
1.368,0.991805026
1.369,0.991669171
1.37,0.991527925
1.371,0.99133679
1.372,0.991063309
1.373,0.990727596
1.374,0.990349769
1.375,0.989949945
1.376,0.989548239
1.377,0.989164769
1.378,0.98881965
1.379,0.988533
1.38,0.988324934
1.381,0.988163285
1.382,0.988004669
1.383,0.98785238
1.384,0.987709712
1.385,0.987579956
1.386,0.987466408
1.387,0.98737236
1.388,0.987301105
1.389,0.987255937
1.39,0.987240149
1.391,0.987268364
1.392,0.987347501
1.393,0.987469298
1.394,0.987625491
1.395,0.98780782
1.396,0.988008021
1.397,0.988217833
1.398,0.988428992
1.399,0.988633236
1.4,0.988822304
1.401,0.989007896
1.402,0.989205352
1.403,0.98941187
1.404,0.989624646
1.405,0.989840877
1.406,0.99005776
1.407,0.990272492
1.408,0.990482269
1.409,0.990684288
1.41,0.990875746
1.411,0.991062617
1.412,0.991251286
1.413,0.991439567
1.414,0.991625273
1.415,0.991806218
1.416,0.991980216
1.417,0.992145081
1.418,0.992298626
1.419,0.992438666
1.42,0.992563013
1.421,0.992676177
1.422,0.992784053
1.423,0.992886537
1.424,0.992983525
1.425,0.993074912
1.426,0.993160595
1.427,0.993240467
1.428,0.993314426
1.429,0.993382367
1.43,0.993444185
1.431,0.993504079
1.432,0.993565143
1.433,0.993625617
1.434,0.993683739
1.435,0.993737751
1.436,0.99378589
1.437,0.993826396
1.438,0.993857509
1.439,0.993877468
1.44,0.993884512
1.441,0.986703578
1.442,0.967212472
1.443,0.938488737
1.444,0.903609915
1.445,0.865653551
1.446,0.827697187
1.447,0.792818365
1.448,0.76409463
1.449,0.744603524
1.45,0.73742259
1.451,0.737537389
1.452,0.737856585
1.453,0.738342379
1.454,0.738956971
1.455,0.739662563
1.456,0.740421355
1.457,0.741195546
1.458,0.741947338
1.459,0.742638932
1.46,0.743232527
1.461,0.743759487
1.462,0.744276774
1.463,0.744784986
1.464,0.745284724
1.465,0.745776586
1.466,0.746261171
1.467,0.746739079
1.468,0.747210909
1.469,0.74767726
1.47,0.748138731
1.471,0.74858696
1.472,0.749016849
1.473,0.749433889
1.474,0.749843576
1.475,0.750251402
1.476,0.750662861
1.477,0.751083447
1.478,0.751518652
1.479,0.75197397
1.48,0.752454895
1.481,0.752960909
1.482,0.753487017
1.483,0.754031993
1.484,0.754594614
1.485,0.755173656
1.486,0.755767895
1.487,0.756376106
1.488,0.756997065
1.489,0.757629549
1.49,0.758272332
1.491,0.758950633
1.492,0.759680476
1.493,0.760446847
1.494,0.761234735
1.495,0.762029124
1.496,0.762815002
1.497,0.763577356
1.498,0.764301171
1.499,0.764971436
1.5,0.765573136
1.501,0.76611835
1.502,0.766632142
1.503,0.767118975
1.504,0.767583312
1.505,0.768029618
1.506,0.768462354
1.507,0.768885986
1.508,0.769304975
1.509,0.769723787
1.51,0.770146883
1.511,0.770567341
1.512,0.770976856
1.513,0.771377822
1.514,0.77177263
1.515,0.772163674
1.516,0.772553345
1.517,0.772944037
1.518,0.773338143
1.519,0.773738055
1.52,0.774146165
1.521,0.774559227
1.522,0.774972996
1.523,0.775388366
1.524,0.77580623
1.525,0.776227483
1.526,0.776653019
1.527,0.777083732
1.528,0.777520515
1.529,0.777964262
1.53,0.778415869
1.531,0.778877982
1.532,0.779351332
1.533,0.779833936
1.534,0.78032381
1.535,0.780818972
1.536,0.781317439
1.537,0.781817228
1.538,0.782316356
1.539,0.78281284
1.54,0.783304697
1.541,0.78379973
1.542,0.78430433
1.543,0.784814398
1.544,0.785325832
1.545,0.785834532
1.546,0.786336399
1.547,0.786827332
1.548,0.787303231
1.549,0.787759995
1.55,0.788193525
1.551,0.788604304
1.552,0.788997599
1.553,0.789376481
1.554,0.789744024
1.555,0.790103301
1.556,0.790457383
1.557,0.790809345
1.558,0.791162258
1.559,0.791519197
1.56,0.791883232
1.561,0.79225321
1.562,0.792625304
1.563,0.792998575
1.564,0.793372087
1.565,0.793744901
1.566,0.79411608
1.567,0.794484687
1.568,0.794849784
1.569,0.795210434
1.57,0.7955657
1.571,0.795916801
1.572,0.796265447
1.573,0.796611433
1.574,0.796954557
1.575,0.797294613
1.576,0.797631398
1.577,0.797964708
1.578,0.798294339
1.579,0.798620087
1.58,0.798941748
1.581,0.799258215
1.582,0.799569167
1.583,0.799875576
1.584,0.800178417
1.585,0.800478662
1.586,0.800777285
1.587,0.801075259
1.588,0.801373557
1.589,0.801673154
1.59,0.801975021
1.591,0.802274908
1.592,0.802569443
1.593,0.802860919
1.594,0.803151631
1.595,0.803443872
1.596,0.803739936
1.597,0.804042117
1.598,0.804352707
1.599,0.804674002
1.6,0.805008294
1.601,0.805355997
1.602,0.805715451
1.603,0.806085843
1.604,0.806466356
1.605,0.806856177
1.606,0.807254491
1.607,0.807660483
1.608,0.808073339
1.609,0.808492243
1.61,0.808916381
1.611,0.809350947
1.612,0.809799991
1.613,0.810260979
1.614,0.81073138
1.615,0.811208661
1.616,0.81169029
1.617,0.812173735
1.618,0.812656463
1.619,0.813135943
1.62,0.813609641
1.621,0.81408519
1.622,0.814569457
1.623,0.81505876
1.624,0.815549418
1.625,0.816037749
1.626,0.816520073
1.627,0.816992709
1.628,0.817451974
1.629,0.817894187
1.63,0.818315668
1.631,0.818727158
1.632,0.819139057
1.633,0.819547177
1.634,0.819947326
1.635,0.820335313
1.636,0.820706948
1.637,0.82105804
1.638,0.821384398
1.639,0.821681833
1.64,0.821946153
1.641,0.822181133
1.642,0.82239574
1.643,0.822593569
1.644,0.822778214
1.645,0.822953272
1.646,0.823122338
1.647,0.823289007
1.648,0.823456874
1.649,0.823629536
1.65,0.823810586
1.651,0.823996253
1.652,0.824180711
1.653,0.824364479
1.654,0.824548074
1.655,0.824732014
1.656,0.824916818
1.657,0.825103002
1.658,0.825291086
1.659,0.825481586
1.66,0.82567502
1.661,0.825871754
1.662,0.826071491
1.663,0.826273755
1.664,0.826478071
1.665,0.826683964
1.666,0.826890959
1.667,0.82709858
1.668,0.827306352
1.669,0.8275138
1.67,0.827720449
1.671,0.827926211
1.672,0.82813153
1.673,0.828336731
1.674,0.828542139
1.675,0.828748077
1.676,0.828954869
1.677,0.829162841
1.678,0.829372315
1.679,0.829583617
1.68,0.82979707
1.681,0.830011871
1.682,0.83022726
1.683,0.830443623
1.684,0.830661349
1.685,0.830880826
1.686,0.831102441
1.687,0.831326581
1.688,0.831553636
1.689,0.831783992
1.69,0.832018038
1.691,0.832257057
1.692,0.832501443
1.693,0.832750248
1.694,0.833002527
1.695,0.833257331
1.696,0.833513713
1.697,0.833770727
1.698,0.834027425
1.699,0.834282861
1.7,0.834536086
1.701,0.834789385
1.702,0.835045007
1.703,0.835301957
1.704,0.835559238
1.705,0.835815856
1.706,0.836070815
1.707,0.836323117
1.708,0.836571769
1.709,0.836815773
1.71,0.837054134
1.711,0.837286928
1.712,0.837515321
1.713,0.837739953
1.714,0.837961463
1.715,0.83818049
1.716,0.838397674
1.717,0.838613654
1.718,0.83882907
1.719,0.839044561
1.72,0.839260767
1.721,0.839479142
1.722,0.839699837
1.723,0.839921537
1.724,0.840142925
1.725,0.840362684
1.726,0.8405795
1.727,0.840792056
1.728,0.840999035
1.729,0.841199122
1.73,0.841391001
1.731,0.841577023
1.732,0.841760106
1.733,0.84193978
1.734,0.842115579
1.735,0.842287035
1.736,0.842453678
1.737,0.842615041
1.738,0.842770655
1.739,0.842920053
1.74,0.843062767
1.741,0.843198192
1.742,0.843326835
1.743,0.843449892
1.744,0.843568561
1.745,0.843684038
1.746,0.84379752
1.747,0.843910205
1.748,0.844023288
1.749,0.844137967
1.75,0.844255439
1.751,0.844373196
1.752,0.844488604
1.753,0.844602671
1.754,0.844716401
1.755,0.844830803
1.756,0.844946882
1.757,0.845065646
1.758,0.845188101
1.759,0.845315254
1.76,0.845448111
1.761,0.845588317
1.762,0.845735984
1.763,0.845889825
1.764,0.846048549
1.765,0.846210868
1.766,0.846375493
1.767,0.846541135
1.768,0.846706505
1.769,0.846870315
1.77,0.847031274
1.771,0.847190551
1.772,0.84735013
1.773,0.847509951
1.774,0.847669952
1.775,0.847830071
1.776,0.847990247
1.777,0.848150417
1.778,0.848310522
1.779,0.848470498
1.78,0.848630285
1.781,0.848791529
1.782,0.848955209
1.783,0.849120261
1.784,0.849285622
1.785,0.849450228
1.786,0.849613016
1.787,0.849772922
1.788,0.849928883
1.789,0.850079834
1.79,0.850224713
1.791,0.85036348
1.792,0.850497379
1.793,0.850627267
1.794,0.850754006
1.795,0.850878453
1.796,0.851001468
1.797,0.85112391
1.798,0.851246639
1.799,0.851370513
1.8,0.851496392
1.801,0.85162356
1.802,0.851750728
1.803,0.851877896
1.804,0.852005064
1.805,0.852132232
1.806,0.852259399
1.807,0.852386567
1.808,0.852513735
1.809,0.852640903
1.81,0.852768071
1.811,0.852896235
1.812,0.853025947
1.813,0.853156545
1.814,0.853287364
1.815,0.85341774
1.816,0.85354701
1.817,0.85367451
1.818,0.853799576
1.819,0.853921544
1.82,0.85403975
1.821,0.854154247
1.822,0.854265829
1.823,0.854374951
1.824,0.854482062
1.825,0.854587617
1.826,0.854692068
1.827,0.854795865
1.828,0.854899463
1.829,0.855003313
1.83,0.855107867
1.831,0.855212602
1.832,0.855316759
1.833,0.855420441
1.834,0.85552375
1.835,0.855626787
1.836,0.855729654
1.837,0.855832453
1.838,0.855935286
1.839,0.856038255
1.84,0.856141462
1.841,0.85624492
1.842,0.85634853
1.843,0.856452228
1.844,0.856555947
1.845,0.856659623
1.846,0.85676319
1.847,0.856866582
1.848,0.856969734
1.849,0.857072581
1.85,0.857175057
1.851,0.857278875
1.852,0.857385056
1.853,0.857492495
1.854,0.857600089
1.855,0.857706733
1.856,0.857811323
1.857,0.857912756
1.858,0.858009927
1.859,0.858101731
1.86,0.858187066
1.861,0.858266292
1.862,0.858341035
1.863,0.858412085
1.864,0.858480235
1.865,0.858546274
1.866,0.858610995
1.867,0.858675188
1.868,0.858739645
1.869,0.858805157
1.87,0.858872515
1.871,0.85894106
1.872,0.859009605
1.873,0.859078149
1.874,0.859146694
1.875,0.859215239
1.876,0.859283784
1.877,0.859352329
1.878,0.859420873
1.879,0.859489418
1.88,0.859557963
1.881,0.859626576
1.882,0.859695293
1.883,0.859764072
1.884,0.859832865
1.885,0.859901628
1.886,0.859970316
1.887,0.860038883
1.888,0.860107285
1.889,0.860175476
1.89,0.860243411
1.891,0.860312391
1.892,0.860383186
1.893,0.860454955
1.894,0.860526857
1.895,0.860598051
1.896,0.860667696
1.897,0.860734952
1.898,0.860798976
1.899,0.860858929
1.9,0.86091397
1.901,0.860964482
1.902,0.861011787
1.903,0.861056451
1.904,0.86109904
1.905,0.861140121
1.906,0.861180258
1.907,0.861220017
1.908,0.861259966
1.909,0.861300669
1.91,0.861342692
1.911,0.861385564
1.912,0.861428436
1.913,0.861471309
1.914,0.861514181
1.915,0.861557053
1.916,0.861599925
1.917,0.861642797
1.918,0.86168567
1.919,0.861728542
1.92,0.861771414
1.921,0.861814866
1.922,0.861859221
1.923,0.861904091
1.924,0.86194909
1.925,0.861993831
1.926,0.862037928
1.927,0.862080994
1.928,0.862122642
1.929,0.862162485
1.93,0.862200137
1.931,0.862238462
1.932,0.862279528
1.933,0.862321752
1.934,0.862363551
1.935,0.862403343
1.936,0.862439545
1.937,0.862470576
1.938,0.862494852
1.939,0.862510791
1.94,0.86251681
1.941,0.862517292
1.942,0.862517684
1.943,0.862518003
1.944,0.862518263
1.945,0.862518481
1.946,0.862518673
1.947,0.862518854
1.948,0.862519041
1.949,0.862519248
1.95,0.862519493
1.951,0.862519761
1.952,0.86252003
1.953,0.862520298
1.954,0.862520566
1.955,0.862520835
1.956,0.862521103
1.957,0.862521371
1.958,0.862521639
1.959,0.862521908
1.96,0.862522176
1.961,0.862522468
1.962,0.862522798
1.963,0.86252315
1.964,0.862523506
1.965,0.862523852
1.966,0.862524171
1.967,0.862524448
1.968,0.862524665
1.969,0.862524807
1.97,0.862524858
1.971,0.862512947
1.972,0.862479641
1.973,0.862428578
1.974,0.862363398
1.975,0.862287738
1.976,0.862205237
1.977,0.862119535
1.978,0.86203427
1.979,0.861953081
1.98,0.861879607
1.981,0.861810372
1.982,0.861739649
1.983,0.8616677
1.984,0.86159479
1.985,0.861521179
1.986,0.861447131
1.987,0.861372908
1.988,0.861298772
1.989,0.861224986
1.99,0.861151813
1.991,0.861081793
1.992,0.861016064
1.993,0.860952789
1.994,0.860890126
1.995,0.860826237
1.996,0.860759283
1.997,0.860687423
1.998,0.860608819
1.999,0.86052163
2,0.860424018
2.001,0.860306623
2.002,0.860164168
2.003,0.860000942
2.004,0.85982123
2.005,0.859629318
2.006,0.859429494
2.007,0.859226044
2.008,0.859023255
2.009,0.858825413
2.01,0.858636804
2.011,0.858453479
2.012,0.858268791
2.013,0.85808298
2.014,0.857896286
2.015,0.857708951
2.016,0.857521215
2.017,0.857333319
2.018,0.857145502
2.019,0.856958007
2.02,0.856771073
2.021,0.856577755
2.022,0.856373945
2.023,0.856164139
2.024,0.855952834
2.025,0.855744527
2.026,0.855543714
2.027,0.855354893
2.028,0.855182559
2.029,0.85503121
2.03,0.854905342
2.031,0.854792624
2.032,0.854679633
2.033,0.854569229
2.034,0.854464269
2.035,0.854367613
2.036,0.85428212
2.037,0.854210649
2.038,0.854156059
2.039,0.854121208
2.04,0.854108956
2.041,0.854112471
2.042,0.854122654
2.043,0.854138962
2.044,0.854160852
2.045,0.854187779
2.046,0.854219201
2.047,0.854254574
2.048,0.854293354
2.049,0.854335
2.05,0.854378966
2.051,0.854448945
2.052,0.854561824
2.053,0.85470685
2.054,0.854873271
2.055,0.855050336
2.056,0.855227293
2.057,0.85539339
2.058,0.855537875
2.059,0.855649996
2.06,0.855719001
2.061,0.855761823
2.062,0.85580224
2.063,0.855839772
2.064,0.855873936
2.065,0.855904252
2.066,0.855930236
2.067,0.855951409
2.068,0.855967288
2.069,0.855977391
2.07,0.855981237
2.071,0.855981742
2.072,0.855982153
2.073,0.855982487
2.074,0.85598276
2.075,0.85598299
2.076,0.855983191
2.077,0.855983382
2.078,0.855983578
2.079,0.855983796
2.08,0.855984053
2.081,0.85598436
2.082,0.855984706
2.083,0.855985075
2.084,0.855985449
2.085,0.855985812
2.086,0.855986147
2.087,0.855986437
2.088,0.855986665
2.089,0.855986815
2.09,0.855986868
2.091,0.855978021
2.092,0.855953259
2.093,0.855915257
2.094,0.855866685
2.095,0.855810215
2.096,0.85574852
2.097,0.855684272
2.098,0.855620142
2.099,0.855558804
2.1,0.855502928
2.101,0.855449814
2.102,0.85539516
2.103,0.855339238
2.104,0.85528232
2.105,0.855224677
2.106,0.855166581
2.107,0.855108304
2.108,0.855050118
2.109,0.854992294
2.11,0.854935104
2.111,0.854879991
2.112,0.854827474
2.113,0.854776441
2.114,0.854725779
2.115,0.854674375
2.116,0.854621117
2.117,0.854564891
2.118,0.854504584
2.119,0.854439085
2.12,0.85436728
2.121,0.854285286
2.122,0.854191299
2.123,0.854087327
2.124,0.853975379
2.125,0.853857461
2.126,0.853735582
2.127,0.853611749
2.128,0.85348797
2.129,0.853366253
2.13,0.853248606
2.131,0.853133046
2.132,0.85301638
2.133,0.852898805
2.134,0.852780515
2.135,0.852661705
2.136,0.85254257
2.137,0.852423305
2.138,0.852304105
2.139,0.852185165
2.14,0.85206668
2.141,0.851948701
2.142,0.851831055
2.143,0.851713598
2.144,0.85159619
2.145,0.851478686
2.146,0.851360944
2.147,0.851242823
2.148,0.851124179
2.149,0.85100487
2.15,0.850884753
2.151,0.850763916
2.152,0.850642551
2.153,0.850520672
2.154,0.850398294
2.155,0.850275431
2.156,0.850152097
2.157,0.850028307
2.158,0.849904075
2.159,0.849779417
2.16,0.849654345
2.161,0.849528632
2.162,0.849402132
2.163,0.849274983
2.164,0.849147326
2.165,0.849019298
2.166,0.848891038
2.167,0.848762686
2.168,0.84863438
2.169,0.84850626
2.17,0.848378463
2.171,0.848252847
2.172,0.848130299
2.173,0.848009504
2.174,0.847889148
2.175,0.847767915
2.176,0.84764449
2.177,0.847517559
2.178,0.847385807
2.179,0.847247919
2.18,0.84710258
2.181,0.846947872
2.182,0.846783688
2.183,0.846611433
2.184,0.846432509
2.185,0.846248319
2.186,0.846060269
2.187,0.84586976
2.188,0.845678196
2.189,0.845486981
2.19,0.845297518
2.191,0.845107818
2.192,0.844915291
2.193,0.844720439
2.194,0.844523762
2.195,0.844325764
2.196,0.844126944
2.197,0.843927806
2.198,0.843728851
2.199,0.84353058
2.2,0.843333495
2.201,0.843136817
2.202,0.842939593
2.203,0.842742063
2.204,0.842544469
2.205,0.842347051
2.206,0.84215005
2.207,0.841953705
2.208,0.841758259
2.209,0.841563952
2.21,0.841371024
2.211,0.841179611
2.212,0.840989532
2.213,0.840800551
2.214,0.840612433
2.215,0.840424943
2.216,0.840237845
2.217,0.840050903
2.218,0.839863883
2.219,0.83967655
2.22,0.839488667
2.221,0.839300235
2.222,0.839111499
2.223,0.838922589
2.224,0.838733635
2.225,0.838544768
2.226,0.838356118
2.227,0.838167817
2.228,0.837979995
2.229,0.837792782
2.23,0.837606309
2.231,0.837416857
2.232,0.837222222
2.233,0.837024808
2.234,0.836827019
2.235,0.836631256
2.236,0.836439925
2.237,0.836255429
2.238,0.83608017
2.239,0.835916553
2.24,0.83576698
2.241,0.835630255
2.242,0.835502522
2.243,0.835382193
2.244,0.835267682
2.245,0.835157401
2.246,0.835049766
2.247,0.834943188
2.248,0.834836081
2.249,0.834726859
2.25,0.834613934
2.251,0.834499022
2.252,0.834384719
2.253,0.834270765
2.254,0.834156899
2.255,0.834042858
2.256,0.833928381
2.257,0.833813207
2.258,0.833697075
2.259,0.833579722
2.26,0.833460888
2.261,0.833341165
2.262,0.833221138
2.263,0.833100535
2.264,0.832979083
2.265,0.832856509
2.266,0.83273254
2.267,0.832606905
2.268,0.83247933
2.269,0.832349543
2.27,0.832217271
2.271,0.832081627
2.272,0.831942336
2.273,0.83180004
2.274,0.831655385
2.275,0.831509013
2.276,0.831361568
2.277,0.831213694
2.278,0.831066034
2.279,0.830919233
2.28,0.830773934
2.281,0.8306296
2.282,0.830485267
2.283,0.830340933
2.284,0.830196599
2.285,0.830052266
2.286,0.829907932
2.287,0.829763598
2.288,0.829619264
2.289,0.829474931
2.29,0.829330597
2.291,0.829182722
2.292,0.829029337
2.293,0.828872804
2.294,0.828715484
2.295,0.828559739
2.296,0.828407928
2.297,0.828262414
2.298,0.828125557
2.299,0.827999719
2.3,0.82788726
2.301,0.827785284
2.302,0.827688985
2.303,0.827597857
2.304,0.827511395
2.305,0.827429095
2.306,0.827350451
2.307,0.82727496
2.308,0.827202116
2.309,0.827131414
2.31,0.827062349
2.311,0.82699583
2.312,0.826932701
2.313,0.826872365
2.314,0.826814223
2.315,0.826757677
2.316,0.826702128
2.317,0.826646978
2.318,0.826591628
2.319,0.826535481
2.32,0.826477937
2.321,0.826421133
2.322,0.826366875
2.323,0.826314072
2.324,0.826261633
2.325,0.826208466
2.326,0.826153481
2.327,0.826095585
2.328,0.826033688
2.329,0.825966698
2.33,0.825893525
2.331,0.825813456
2.332,0.825726498
2.333,0.825632635
2.334,0.825531853
2.335,0.825424136
2.336,0.825309468
2.337,0.825187835
2.338,0.825059222
2.339,0.824923612
2.34,0.824780992
2.341,0.824622182
2.342,0.824440684
2.343,0.8242405
2.344,0.824025636
2.345,0.823800094
2.346,0.823567879
2.347,0.823332995
2.348,0.823099446
2.349,0.822871235
2.35,0.822652367
2.351,0.822438863
2.352,0.82222436
2.353,0.822009288
2.354,0.821794072
2.355,0.821579142
2.356,0.821364925
2.357,0.821151849
2.358,0.820940341
2.359,0.820730829
2.36,0.820523742
2.361,0.820315596
2.362,0.820103992
2.363,0.819890985
2.364,0.819678626
2.365,0.81946897
2.366,0.819264069
2.367,0.819065978
2.368,0.818876749
2.369,0.818698435
2.37,0.818533091
2.371,0.818380037
2.372,0.818236147
2.373,0.818099805
2.374,0.817969392
2.375,0.817843292
2.376,0.817719888
2.377,0.817597562
2.378,0.817474696
2.379,0.817349674
2.38,0.817220879
2.381,0.817089658
2.382,0.816958437
2.383,0.816827215
2.384,0.816695994
2.385,0.816564773
2.386,0.816433552
2.387,0.816302331
2.388,0.816171109
2.389,0.816039888
2.39,0.815908667
2.391,0.815777446
2.392,0.815646225
2.393,0.815515003
2.394,0.815383782
2.395,0.815252561
2.396,0.81512134
2.397,0.814990119
2.398,0.814858897
2.399,0.814727676
2.4,0.814596455
2.401,0.814465234
2.402,0.814334013
2.403,0.814202791
2.404,0.81407157
2.405,0.813940349
2.406,0.813809128
2.407,0.813677907
2.408,0.813546685
2.409,0.813415464
2.41,0.813284243
2.411,0.813153022
2.412,0.813021801
2.413,0.812890579
2.414,0.812759358
2.415,0.812628137
2.416,0.812496916
2.417,0.812365695
2.418,0.812234473
2.419,0.812103252
2.42,0.811972031
2.421,0.81184081
2.422,0.811709589
2.423,0.811578367
2.424,0.811447146
2.425,0.811315925
2.426,0.811184704
2.427,0.811053483
2.428,0.810922261
2.429,0.81079104
2.43,0.810659819
2.431,0.810528598
2.432,0.810397377
2.433,0.810266155
2.434,0.810134934
2.435,0.810003713
2.436,0.809872492
2.437,0.809741271
2.438,0.809610049
2.439,0.809478828
2.44,0.809347607
2.441,0.809216386
2.442,0.809085165
2.443,0.808953943
2.444,0.808822722
2.445,0.808691501
2.446,0.80856028
2.447,0.808429059
2.448,0.808297837
2.449,0.808166616
2.45,0.808035395
2.451,0.807904174
2.452,0.807772953
2.453,0.807641731
2.454,0.80751051
2.455,0.807379289
2.456,0.807248068
2.457,0.807116847
2.458,0.806985625
2.459,0.806854404
2.46,0.806723183