Wavelength,Keck AO dichroic
0.9,0.0396
0.901,0.03723166
0.902,0.034776098
0.903,0.032300052
0.904,0.029870257
0.905,0.02755345
0.906,0.025416367
0.907,0.023525744
0.908,0.021948318
0.909,0.020750824
0.91,0.02
0.911,0.019509552
0.912,0.019051687
0.913,0.018630891
0.914,0.018251648
0.915,0.017918444
0.916,0.017635765
0.917,0.017408096
0.918,0.017239922
0.919,0.017135728
0.92,0.0171
0.921,0.017187574
0.922,0.017438043
0.923,0.017833021
0.924,0.018354128
0.925,0.018982979
0.926,0.019701191
0.927,0.020490383
0.928,0.02133217
0.929,0.02220817
0.93,0.0231
0.931,0.02407669
0.932,0.025220666
0.933,0.026533638
0.934,0.028017317
0.935,0.029673413
0.936,0.031503635
0.937,0.033509695
0.938,0.035693302
0.939,0.038056167
0.94,0.0406
0.941,0.043501398
0.942,0.046937151
0.943,0.050909259
0.944,0.055419723
0.945,0.060470543
0.946,0.06606372
0.947,0.072201254
0.948,0.078885145
0.949,0.086117393
0.95,0.0939
0.951,0.103079048
0.952,0.114376871
0.953,0.127609839
0.954,0.142594326
0.955,0.159146704
0.956,0.177083346
0.957,0.196220624
0.958,0.216374911
0.959,0.237362579
0.96,0.259
0.961,0.283617769
0.962,0.312933437
0.963,0.345843811
0.964,0.381245697
0.965,0.418035904
0.966,0.455111239
0.967,0.491368509
0.968,0.52570452
0.969,0.557016082
0.97,0.5842
0.971,0.609843816
0.972,0.636662228
0.973,0.663742778
0.974,0.690173007
0.975,0.715040457
0.976,0.737432671
0.977,0.75643719
0.978,0.771141557
0.979,0.780633313
0.98,0.784
0.981,0.7838516
0.982,0.7834488
0.983,0.7828552
0.984,0.7821344
0.985,0.78135
0.986,0.7805656
0.987,0.7798448
0.988,0.7792512
0.989,0.7788484
0.99,0.7787
0.991,0.779208847
0.992,0.780660791
0.993,0.782943932
0.994,0.785946373
0.995,0.789556215
0.996,0.79366156
0.997,0.798150509
0.998,0.802911164
0.999,0.807831627
1,0.8128
1.001,0.818771178
1.002,0.826505475
1.003,0.835599125
1.004,0.845648359
1.005,0.856249408
1.006,0.866998504
1.007,0.87749188
1.008,0.887325767
1.009,0.896096396
1.01,0.9034
1.011,0.910009956
1.012,0.916827042
1.013,0.923638588
1.014,0.930231923
1.015,0.936394377
1.016,0.941913282
1.017,0.946575966
1.018,0.950169761
1.019,0.952481995
1.02,0.9533
1.021,0.952996038
1.022,0.952137468
1.023,0.950804265
1.024,0.949076403
1.025,0.947033858
1.026,0.944756605
1.027,0.942324617
1.028,0.939817871
1.029,0.93731634
1.03,0.9349
1.031,0.93209166
1.032,0.928526129
1.033,0.924451383
1.034,0.920115395
1.035,0.915766142
1.036,0.911651597
1.037,0.908019735
1.038,0.905118532
1.039,0.903195962
1.04,0.9025
1.041,0.9025
1.042,0.9025
1.043,0.9025
1.044,0.9025
1.045,0.9025
1.046,0.9025
1.047,0.9025
1.048,0.9025
1.049,0.9025
1.05,0.9025
1.051,0.903044099
1.052,0.904551017
1.053,0.90683269
1.054,0.909701052
1.055,0.912968037
1.056,0.916445578
1.057,0.919945611
1.058,0.923280069
1.059,0.926260888
1.06,0.9287
1.061,0.930898312
1.062,0.933225531
1.063,0.935596789
1.064,0.937927222
1.065,0.940131963
1.066,0.942126148
1.067,0.94382491
1.068,0.945143383
1.069,0.945996701
1.07,0.9463
1.071,0.946143222
1.072,0.945695011
1.073,0.944988552
1.074,0.944057032
1.075,0.942933635
1.076,0.941651548
1.077,0.940243955
1.078,0.938744043
1.079,0.937184996
1.08,0.9356
1.081,0.933701932
1.082,0.931253922
1.083,0.928364538
1.084,0.925142346
1.085,0.921695914
1.086,0.918133809
1.087,0.914564598
1.088,0.911096848
1.089,0.907839126
1.09,0.9049
1.091,0.902035676
1.092,0.898995338
1.093,0.895877019
1.094,0.89277875
1.095,0.889798564
1.096,0.887034493
1.097,0.884584569
1.098,0.882546824
1.099,0.88101929
1.1,0.8801
1.101,0.879535782
1.102,0.879011211
1.103,0.878530938
1.104,0.878099613
1.105,0.877721886
1.106,0.877402409
1.107,0.877145831
1.108,0.876956803
1.109,0.876839976
1.11,0.8768
1.111,0.877154746
1.112,0.878150652
1.113,0.879685221
1.114,0.881655956
1.115,0.883960359
1.116,0.886495934
1.117,0.889160183
1.118,0.891850608
1.119,0.894464713
1.12,0.8969
1.121,0.899350628
1.122,0.902035492
1.123,0.904889202
1.124,0.907846367
1.125,0.910841595
1.126,0.913809495
1.127,0.916684677
1.128,0.919401749
1.129,0.92189532
1.13,0.9241
1.131,0.926207534
1.132,0.928404399
1.133,0.930617302
1.134,0.932772949
1.135,0.934798046
1.136,0.936619299
1.137,0.938163415
1.138,0.9393571
1.139,0.940127059
1.14,0.9404
1.141,0.940272423
1.142,0.939906392
1.143,0.939326959
1.144,0.938559175
1.145,0.937628093
1.146,0.936558763
1.147,0.935376237
1.148,0.934105567
1.149,0.932771804
1.15,0.9314
1.151,0.929736277
1.152,0.927564055
1.153,0.924964332
1.154,0.922018104
1.155,0.918806369
1.156,0.915410124
1.157,0.911910368
1.158,0.908388097
1.159,0.904924308
1.16,0.9016
1.161,0.89826984
1.162,0.894767097
1.163,0.89114067
1.164,0.887439457
1.165,0.883712357
1.166,0.880008269
1.167,0.87637609
1.168,0.87286472
1.169,0.869523057
1.17,0.8664
1.171,0.863343942
1.172,0.860213945
1.173,0.857074907
1.174,0.853991727
1.175,0.851029304
1.176,0.848252536
1.177,0.845726324
1.178,0.843515564
1.179,0.841685157
1.18,0.8403
1.181,0.839171472
1.182,0.83808045
1.183,0.83704608
1.184,0.836087507
1.185,0.835223877
1.186,0.834474338
1.187,0.833858034
1.188,0.833394113
1.189,0.833101719
1.19,0.833
1.191,0.833149597
1.192,0.833575011
1.193,0.834241178
1.194,0.835113034
1.195,0.836155512
1.196,0.83733355
1.197,0.838612083
1.198,0.839956045
1.199,0.841330372
1.2,0.8427
1.201,0.844204552
1.202,0.845980574
1.203,0.847988385
1.204,0.850188305
1.205,0.852540653
1.206,0.855005749
1.207,0.857543912
1.208,0.860115462
1.209,0.862680718
1.21,0.8652
1.211,0.867765063
1.212,0.870470426
1.213,0.873280555
1.214,0.876159916
1.215,0.879072973
1.216,0.881984192
1.217,0.884858039
1.218,0.887658979
1.219,0.890351478
1.22,0.8929
1.221,0.895383208
1.222,0.897884347
1.223,0.90037476
1.224,0.902825788
1.225,0.905208772
1.226,0.907495055
1.227,0.909655977
1.228,0.911662881
1.229,0.913487108
1.23,0.9151
1.231,0.916629514
1.232,0.91819222
1.233,0.919742377
1.234,0.921234247
1.235,0.92262209
1.236,0.923860165
1.237,0.924902733
1.238,0.925704055
1.239,0.92621839
1.24,0.9264
1.241,0.926356465
1.242,0.926231432
1.243,0.926033257
1.244,0.925770296
1.245,0.925450906
1.246,0.925083443
1.247,0.924676265
1.248,0.924237728
1.249,0.923776187
1.25,0.9233
1.251,0.922713226
1.252,0.921935297
1.253,0.920997627
1.254,0.91993163
1.255,0.918768721
1.256,0.917540315
1.257,0.916277825
1.258,0.915012666
1.259,0.913776253
1.26,0.9126
1.261,0.911435933
1.262,0.91022444
1.263,0.908979478
1.264,0.907715004
1.265,0.906444976
1.266,0.905183349
1.267,0.903944081
1.268,0.902741129
1.269,0.901588449
1.27,0.9005
1.271,0.899406869
1.272,0.89825467
1.273,0.897079147
1.274,0.895916046
1.275,0.894801111
1.276,0.893770088
1.277,0.89285872
1.278,0.892102753
1.279,0.891537931
1.28,0.8912
1.281,0.890994217
1.282,0.890803109
1.283,0.89062832
1.284,0.890471497
1.285,0.890334286
1.286,0.890218331
1.287,0.89012528
1.288,0.890056777
1.289,0.890014469
1.29,0.89
1.291,0.890067362
1.292,0.890259509
1.293,0.890561534
1.294,0.890958528
1.295,0.891435583
1.296,0.891977791
1.297,0.892570245
1.298,0.893198037
1.299,0.893846258
1.3,0.8945
1.301,0.895253773
1.302,0.896190074
1.303,0.897275972
1.304,0.89847854
1.305,0.899764848
1.306,0.901101969
1.307,0.902456973
1.308,0.903796932
1.309,0.905088917
1.31,0.9063
1.311,0.907461621
1.312,0.908625425
1.313,0.909788793
1.314,0.910949103
1.315,0.912103736
1.316,0.913250069
1.317,0.914385483
1.318,0.915507356
1.319,0.916613069
1.32,0.9177
1.321,0.918798121
1.322,0.919927098
1.323,0.921068848
1.324,0.922205293
1.325,0.92331835
1.326,0.924389939
1.327,0.925401979
1.328,0.92633639
1.329,0.927175091
1.33,0.9279
1.331,0.928573409
1.332,0.929256943
1.333,0.929931521
1.334,0.930578061
1.335,0.931177483
1.336,0.931710707
1.337,0.932158652
1.338,0.932502236
1.339,0.932722379
1.34,0.9328
1.341,0.932761284
1.342,0.932650343
1.343,0.932474988
1.344,0.932243029
1.345,0.931962277
1.346,0.931640543
1.347,0.931285638
1.348,0.930905371
1.349,0.930507555
1.35,0.9301
1.351,0.929622274
1.352,0.929019354
1.353,0.928307165
1.354,0.927501633
1.355,0.926618681
1.356,0.925674235
1.357,0.924684219
1.358,0.923664558
1.359,0.922631177
1.36,0.9216
1.361,0.920533961
1.362,0.919391933
1.363,0.918183748
1.364,0.916919239
1.365,0.915608238
1.366,0.914260579
1.367,0.912886092
1.368,0.911494612
1.369,0.91009597
1.37,0.9087
1.371,0.907274368
1.372,0.905790148
1.373,0.904262278
1.374,0.9027057
1.375,0.901135354
1.376,0.899566179
1.377,0.898013116
1.378,0.896491105
1.379,0.895015086
1.38,0.8936
1.381,0.892227596
1.382,0.890871322
1.383,0.889533663
1.384,0.888217103
1.385,0.886924128
1.386,0.885657223
1.387,0.884418872
1.388,0.883211562
1.389,0.882037776
1.39,0.8809
1.391,0.879779732
1.392,0.87866269
1.393,0.877557686
1.394,0.876473533
1.395,0.875419043
1.396,0.87440303
1.397,0.873434307
1.398,0.872521685
1.399,0.871673979
1.4,0.8709
1.401,0.87015416
1.402,0.869397029
1.403,0.868646661
1.404,0.867921111
1.405,0.867238432
1.406,0.866616679
1.407,0.866073905
1.408,0.865628165
1.409,0.865297512
1.41,0.8651
1.411,0.864979212
1.412,0.864867298
1.413,0.864765163
1.414,0.864673711
1.415,0.864593846
1.416,0.864526474
1.417,0.864472498
1.418,0.864432825
1.419,0.864408357
1.42,0.8644
1.421,0.86442087
1.422,0.86448087
1.423,0.864576087
1.424,0.864702609
1.425,0.864856522
1.426,0.865033913
1.427,0.86523087
1.428,0.865443478
1.429,0.865667826
1.43,0.8659
1.431,0.866183938
1.432,0.866557904
1.433,0.867009476
1.434,0.867526232
1.435,0.868095751
1.436,0.868705609
1.437,0.869343386
1.438,0.869996658
1.439,0.870653003
1.44,0.8713
1.441,0.871954445
1.442,0.87264049
1.443,0.873356749
1.444,0.874101834
1.445,0.874874358
1.446,0.875672933
1.447,0.876496172
1.448,0.877342688
1.449,0.878211093
1.45,0.8791
1.451,0.880030252
1.452,0.881016761
1.453,0.882049243
1.454,0.883117413
1.455,0.884210989
1.456,0.885319685
1.457,0.886433218
1.458,0.887541305
1.459,0.88863366
1.46,0.8897
1.461,0.890748475
1.462,0.891794286
1.463,0.892837725
1.464,0.893879086
1.465,0.894918661
1.466,0.895956743
1.467,0.896993626
1.468,0.8980296
1.469,0.899064961
1.47,0.9001
1.471,0.9011354
1.472,0.90217124
1.473,0.903206904
1.474,0.904241778
1.475,0.905275247
1.476,0.906306696
1.477,0.907335511
1.478,0.908361076
1.479,0.909382777
1.48,0.9104
1.481,0.911418227
1.482,0.912441162
1.483,0.913465521
1.484,0.914488019
1.485,0.915505371
1.486,0.916514294
1.487,0.917511503
1.488,0.918493713
1.489,0.91945764
1.49,0.9204
1.491,0.921323261
1.492,0.922232601
1.493,0.923128804
1.494,0.924012649
1.495,0.92488492
1.496,0.925746397
1.497,0.926597861
1.498,0.927440096
1.499,0.928273881
1.5,0.9291
1.501,0.929920312
1.502,0.930735258
1.503,0.931543492
1.504,0.932343665
1.505,0.933134432
1.506,0.933914444
1.507,0.934682354
1.508,0.935436815
1.509,0.936176479
1.51,0.9369
1.511,0.937611039
1.512,0.938313472
1.513,0.939006274
1.514,0.939688417
1.515,0.940358876
1.516,0.941016625
1.517,0.941660638
1.518,0.942289889
1.519,0.942903352
1.52,0.9435
1.521,0.944084761
1.522,0.944662067
1.523,0.94523015
1.524,0.945787243
1.525,0.946331577
1.526,0.946861385
1.527,0.9473749
1.528,0.947870352
1.529,0.948345975
1.53,0.9488
1.531,0.949237149
1.532,0.949662976
1.533,0.950076964
1.534,0.950478598
1.535,0.950867359
1.536,0.951242732
1.537,0.951604199
1.538,0.951951244
1.539,0.95228335
1.54,0.9526
1.541,0.95290092
1.542,0.953187494
1.543,0.953461691
1.544,0.953725482
1.545,0.953980835
1.546,0.954229722
1.547,0.954474113
1.548,0.954715976
1.549,0.954957281
1.55,0.9552
1.551,0.955447156
1.552,0.955698469
1.553,0.95595095
1.554,0.956201611
1.555,0.956447463
1.556,0.956685518
1.557,0.956912788
1.558,0.957126284
1.559,0.957323017
1.56,0.9575
1.561,0.95766445
1.562,0.957824711
1.563,0.957979483
1.564,0.958127467
1.565,0.958267361
1.566,0.958397867
1.567,0.958517683
1.568,0.958625511
1.569,0.95872005
1.57,0.9588
1.571,0.9588725
1.572,0.958944444
1.573,0.959014167
1.574,0.95908
1.575,0.959140278
1.576,0.959193333
1.577,0.9592375
1.578,0.959271111
1.579,0.9592925
1.58,0.9593
1.581,0.95927504
1.582,0.95920592
1.583,0.95910128
1.584,0.95896976
1.585,0.95882
1.586,0.95866064
1.587,0.95850032
1.588,0.95834768
1.589,0.95821136
1.59,0.9581
1.591,0.958010268
1.592,0.957930996
1.593,0.957859073
1.594,0.957791388
1.595,0.957724828
1.596,0.957656281
1.597,0.957582637
1.598,0.957500783
1.599,0.957407608
1.6,0.9573
1.601,0.957172749
1.602,0.957023597
1.603,0.956853861
1.604,0.956664859
1.605,0.956457907
1.606,0.956234322
1.607,0.955995423
1.608,0.955742524
1.609,0.955476944
1.61,0.9552
1.611,0.954886826
1.612,0.95451888
1.613,0.954106967
1.614,0.95366189
1.615,0.953194453
1.616,0.95271546
1.617,0.952235714
1.618,0.95176602
1.619,0.951317181
1.62,0.9509
1.621,0.950513135
1.622,0.950144435
1.623,0.949788494
1.624,0.949439905
1.625,0.949093262
1.626,0.948743158
1.627,0.948384186
1.628,0.94801094
1.629,0.947618014
1.63,0.9472
1.631,0.946750071
1.632,0.946268917
1.633,0.945762408
1.634,0.945236414
1.635,0.944696805
1.636,0.944149452
1.637,0.943600225
1.638,0.943054994
1.639,0.942519629
1.64,0.942
1.641,0.94149114
1.642,0.940984186
1.643,0.94047916
1.644,0.939976086
1.645,0.93947499
1.646,0.938975894
1.647,0.938478824
1.648,0.937983802
1.649,0.937490852
1.65,0.937
1.651,0.936516865
1.652,0.936044528
1.653,0.9355792
1.654,0.935117094
1.655,0.934654422
1.656,0.934187396
1.657,0.933712229
1.658,0.933225132
1.659,0.932722318
1.66,0.9322
1.661,0.931645692
1.662,0.931055795
1.663,0.930439846
1.664,0.929807385
1.665,0.929167949
1.666,0.928531077
1.667,0.927906308
1.668,0.927303179
1.669,0.926731231
1.67,0.9262
1.671,0.925703284
1.672,0.925226649
1.673,0.924767292
1.674,0.924322409
1.675,0.923889194
1.676,0.923464844
1.677,0.923046554
1.678,0.922631519
1.679,0.922216936
1.68,0.9218
1.681,0.921388212
1.682,0.920988563
1.683,0.920597483
1.684,0.920211403
1.685,0.919826752
1.686,0.919439961
1.687,0.919047461
1.688,0.91864568
1.689,0.91823105
1.69,0.9178
1.691,0.91734726
1.692,0.916873199
1.693,0.916382707
1.694,0.915880675
1.695,0.915371993
1.696,0.914861551
1.697,0.914354241
1.698,0.913854952
1.699,0.913368575
1.7,0.9129
1.701,0.912443316
1.702,0.911989992
1.703,0.911540991
1.704,0.911097279
1.705,0.910659817
1.706,0.910229571
1.707,0.909807502
1.708,0.909394575
1.709,0.908991753
1.71,0.9086
1.711,0.908221798
1.712,0.907857162
1.713,0.907503356
1.714,0.907157641
1.715,0.906817281
1.716,0.906479538
1.717,0.906141676
1.718,0.905800957
1.719,0.905454644
1.72,0.9051
1.721,0.904727621
1.722,0.904335098
1.723,0.903930183
1.724,0.903520629
1.725,0.903114187
1.726,0.90271861
1.727,0.90234165
1.728,0.90199106
1.729,0.901674593
1.73,0.9014
1.731,0.901159066
1.732,0.900936617
1.733,0.900729965
1.734,0.900536423
1.735,0.900353304
1.736,0.90017792
1.737,0.900007585
1.738,0.899839611
1.739,0.899671312
1.74,0.8995
1.741,0.899325568
1.742,0.89915063
1.743,0.898976578
1.744,0.898804805
1.745,0.898636703
1.746,0.898473665
1.747,0.898317083
1.748,0.89816835
1.749,0.898028858
1.75,0.8979
1.751,0.897779719
1.752,0.897664814
1.753,0.897554959
1.754,0.897449828
1.755,0.897349095
1.756,0.897252434
1.757,0.89715952
1.758,0.897070027
1.759,0.896983629
1.76,0.8969
1.761,0.896813694
1.762,0.896721788
1.763,0.896627741
1.764,0.896535012
1.765,0.896447059
1.766,0.896367341
1.767,0.896299318
1.768,0.896246447
1.769,0.896212188
1.77,0.8962
1.771,0.89622314
1.772,0.896288053
1.773,0.89638798
1.774,0.89651616
1.775,0.896665833
1.776,0.89683024
1.777,0.89700262
1.778,0.897176213
1.779,0.89734426
1.78,0.8975
1.781,0.897648726
1.782,0.897800625
1.783,0.89795628
1.784,0.898116274
1.785,0.89828119
1.786,0.898451611
1.787,0.89862812
1.788,0.898811299
1.789,0.899001731
1.79,0.8992
1.791,0.899415091
1.792,0.899652071
1.793,0.89990564
1.794,0.900170498
1.795,0.900441348
1.796,0.90071289
1.797,0.900979826
1.798,0.901236855
1.799,0.901478679
1.8,0.9017
1.801,0.90189875
1.802,0.902079784
1.803,0.902248182
1.804,0.902409026
1.805,0.902567397
1.806,0.902728376
1.807,0.902897045
1.808,0.903078484
1.809,0.903277776
1.81,0.9035
1.811,0.903761819
1.812,0.904069407
1.813,0.904412115
1.814,0.904779297
1.815,0.905160302
1.816,0.905544484
1.817,0.905921192
1.818,0.90627978
1.819,0.906609599
1.82,0.9069
1.821,0.907151012
1.822,0.907374836
1.823,0.907579083
1.824,0.907771364
1.825,0.907959291
1.826,0.908150475
1.827,0.908352526
1.828,0.908573057
1.829,0.908819678
1.83,0.9091
1.831,0.909437671
1.832,0.909841962
1.833,0.910298916
1.834,0.91079458
1.835,0.911314999
1.836,0.911846218
1.837,0.912374282
1.838,0.912885237
1.839,0.913365128
1.84,0.9138
1.841,0.914199102
1.842,0.914582692
1.843,0.914953329
1.844,0.915313571
1.845,0.915665977
1.846,0.916013104
1.847,0.916357511
1.848,0.916701758
1.849,0.917048401
1.85,0.9174
1.851,0.917749715
1.852,0.9180911
1.853,0.918427302
1.854,0.918761469
1.855,0.919096748
1.856,0.919436288
1.857,0.919783235
1.858,0.920140738
1.859,0.920511944
1.86,0.9209
1.861,0.921316831
1.862,0.92176646
1.863,0.922240186
1.864,0.922729306
1.865,0.923225119
1.866,0.923718922
1.867,0.924202014
1.868,0.924665692
1.869,0.925101255
1.87,0.9255
1.871,0.925864055
1.872,0.926204741
1.873,0.926527151
1.874,0.926836376
1.875,0.927137509
1.876,0.927435641
1.877,0.927735865
1.878,0.928043271
1.879,0.928362952
1.88,0.9287
1.881,0.929058799
1.882,0.929436733
1.883,0.929828393
1.884,0.93022837
1.885,0.930631255
1.886,0.931031641
1.887,0.931424116
1.888,0.931803274
1.889,0.932163705
1.89,0.9325
1.891,0.932809917
1.892,0.933098491
1.893,0.933371234
1.894,0.933633656
1.895,0.933891266
1.896,0.934149574
1.897,0.934414092
1.898,0.934690329
1.899,0.934983795
1.9,0.9353
1.901,0.935644226
1.902,0.936014634
1.903,0.936406053
1.904,0.936813314
1.905,0.937231245
1.906,0.937654677
1.907,0.938078439
1.908,0.93849736
1.909,0.93890627
1.91,0.9393
1.911,0.9396808
1.912,0.940055336
1.913,0.940425057
1.914,0.940791411
1.915,0.941155848
1.916,0.941519818
1.917,0.941884769
1.918,0.94225215
1.919,0.942623411
1.92,0.943
1.921,0.943383584
1.922,0.943773609
1.923,0.944168194
1.924,0.944565459
1.925,0.944963522
1.926,0.945360504
1.927,0.945754523
1.928,0.9461437
1.929,0.946526152
1.93,0.9469
1.931,0.947263622
1.932,0.947618162
1.933,0.947965892
1.934,0.948309081
1.935,0.94865
1.936,0.948990919
1.937,0.949334108
1.938,0.949681838
1.939,0.950036378
1.94,0.9504
1.941,0.950779944
1.942,0.951177976
1.943,0.951588151
1.944,0.952004523
1.945,0.952421149
1.946,0.952832082
1.947,0.953231379
1.948,0.953613094
1.949,0.953971283
1.95,0.9543
1.951,0.954599699
1.952,0.954877953
1.953,0.955139495
1.954,0.955389059
1.955,0.955631379
1.956,0.955871189
1.957,0.956113222
1.958,0.956362212
1.959,0.956622894
1.96,0.9569
1.961,0.957194115
1.962,0.957500931
1.963,0.957817841
1.964,0.958142241
1.965,0.958471524
1.966,0.958803085
1.967,0.959134319
1.968,0.95946262
1.969,0.959785382
1.97,0.9601
1.971,0.960411993
1.972,0.960727156
1.973,0.961043303
1.974,0.961358243
1.975,0.961669789
1.976,0.961975752
1.977,0.962273943
1.978,0.962562174
1.979,0.962838256
1.98,0.9631
1.981,0.963344698
1.982,0.96357366
1.983,0.96379073
1.984,0.96399975
1.985,0.964204563
1.986,0.96440901
1.987,0.964616935
1.988,0.96483218
1.989,0.965058587
1.99,0.9653
1.991,0.965566063
1.992,0.965858578
1.993,0.96616962
1.994,0.966491264
1.995,0.966815586
1.996,0.967134661
1.997,0.967440564
1.998,0.967725372
1.999,0.967981159
2,0.9682
2.001,0.968385817
2.002,0.968550986
2.003,0.968700264
2.004,0.968838411
2.005,0.968970185
2.006,0.969100344
2.007,0.969233647
2.008,0.969374852
2.009,0.969528717
2.01,0.9697
2.011,0.969897285
2.012,0.970121152
2.013,0.970364361
2.014,0.970619668
2.015,0.970879831
2.016,0.971137607
2.017,0.971385755
2.018,0.971617031
2.019,0.971824194
2.02,0.972
2.021,0.972149006
2.022,0.972282789
2.023,0.97240464
2.024,0.972517851
2.025,0.972625714
2.026,0.97273152
2.027,0.97283856
2.028,0.972950126
2.029,0.973069509
2.03,0.9732
2.031,0.973340639
2.032,0.973487731
2.033,0.973640471
2.034,0.97379805
2.035,0.973959664
2.036,0.974124504
2.037,0.974291765
2.038,0.974460639
2.039,0.974630319
2.04,0.9748
2.041,0.974979524
2.042,0.975175247
2.043,0.975381135
2.044,0.975591153
2.045,0.975799265
2.046,0.975999435
2.047,0.976185629
2.048,0.976351812
2.049,0.976491947
2.05,0.9766
2.051,0.976683885
2.052,0.976756923
2.053,0.976821192
2.054,0.976878769
2.055,0.976931731
2.056,0.976982154
2.057,0.977032115
2.058,0.977083692
2.059,0.977138962
2.06,0.9772
2.061,0.977266123
2.062,0.977334831
2.063,0.977405477
2.064,0.977477415
2.065,0.97755
2.066,0.977622585
2.067,0.977694523
2.068,0.977765169
2.069,0.977833877
2.07,0.9779
2.071,0.977962388
2.072,0.978021108
2.073,0.978077335
2.074,0.978132246
2.075,0.978187019
2.076,0.978242831
2.077,0.978300858
2.078,0.978362277
2.079,0.978428265
2.08,0.9785
2.081,0.978580224
2.082,0.978669684
2.083,0.978766566
2.084,0.978869053
2.085,0.978975329
2.086,0.979083579
2.087,0.979191987
2.088,0.979298737
2.089,0.979402013
2.09,0.9795
2.091,0.979590944
2.092,0.979675777
2.093,0.979756713
2.094,0.979835964
2.095,0.979915742
2.096,0.979998262
2.097,0.980085734
2.098,0.980180373
2.099,0.980284391
2.1,0.9804
2.101,0.980552136
2.102,0.980753943
2.103,0.98098995
2.104,0.981244686
2.105,0.981502679
2.106,0.981748457
2.107,0.98196655
2.108,0.982141486
2.109,0.982257793
2.11,0.9823
2.111,0.9822272
2.112,0.9820296
2.113,0.9817384
2.114,0.9813848
2.115,0.981
2.116,0.9806152
2.117,0.9802616
2.118,0.9799704
2.119,0.9797728
2.12,0.9797
2.121,0.979714
2.122,0.979752
2.123,0.979808
2.124,0.979876
2.125,0.97995
2.126,0.980024
2.127,0.980092
2.128,0.980148
2.129,0.980186
2.13,0.9802
2.131,0.9802
2.132,0.9802
2.133,0.9802
2.134,0.9802
2.135,0.9802
2.136,0.9802
2.137,0.9802
2.138,0.9802
2.139,0.9802
2.14,0.9802
2.141,0.9801944
2.142,0.9801792
2.143,0.9801568
2.144,0.9801296
2.145,0.9801
2.146,0.9800704
2.147,0.9800432
2.148,0.9800208
2.149,0.9800056
2.15,0.98
2.151,0.9800252
2.152,0.9800936
2.153,0.9801944
2.154,0.9803168
2.155,0.98045
2.156,0.9805832
2.157,0.9807056
2.158,0.9808064
2.159,0.9808748
2.16,0.9809
2.161,0.9808468
2.162,0.9807024
2.163,0.9804896
2.164,0.9802312
2.165,0.97995
2.166,0.9796688
2.167,0.9794104
2.168,0.9791976
2.169,0.9790532
2.17,0.979
2.171,0.9790084
2.172,0.9790312
2.173,0.9790648
2.174,0.9791056
2.175,0.97915
2.176,0.9791944
2.177,0.9792352
2.178,0.9792688
2.179,0.9792916
2.18,0.9793
2.181,0.97929275
2.182,0.979272
2.183,0.97923925
2.184,0.979196
2.185,0.97914375
2.186,0.979084
2.187,0.97901825
2.188,0.978948
2.189,0.97887475
2.19,0.9788
2.191,0.978700426
2.192,0.978559294
2.193,0.978387985
2.194,0.978197882
2.195,0.978000368
2.196,0.977806824
2.197,0.977628632
2.198,0.977477176
2.199,0.977363838
2.2,0.9773
2.201,0.977269033
2.202,0.977245476
2.203,0.977227465
2.204,0.977213134
2.205,0.977200619
2.206,0.977188054
2.207,0.977173575
2.208,0.977155316
2.209,0.977131413
2.21,0.9771
2.211,0.977023411
2.212,0.976877389
2.213,0.976680189
2.214,0.976450063
2.215,0.976205263
2.216,0.975964042
2.217,0.975744653
2.218,0.975565347
2.219,0.975444379
2.22,0.9754
2.221,0.9754224
2.222,0.9754832
2.223,0.9755728
2.224,0.9756816
2.225,0.9758
2.226,0.9759184
2.227,0.9760272
2.228,0.9761168
2.229,0.9761776
2.23,0.9762
2.231,0.976172
2.232,0.976096
2.233,0.975984
2.234,0.975848
2.235,0.9757
2.236,0.975552
2.237,0.975416
2.238,0.975304
2.239,0.975228
2.24,0.9752
2.241,0.9752616
2.242,0.9754288
2.243,0.9756752
2.244,0.9759744
2.245,0.9763
2.246,0.9766256
2.247,0.9769248
2.248,0.9771712
2.249,0.9773384
2.25,0.9774
2.251,0.9773524
2.252,0.9772232
2.253,0.9770328
2.254,0.9768016
2.255,0.97655
2.256,0.9762984
2.257,0.9760672
2.258,0.9758768
2.259,0.9757476
2.26,0.9757
2.261,0.975714
2.262,0.975752
2.263,0.975808
2.264,0.975876
2.265,0.97595
2.266,0.976024
2.267,0.976092
2.268,0.976148
2.269,0.976186
2.27,0.9762
2.271,0.9762
2.272,0.9762
2.273,0.9762
2.274,0.9762
2.275,0.9762
2.276,0.9762
2.277,0.9762
2.278,0.9762
2.279,0.9762
2.28,0.9762
2.281,0.9761961
2.282,0.9761848
2.283,0.9761667
2.284,0.9761424
2.285,0.9761125
2.286,0.9760776
2.287,0.9760383
2.288,0.9759952
2.289,0.9759489
2.29,0.9759
2.291,0.9758175
2.292,0.97568
2.293,0.9755025
2.294,0.9753
2.295,0.9750875
2.296,0.97488
2.297,0.9746925
2.298,0.97454
2.299,0.9744375
2.3,0.9744
2.301,0.9744672
2.302,0.9746496
2.303,0.9749184
2.304,0.9752448
2.305,0.9756
2.306,0.9759552
2.307,0.9762816
2.308,0.9765504
2.309,0.9767328
2.31,0.9768
2.311,0.9767944
2.312,0.9767792
2.313,0.9767568
2.314,0.9767296
2.315,0.9767
2.316,0.9766704
2.317,0.9766432
2.318,0.9766208
2.319,0.9766056
2.32,0.9766
2.321,0.9766196
2.322,0.9766728
2.323,0.9767512
2.324,0.9768464
2.325,0.97695
2.326,0.9770536
2.327,0.9771488
2.328,0.9772272
2.329,0.9772804
2.33,0.9773
2.331,0.9772636
2.332,0.9771648
2.333,0.9770192
2.334,0.9768424
2.335,0.97665
2.336,0.9764576
2.337,0.9762808
2.338,0.9761352
2.339,0.9760364
2.34,0.976
2.341,0.976040253
2.342,0.976150232
2.343,0.976313768
2.344,0.976514695
2.345,0.976736842
2.346,0.976964042
2.347,0.977180126
2.348,0.977368926
2.349,0.977514274
2.35,0.9776
2.351,0.977649326
2.352,0.977695874
2.353,0.977739074
2.354,0.977778358
2.355,0.977813158
2.356,0.977842905
2.357,0.977867032
2.358,0.977884968
2.359,0.977896147
2.36,0.9779
2.361,0.9778832
2.362,0.9778376
2.363,0.9777704
2.364,0.9776888
2.365,0.9776
2.366,0.9775112
2.367,0.9774296
2.368,0.9773624
2.369,0.9773168
2.37,0.9773
2.371,0.9773168
2.372,0.9773624
2.373,0.9774296
2.374,0.9775112
2.375,0.9776
2.376,0.9776888
2.377,0.9777704
2.378,0.9778376
2.379,0.9778832
2.38,0.9779
2.381,0.977844166
2.382,0.977691255
2.383,0.977463159
2.384,0.977181766
2.385,0.976868966
2.386,0.976546648
2.387,0.976236703
2.388,0.975961021
2.389,0.97574149
2.39,0.9756
2.391,0.97550611
2.392,0.975415779
2.393,0.975330497
2.394,0.975251752
2.395,0.975181034
2.396,0.975119834
2.397,0.975069641
2.398,0.975031945
2.399,0.975008234
2.4,0.975
2.401,0.975
2.402,0.975
2.403,0.975
2.404,0.975
2.405,0.975
2.406,0.975
2.407,0.975
2.408,0.975
2.409,0.975
2.41,0.975
2.411,0.975
2.412,0.975
2.413,0.975
2.414,0.975
2.415,0.975
2.416,0.975
2.417,0.975
2.418,0.975
2.419,0.975
2.42,0.975
2.421,0.975
2.422,0.975
2.423,0.975
2.424,0.975
2.425,0.975
2.426,0.975
2.427,0.975
2.428,0.975
2.429,0.975
2.43,0.975
2.431,0.975
2.432,0.975
2.433,0.975
2.434,0.975
2.435,0.975
2.436,0.975
2.437,0.975
2.438,0.975
2.439,0.975
2.44,0.975
2.441,0.975
2.442,0.975
2.443,0.975
2.444,0.975
2.445,0.975
2.446,0.975
2.447,0.975
2.448,0.975
2.449,0.975
2.45,0.975
2.451,0.975
2.452,0.975
2.453,0.975
2.454,0.975
2.455,0.975
2.456,0.975
2.457,0.975
2.458,0.975
2.459,0.975
2.46,0.975
2.461,0.975
2.462,0.975
2.463,0.975
2.464,0.975
2.465,0.975
2.466,0.975
2.467,0.975
2.468,0.975
2.469,0.975
2.47,0.975
2.471,0.975
2.472,0.975
2.473,0.975
2.474,0.975
2.475,0.975
2.476,0.975
2.477,0.975
2.478,0.975
2.479,0.975
2.48,0.975
2.481,0.975
2.482,0.975
2.483,0.975
2.484,0.975
2.485,0.975
2.486,0.975
2.487,0.975
2.488,0.975
2.489,0.975
2.49,0.975
2.491,0.975
2.492,0.975
2.493,0.975
2.494,0.975
2.495,0.975
2.496,0.975
2.497,0.975
2.498,0.975
2.499,0.975
2.5,0.975
2.501,0.975
2.502,0.975
2.503,0.975
2.504,0.975
2.505,0.975
2.506,0.975
2.507,0.975
2.508,0.975
2.509,0.975
2.51,0.975
2.511,0.975
2.512,0.975
2.513,0.975
2.514,0.975
2.515,0.975
2.516,0.975
2.517,0.975
2.518,0.975
2.519,0.975
2.52,0.975
2.521,0.975
2.522,0.975
2.523,0.975
2.524,0.975
2.525,0.975
2.526,0.975
2.527,0.975
2.528,0.975
2.529,0.975
2.53,0.975
2.531,0.975
2.532,0.975
2.533,0.975
2.534,0.975
2.535,0.975
2.536,0.975
2.537,0.975
2.538,0.975
2.539,0.975
2.54,0.975
2.541,0.975
2.542,0.975
2.543,0.975
2.544,0.975
2.545,0.975
2.546,0.975
2.547,0.975
2.548,0.975
2.549,0.975
2.55,0.975
2.551,0.975
2.552,0.975
2.553,0.975
2.554,0.975
2.555,0.975
2.556,0.975
2.557,0.975
2.558,0.975
2.559,0.975
2.56,0.975
2.561,0.975
2.562,0.975
2.563,0.975
2.564,0.975
2.565,0.975
2.566,0.975
2.567,0.975
2.568,0.975
2.569,0.975
2.57,0.975
2.571,0.975
2.572,0.975
2.573,0.975
2.574,0.975
2.575,0.975
2.576,0.975
2.577,0.975
2.578,0.975
2.579,0.975
2.58,0.975
2.581,0.975
2.582,0.975
2.583,0.975
2.584,0.975
2.585,0.975
2.586,0.975
2.587,0.975
2.588,0.975
2.589,0.975
2.59,0.975
2.591,0.975
2.592,0.975
2.593,0.975
2.594,0.975
2.595,0.975
2.596,0.975
2.597,0.975
2.598,0.975
2.599,0.975
2.6,0.975
2.601,0.975
2.602,0.975
2.603,0.975
2.604,0.975
2.605,0.975
2.606,0.975
2.607,0.975
2.608,0.975
2.609,0.975
2.61,0.975
2.611,0.975
2.612,0.975
2.613,0.975
2.614,0.975
2.615,0.975
2.616,0.975
2.617,0.975
2.618,0.975
2.619,0.975
2.62,0.975
2.621,0.975
2.622,0.975
2.623,0.975
2.624,0.975
2.625,0.975
2.626,0.975
2.627,0.975
2.628,0.975
2.629,0.975
2.63,0.975
2.631,0.975
2.632,0.975
2.633,0.975
2.634,0.975
2.635,0.975
2.636,0.975
2.637,0.975
2.638,0.975
2.639,0.975
2.64,0.975
2.641,0.975
2.642,0.975
2.643,0.975
2.644,0.975
2.645,0.975
2.646,0.975
2.647,0.975
2.648,0.975
2.649,0.975
2.65,0.975
2.651,0.975
2.652,0.975
2.653,0.975
2.654,0.975
2.655,0.975
2.656,0.975
2.657,0.975
2.658,0.975
2.659,0.975
2.66,0.975
2.661,0.975
2.662,0.975
2.663,0.975
2.664,0.975
2.665,0.975
2.666,0.975
2.667,0.975
2.668,0.975
2.669,0.975
2.67,0.975
2.671,0.975
2.672,0.975
2.673,0.975
2.674,0.975
2.675,0.975
2.676,0.975
2.677,0.975
2.678,0.975
2.679,0.975
2.68,0.975
2.681,0.975
2.682,0.975
2.683,0.975
2.684,0.975
2.685,0.975
2.686,0.975
2.687,0.975
2.688,0.975
2.689,0.975
2.69,0.975
2.691,0.975
2.692,0.975
2.693,0.975
2.694,0.975
2.695,0.975
2.696,0.975
2.697,0.975
2.698,0.975
2.699,0.975
2.7,0.975
2.701,0.975
2.702,0.975
2.703,0.975
2.704,0.975
2.705,0.975
2.706,0.975
2.707,0.975
2.708,0.975
2.709,0.975
2.71,0.975
2.711,0.975
2.712,0.975
2.713,0.975
2.714,0.975
2.715,0.975
2.716,0.975
2.717,0.975
2.718,0.975
2.719,0.975
2.72,0.975
2.721,0.975
2.722,0.975
2.723,0.975
2.724,0.975
2.725,0.975
2.726,0.975
2.727,0.975
2.728,0.975
2.729,0.975
2.73,0.975
2.731,0.975
2.732,0.975
2.733,0.975
2.734,0.975
2.735,0.975
2.736,0.975
2.737,0.975
2.738,0.975
2.739,0.975
2.74,0.975
2.741,0.975
2.742,0.975
2.743,0.975
2.744,0.975
2.745,0.975
2.746,0.975
2.747,0.975
2.748,0.975
2.749,0.975
2.75,0.975
2.751,0.975
2.752,0.975
2.753,0.975
2.754,0.975
2.755,0.975
2.756,0.975
2.757,0.975
2.758,0.975
2.759,0.975
2.76,0.975
2.761,0.975
2.762,0.975
2.763,0.975
2.764,0.975
2.765,0.975
2.766,0.975
2.767,0.975
2.768,0.975
2.769,0.975
2.77,0.975
2.771,0.975
2.772,0.975
2.773,0.975
2.774,0.975
2.775,0.975
2.776,0.975
2.777,0.975
2.778,0.975
2.779,0.975
2.78,0.975
2.781,0.975
2.782,0.975
2.783,0.975
2.784,0.975
2.785,0.975
2.786,0.975
2.787,0.975
2.788,0.975
2.789,0.975
2.79,0.975
2.791,0.975
2.792,0.975
2.793,0.975
2.794,0.975
2.795,0.975
2.796,0.975
2.797,0.975
2.798,0.975
2.799,0.975
2.8,0.975
2.801,0.975
2.802,0.975
2.803,0.975
2.804,0.975
2.805,0.975
2.806,0.975
2.807,0.975
2.808,0.975
2.809,0.975
2.81,0.975
2.811,0.975
2.812,0.975
2.813,0.975
2.814,0.975
2.815,0.975
2.816,0.975
2.817,0.975
2.818,0.975
2.819,0.975
2.82,0.975
2.821,0.975
2.822,0.975
2.823,0.975
2.824,0.975
2.825,0.975
2.826,0.975
2.827,0.975
2.828,0.975
2.829,0.975
2.83,0.975
2.831,0.975
2.832,0.975
2.833,0.975
2.834,0.975
2.835,0.975
2.836,0.975
2.837,0.975
2.838,0.975
2.839,0.975
2.84,0.975
2.841,0.975
2.842,0.975
2.843,0.975
2.844,0.975
2.845,0.975
2.846,0.975
2.847,0.975
2.848,0.975
2.849,0.975
2.85,0.975
2.851,0.975
2.852,0.975
2.853,0.975
2.854,0.975
2.855,0.975
2.856,0.975
2.857,0.975
2.858,0.975
2.859,0.975
2.86,0.975
2.861,0.975
2.862,0.975
2.863,0.975
2.864,0.975
2.865,0.975
2.866,0.975
2.867,0.975
2.868,0.975
2.869,0.975
2.87,0.975
2.871,0.975
2.872,0.975
2.873,0.975
2.874,0.975
2.875,0.975
2.876,0.975
2.877,0.975
2.878,0.975
2.879,0.975
2.88,0.975
2.881,0.975
2.882,0.975
2.883,0.975
2.884,0.975
2.885,0.975
2.886,0.975
2.887,0.975
2.888,0.975
2.889,0.975
2.89,0.975
2.891,0.975
2.892,0.975
2.893,0.975
2.894,0.975
2.895,0.975
2.896,0.975
2.897,0.975
2.898,0.975
2.899,0.975
2.9,0.975
2.901,0.975
2.902,0.975
2.903,0.975
2.904,0.975
2.905,0.975
2.906,0.975
2.907,0.975
2.908,0.975
2.909,0.975
2.91,0.975
2.911,0.975
2.912,0.975
2.913,0.975
2.914,0.975
2.915,0.975
2.916,0.975
2.917,0.975
2.918,0.975
2.919,0.975
2.92,0.975
2.921,0.975
2.922,0.975
2.923,0.975
2.924,0.975
2.925,0.975
2.926,0.975
2.927,0.975
2.928,0.975
2.929,0.975
2.93,0.975
2.931,0.975
2.932,0.975
2.933,0.975
2.934,0.975
2.935,0.975
2.936,0.975
2.937,0.975
2.938,0.975
2.939,0.975
2.94,0.975
2.941,0.975
2.942,0.975
2.943,0.975
2.944,0.975
2.945,0.975
2.946,0.975
2.947,0.975
2.948,0.975
2.949,0.975
2.95,0.975
2.951,0.975
2.952,0.975
2.953,0.975
2.954,0.975
2.955,0.975
2.956,0.975
2.957,0.975
2.958,0.975
2.959,0.975
2.96,0.975
2.961,0.975
2.962,0.975
2.963,0.975
2.964,0.975
2.965,0.975
2.966,0.975
2.967,0.975
2.968,0.975
2.969,0.975
2.97,0.975
2.971,0.975
2.972,0.975
2.973,0.975
2.974,0.975
2.975,0.975
2.976,0.975
2.977,0.975
2.978,0.975
2.979,0.975
2.98,0.975
2.981,0.975
2.982,0.975
2.983,0.975
2.984,0.975
2.985,0.975
2.986,0.975
2.987,0.975
2.988,0.975
2.989,0.975
2.99,0.975
2.991,0.975
2.992,0.975
2.993,0.975
2.994,0.975
2.995,0.975
2.996,0.975
2.997,0.975
2.998,0.975
2.999,0.975
3,0.975
3.001,0.975
3.002,0.975
3.003,0.975
3.004,0.975
3.005,0.975
3.006,0.975
3.007,0.975
3.008,0.975
3.009,0.975
3.01,0.975
3.011,0.975
3.012,0.975
3.013,0.975
3.014,0.975
3.015,0.975
3.016,0.975
3.017,0.975
3.018,0.975
3.019,0.975
3.02,0.975
3.021,0.975
3.022,0.975
3.023,0.975
3.024,0.975
3.025,0.975
3.026,0.975
3.027,0.975
3.028,0.975
3.029,0.975
3.03,0.975
3.031,0.975
3.032,0.975
3.033,0.975
3.034,0.975
3.035,0.975
3.036,0.975
3.037,0.975
3.038,0.975
3.039,0.975
3.04,0.975
3.041,0.975
3.042,0.975
3.043,0.975
3.044,0.975
3.045,0.975
3.046,0.975
3.047,0.975
3.048,0.975
3.049,0.975
3.05,0.975
3.051,0.975
3.052,0.975
3.053,0.975
3.054,0.975
3.055,0.975
3.056,0.975
3.057,0.975
3.058,0.975
3.059,0.975
3.06,0.975
3.061,0.975
3.062,0.975
3.063,0.975
3.064,0.975
3.065,0.975
3.066,0.975
3.067,0.975
3.068,0.975
3.069,0.975
3.07,0.975
3.071,0.975
3.072,0.975
3.073,0.975
3.074,0.975
3.075,0.975
3.076,0.975
3.077,0.975
3.078,0.975
3.079,0.975
3.08,0.975
3.081,0.975
3.082,0.975
3.083,0.975
3.084,0.975
3.085,0.975
3.086,0.975
3.087,0.975
3.088,0.975
3.089,0.975
3.09,0.975
3.091,0.975
3.092,0.975
3.093,0.975
3.094,0.975
3.095,0.975
3.096,0.975
3.097,0.975
3.098,0.975
3.099,0.975
3.1,0.975
3.101,0.975
3.102,0.975
3.103,0.975
3.104,0.975
3.105,0.975
3.106,0.975
3.107,0.975
3.108,0.975
3.109,0.975
3.11,0.975
3.111,0.975
3.112,0.975
3.113,0.975
3.114,0.975
3.115,0.975
3.116,0.975
3.117,0.975
3.118,0.975
3.119,0.975
3.12,0.975
3.121,0.975
3.122,0.975
3.123,0.975
3.124,0.975
3.125,0.975
3.126,0.975
3.127,0.975
3.128,0.975
3.129,0.975
3.13,0.975
3.131,0.975
3.132,0.975
3.133,0.975
3.134,0.975
3.135,0.975
3.136,0.975
3.137,0.975
3.138,0.975
3.139,0.975
3.14,0.975
3.141,0.975
3.142,0.975
3.143,0.975
3.144,0.975
3.145,0.975
3.146,0.975
3.147,0.975
3.148,0.975
3.149,0.975
3.15,0.975
3.151,0.975
3.152,0.975
3.153,0.975
3.154,0.975
3.155,0.975
3.156,0.975
3.157,0.975
3.158,0.975
3.159,0.975
3.16,0.975
3.161,0.975
3.162,0.975
3.163,0.975
3.164,0.975
3.165,0.975
3.166,0.975
3.167,0.975
3.168,0.975
3.169,0.975
3.17,0.975
3.171,0.975
3.172,0.975
3.173,0.975
3.174,0.975
3.175,0.975
3.176,0.975
3.177,0.975
3.178,0.975
3.179,0.975
3.18,0.975
3.181,0.975
3.182,0.975
3.183,0.975
3.184,0.975
3.185,0.975
3.186,0.975
3.187,0.975
3.188,0.975
3.189,0.975
3.19,0.975
3.191,0.975
3.192,0.975
3.193,0.975
3.194,0.975
3.195,0.975
3.196,0.975
3.197,0.975
3.198,0.975
3.199,0.975
3.2,0.975
3.201,0.975
3.202,0.975
3.203,0.975
3.204,0.975
3.205,0.975
3.206,0.975
3.207,0.975
3.208,0.975
3.209,0.975
3.21,0.975
3.211,0.975
3.212,0.975
3.213,0.975
3.214,0.975
3.215,0.975
3.216,0.975
3.217,0.975
3.218,0.975
3.219,0.975
3.22,0.975
3.221,0.975
3.222,0.975
3.223,0.975
3.224,0.975
3.225,0.975
3.226,0.975
3.227,0.975
3.228,0.975
3.229,0.975
3.23,0.975
3.231,0.975
3.232,0.975
3.233,0.975
3.234,0.975
3.235,0.975
3.236,0.975
3.237,0.975
3.238,0.975
3.239,0.975
3.24,0.975
3.241,0.975
3.242,0.975
3.243,0.975
3.244,0.975
3.245,0.975
3.246,0.975
3.247,0.975
3.248,0.975
3.249,0.975
3.25,0.975
3.251,0.975
3.252,0.975
3.253,0.975
3.254,0.975
3.255,0.975
3.256,0.975
3.257,0.975
3.258,0.975
3.259,0.975
3.26,0.975
3.261,0.975
3.262,0.975
3.263,0.975
3.264,0.975
3.265,0.975
3.266,0.975
3.267,0.975
3.268,0.975
3.269,0.975
3.27,0.975
3.271,0.975
3.272,0.975
3.273,0.975
3.274,0.975
3.275,0.975
3.276,0.975
3.277,0.975
3.278,0.975
3.279,0.975
3.28,0.975
3.281,0.975
3.282,0.975
3.283,0.975
3.284,0.975
3.285,0.975
3.286,0.975
3.287,0.975
3.288,0.975
3.289,0.975
3.29,0.975
3.291,0.975
3.292,0.975
3.293,0.975
3.294,0.975
3.295,0.975
3.296,0.975
3.297,0.975
3.298,0.975
3.299,0.975
3.3,0.975
3.301,0.975
3.302,0.975
3.303,0.975
3.304,0.975
3.305,0.975
3.306,0.975
3.307,0.975
3.308,0.975
3.309,0.975
3.31,0.975
3.311,0.975
3.312,0.975
3.313,0.975
3.314,0.975
3.315,0.975
3.316,0.975
3.317,0.975
3.318,0.975
3.319,0.975
3.32,0.975
3.321,0.975
3.322,0.975
3.323,0.975
3.324,0.975
3.325,0.975
3.326,0.975
3.327,0.975
3.328,0.975
3.329,0.975
3.33,0.975
3.331,0.975
3.332,0.975
3.333,0.975
3.334,0.975
3.335,0.975
3.336,0.975
3.337,0.975
3.338,0.975
3.339,0.975
3.34,0.975
3.341,0.975
3.342,0.975
3.343,0.975
3.344,0.975
3.345,0.975
3.346,0.975
3.347,0.975
3.348,0.975
3.349,0.975
3.35,0.975
3.351,0.975
3.352,0.975
3.353,0.975
3.354,0.975
3.355,0.975
3.356,0.975
3.357,0.975
3.358,0.975
3.359,0.975
3.36,0.975
3.361,0.975
3.362,0.975
3.363,0.975
3.364,0.975
3.365,0.975
3.366,0.975
3.367,0.975
3.368,0.975
3.369,0.975
3.37,0.975
3.371,0.975
3.372,0.975
3.373,0.975
3.374,0.975
3.375,0.975
3.376,0.975
3.377,0.975
3.378,0.975
3.379,0.975
3.38,0.975
3.381,0.975
3.382,0.975
3.383,0.975
3.384,0.975
3.385,0.975
3.386,0.975
3.387,0.975
3.388,0.975
3.389,0.975
3.39,0.975
3.391,0.975
3.392,0.975
3.393,0.975
3.394,0.975
3.395,0.975
3.396,0.975
3.397,0.975
3.398,0.975
3.399,0.975
3.4,0.975
3.401,0.975
3.402,0.975
3.403,0.975
3.404,0.975
3.405,0.975
3.406,0.975
3.407,0.975
3.408,0.975
3.409,0.975
3.41,0.975
3.411,0.975
3.412,0.975
3.413,0.975
3.414,0.975
3.415,0.975
3.416,0.975
3.417,0.975
3.418,0.975
3.419,0.975
3.42,0.975
3.421,0.975
3.422,0.975
3.423,0.975
3.424,0.975
3.425,0.975
3.426,0.975
3.427,0.975
3.428,0.975
3.429,0.975
3.43,0.975
3.431,0.975
3.432,0.975
3.433,0.975
3.434,0.975
3.435,0.975
3.436,0.975
3.437,0.975
3.438,0.975
3.439,0.975
3.44,0.975
3.441,0.975
3.442,0.975
3.443,0.975
3.444,0.975
3.445,0.975
3.446,0.975
3.447,0.975
3.448,0.975
3.449,0.975
3.45,0.975
3.451,0.975
3.452,0.975
3.453,0.975
3.454,0.975
3.455,0.975
3.456,0.975
3.457,0.975
3.458,0.975
3.459,0.975
3.46,0.975
3.461,0.975
3.462,0.975
3.463,0.975
3.464,0.975
3.465,0.975
3.466,0.975
3.467,0.975
3.468,0.975
3.469,0.975
3.47,0.975
3.471,0.975
3.472,0.975
3.473,0.975
3.474,0.975
3.475,0.975
3.476,0.975
3.477,0.975
3.478,0.975
3.479,0.975
3.48,0.975
3.481,0.975
3.482,0.975
3.483,0.975
3.484,0.975
3.485,0.975
3.486,0.975
3.487,0.975
3.488,0.975
3.489,0.975
3.49,0.975
3.491,0.975
3.492,0.975
3.493,0.975
3.494,0.975
3.495,0.975
3.496,0.975
3.497,0.975
3.498,0.975
3.499,0.975
3.5,0.975
3.501,0.975
3.502,0.975
3.503,0.975
3.504,0.975
3.505,0.975
3.506,0.975
3.507,0.975
3.508,0.975
3.509,0.975
3.51,0.975
3.511,0.975
3.512,0.975
3.513,0.975
3.514,0.975
3.515,0.975
3.516,0.975
3.517,0.975
3.518,0.975
3.519,0.975
3.52,0.975
3.521,0.975
3.522,0.975
3.523,0.975
3.524,0.975
3.525,0.975
3.526,0.975
3.527,0.975
3.528,0.975
3.529,0.975
3.53,0.975
3.531,0.975
3.532,0.975
3.533,0.975
3.534,0.975
3.535,0.975
3.536,0.975
3.537,0.975
3.538,0.975
3.539,0.975
3.54,0.975
3.541,0.975
3.542,0.975
3.543,0.975
3.544,0.975
3.545,0.975
3.546,0.975
3.547,0.975
3.548,0.975
3.549,0.975
3.55,0.975
3.551,0.975
3.552,0.975
3.553,0.975
3.554,0.975
3.555,0.975
3.556,0.975
3.557,0.975
3.558,0.975
3.559,0.975
3.56,0.975
3.561,0.975
3.562,0.975
3.563,0.975
3.564,0.975
3.565,0.975
3.566,0.975
3.567,0.975
3.568,0.975
3.569,0.975
3.57,0.975
3.571,0.975
3.572,0.975
3.573,0.975
3.574,0.975
3.575,0.975
3.576,0.975
3.577,0.975
3.578,0.975
3.579,0.975
3.58,0.975
3.581,0.975
3.582,0.975
3.583,0.975
3.584,0.975
3.585,0.975
3.586,0.975
3.587,0.975
3.588,0.975
3.589,0.975
3.59,0.975
3.591,0.975
3.592,0.975
3.593,0.975
3.594,0.975
3.595,0.975
3.596,0.975
3.597,0.975
3.598,0.975
3.599,0.975
3.6,0.975
3.601,0.975
3.602,0.975
3.603,0.975
3.604,0.975
3.605,0.975
3.606,0.975
3.607,0.975
3.608,0.975
3.609,0.975
3.61,0.975
3.611,0.975
3.612,0.975
3.613,0.975
3.614,0.975
3.615,0.975
3.616,0.975
3.617,0.975
3.618,0.975
3.619,0.975
3.62,0.975
3.621,0.975
3.622,0.975
3.623,0.975
3.624,0.975
3.625,0.975
3.626,0.975
3.627,0.975
3.628,0.975
3.629,0.975
3.63,0.975
3.631,0.975
3.632,0.975
3.633,0.975
3.634,0.975
3.635,0.975
3.636,0.975
3.637,0.975
3.638,0.975
3.639,0.975
3.64,0.975
3.641,0.975
3.642,0.975
3.643,0.975
3.644,0.975
3.645,0.975
3.646,0.975
3.647,0.975
3.648,0.975
3.649,0.975
3.65,0.975
3.651,0.975
3.652,0.975
3.653,0.975
3.654,0.975
3.655,0.975
3.656,0.975
3.657,0.975
3.658,0.975
3.659,0.975
3.66,0.975
3.661,0.975
3.662,0.975
3.663,0.975
3.664,0.975
3.665,0.975
3.666,0.975
3.667,0.975
3.668,0.975
3.669,0.975
3.67,0.975
3.671,0.975
3.672,0.975
3.673,0.975
3.674,0.975
3.675,0.975
3.676,0.975
3.677,0.975
3.678,0.975
3.679,0.975
3.68,0.975
3.681,0.975
3.682,0.975
3.683,0.975
3.684,0.975
3.685,0.975
3.686,0.975
3.687,0.975
3.688,0.975
3.689,0.975
3.69,0.975
3.691,0.975
3.692,0.975
3.693,0.975
3.694,0.975
3.695,0.975
3.696,0.975
3.697,0.975
3.698,0.975
3.699,0.975
3.7,0.975
3.701,0.975
3.702,0.975
3.703,0.975
3.704,0.975
3.705,0.975
3.706,0.975
3.707,0.975
3.708,0.975
3.709,0.975
3.71,0.975
3.711,0.975
3.712,0.975
3.713,0.975
3.714,0.975
3.715,0.975
3.716,0.975
3.717,0.975
3.718,0.975
3.719,0.975
3.72,0.975
3.721,0.975
3.722,0.975
3.723,0.975
3.724,0.975
3.725,0.975
3.726,0.975
3.727,0.975
3.728,0.975
3.729,0.975
3.73,0.975
3.731,0.975
3.732,0.975
3.733,0.975
3.734,0.975
3.735,0.975
3.736,0.975
3.737,0.975
3.738,0.975
3.739,0.975
3.74,0.975
3.741,0.975
3.742,0.975
3.743,0.975
3.744,0.975
3.745,0.975
3.746,0.975
3.747,0.975
3.748,0.975
3.749,0.975
3.75,0.975
3.751,0.975
3.752,0.975
3.753,0.975
3.754,0.975
3.755,0.975
3.756,0.975
3.757,0.975
3.758,0.975
3.759,0.975
3.76,0.975
3.761,0.975
3.762,0.975
3.763,0.975
3.764,0.975
3.765,0.975
3.766,0.975
3.767,0.975
3.768,0.975
3.769,0.975
3.77,0.975
3.771,0.975
3.772,0.975
3.773,0.975
3.774,0.975
3.775,0.975
3.776,0.975
3.777,0.975
3.778,0.975
3.779,0.975
3.78,0.975
3.781,0.975
3.782,0.975
3.783,0.975
3.784,0.975
3.785,0.975
3.786,0.975
3.787,0.975
3.788,0.975
3.789,0.975
3.79,0.975
3.791,0.975
3.792,0.975
3.793,0.975
3.794,0.975
3.795,0.975
3.796,0.975
3.797,0.975
3.798,0.975
3.799,0.975
3.8,0.975
3.801,0.975
3.802,0.975
3.803,0.975
3.804,0.975
3.805,0.975
3.806,0.975
3.807,0.975
3.808,0.975
3.809,0.975
3.81,0.975
3.811,0.975
3.812,0.975
3.813,0.975
3.814,0.975
3.815,0.975
3.816,0.975
3.817,0.975
3.818,0.975
3.819,0.975
3.82,0.975
3.821,0.975
3.822,0.975
3.823,0.975
3.824,0.975
3.825,0.975
3.826,0.975
3.827,0.975
3.828,0.975
3.829,0.975
3.83,0.975
3.831,0.975
3.832,0.975
3.833,0.975
3.834,0.975
3.835,0.975
3.836,0.975
3.837,0.975
3.838,0.975
3.839,0.975
3.84,0.975
3.841,0.975
3.842,0.975
3.843,0.975
3.844,0.975
3.845,0.975
3.846,0.975
3.847,0.975
3.848,0.975
3.849,0.975
3.85,0.975
3.851,0.975
3.852,0.975
3.853,0.975
3.854,0.975
3.855,0.975
3.856,0.975
3.857,0.975
3.858,0.975
3.859,0.975
3.86,0.975
3.861,0.975
3.862,0.975
3.863,0.975
3.864,0.975
3.865,0.975
3.866,0.975
3.867,0.975
3.868,0.975
3.869,0.975
3.87,0.975
3.871,0.975
3.872,0.975
3.873,0.975
3.874,0.975
3.875,0.975
3.876,0.975
3.877,0.975
3.878,0.975
3.879,0.975
3.88,0.975
3.881,0.975
3.882,0.975
3.883,0.975
3.884,0.975
3.885,0.975
3.886,0.975
3.887,0.975
3.888,0.975
3.889,0.975
3.89,0.975
3.891,0.975
3.892,0.975
3.893,0.975
3.894,0.975
3.895,0.975
3.896,0.975
3.897,0.975
3.898,0.975
3.899,0.975
3.9,0.975
3.901,0.975
3.902,0.975
3.903,0.975
3.904,0.975
3.905,0.975
3.906,0.975
3.907,0.975
3.908,0.975
3.909,0.975
3.91,0.975
3.911,0.975
3.912,0.975
3.913,0.975
3.914,0.975
3.915,0.975
3.916,0.975
3.917,0.975
3.918,0.975
3.919,0.975
3.92,0.975
3.921,0.975
3.922,0.975
3.923,0.975
3.924,0.975
3.925,0.975
3.926,0.975
3.927,0.975
3.928,0.975
3.929,0.975
3.93,0.975
3.931,0.975
3.932,0.975
3.933,0.975
3.934,0.975
3.935,0.975
3.936,0.975
3.937,0.975
3.938,0.975
3.939,0.975
3.94,0.975
3.941,0.975
3.942,0.975
3.943,0.975
3.944,0.975
3.945,0.975
3.946,0.975
3.947,0.975
3.948,0.975
3.949,0.975
3.95,0.975
3.951,0.975
3.952,0.975
3.953,0.975
3.954,0.975
3.955,0.975
3.956,0.975
3.957,0.975
3.958,0.975
3.959,0.975
3.96,0.975
3.961,0.975
3.962,0.975
3.963,0.975
3.964,0.975
3.965,0.975
3.966,0.975
3.967,0.975
3.968,0.975
3.969,0.975
3.97,0.975
3.971,0.975
3.972,0.975
3.973,0.975
3.974,0.975
3.975,0.975
3.976,0.975
3.977,0.975
3.978,0.975
3.979,0.975
3.98,0.975
3.981,0.975
3.982,0.975
3.983,0.975
3.984,0.975
3.985,0.975
3.986,0.975
3.987,0.975
3.988,0.975
3.989,0.975
3.99,0.975
3.991,0.975
3.992,0.975
3.993,0.975
3.994,0.975
3.995,0.975
3.996,0.975
3.997,0.975
3.998,0.975
3.999,0.975
4,0.975
4.001,0.975
4.002,0.975
4.003,0.975
4.004,0.975
4.005,0.975
4.006,0.975
4.007,0.975
4.008,0.975
4.009,0.975
4.01,0.975
4.011,0.975
4.012,0.975
4.013,0.975
4.014,0.975
4.015,0.975
4.016,0.975
4.017,0.975
4.018,0.975
4.019,0.975
4.02,0.975
4.021,0.975
4.022,0.975
4.023,0.975
4.024,0.975
4.025,0.975
4.026,0.975
4.027,0.975
4.028,0.975
4.029,0.975
4.03,0.975
4.031,0.975
4.032,0.975
4.033,0.975
4.034,0.975
4.035,0.975
4.036,0.975
4.037,0.975
4.038,0.975
4.039,0.975
4.04,0.975
4.041,0.975
4.042,0.975
4.043,0.975
4.044,0.975
4.045,0.975
4.046,0.975
4.047,0.975
4.048,0.975
4.049,0.975
4.05,0.975
4.051,0.975
4.052,0.975
4.053,0.975
4.054,0.975
4.055,0.975
4.056,0.975
4.057,0.975
4.058,0.975
4.059,0.975
4.06,0.975
4.061,0.975
4.062,0.975
4.063,0.975
4.064,0.975
4.065,0.975
4.066,0.975
4.067,0.975
4.068,0.975
4.069,0.975
4.07,0.975
4.071,0.975
4.072,0.975
4.073,0.975
4.074,0.975
4.075,0.975
4.076,0.975
4.077,0.975
4.078,0.975
4.079,0.975
4.08,0.975
4.081,0.975
4.082,0.975
4.083,0.975
4.084,0.975
4.085,0.975
4.086,0.975
4.087,0.975
4.088,0.975
4.089,0.975
4.09,0.975
4.091,0.975
4.092,0.975
4.093,0.975
4.094,0.975
4.095,0.975
4.096,0.975
4.097,0.975
4.098,0.975
4.099,0.975
4.1,0.975
4.101,0.975
4.102,0.975
4.103,0.975
4.104,0.975
4.105,0.975
4.106,0.975
4.107,0.975
4.108,0.975
4.109,0.975
4.11,0.975
4.111,0.975
4.112,0.975
4.113,0.975
4.114,0.975
4.115,0.975
4.116,0.975
4.117,0.975
4.118,0.975
4.119,0.975
4.12,0.975
4.121,0.975
4.122,0.975
4.123,0.975
4.124,0.975
4.125,0.975
4.126,0.975
4.127,0.975
4.128,0.975
4.129,0.975
4.13,0.975
4.131,0.975
4.132,0.975
4.133,0.975
4.134,0.975
4.135,0.975
4.136,0.975
4.137,0.975
4.138,0.975
4.139,0.975
4.14,0.975
4.141,0.975
4.142,0.975
4.143,0.975
4.144,0.975
4.145,0.975
4.146,0.975
4.147,0.975
4.148,0.975
4.149,0.975
4.15,0.975
4.151,0.975
4.152,0.975
4.153,0.975
4.154,0.975
4.155,0.975
4.156,0.975
4.157,0.975
4.158,0.975
4.159,0.975
4.16,0.975
4.161,0.975
4.162,0.975
4.163,0.975
4.164,0.975
4.165,0.975
4.166,0.975
4.167,0.975
4.168,0.975
4.169,0.975
4.17,0.975
4.171,0.975
4.172,0.975
4.173,0.975
4.174,0.975
4.175,0.975
4.176,0.975
4.177,0.975
4.178,0.975
4.179,0.975
4.18,0.975
4.181,0.975
4.182,0.975
4.183,0.975
4.184,0.975
4.185,0.975
4.186,0.975
4.187,0.975
4.188,0.975
4.189,0.975
4.19,0.975
4.191,0.975
4.192,0.975
4.193,0.975
4.194,0.975
4.195,0.975
4.196,0.975
4.197,0.975
4.198,0.975
4.199,0.975
4.2,0.975
4.201,0.975
4.202,0.975
4.203,0.975
4.204,0.975
4.205,0.975
4.206,0.975
4.207,0.975
4.208,0.975
4.209,0.975
4.21,0.975
4.211,0.975
4.212,0.975
4.213,0.975
4.214,0.975
4.215,0.975
4.216,0.975
4.217,0.975
4.218,0.975
4.219,0.975
4.22,0.975
4.221,0.975
4.222,0.975
4.223,0.975
4.224,0.975
4.225,0.975
4.226,0.975
4.227,0.975
4.228,0.975
4.229,0.975
4.23,0.975
4.231,0.975
4.232,0.975
4.233,0.975
4.234,0.975
4.235,0.975
4.236,0.975
4.237,0.975
4.238,0.975
4.239,0.975
4.24,0.975
4.241,0.975
4.242,0.975
4.243,0.975
4.244,0.975
4.245,0.975
4.246,0.975
4.247,0.975
4.248,0.975
4.249,0.975
4.25,0.975
4.251,0.975
4.252,0.975
4.253,0.975
4.254,0.975
4.255,0.975
4.256,0.975
4.257,0.975
4.258,0.975
4.259,0.975
4.26,0.975
4.261,0.975
4.262,0.975
4.263,0.975
4.264,0.975
4.265,0.975
4.266,0.975
4.267,0.975
4.268,0.975
4.269,0.975
4.27,0.975
4.271,0.975
4.272,0.975
4.273,0.975
4.274,0.975
4.275,0.975
4.276,0.975
4.277,0.975
4.278,0.975
4.279,0.975
4.28,0.975
4.281,0.975
4.282,0.975
4.283,0.975
4.284,0.975
4.285,0.975
4.286,0.975
4.287,0.975
4.288,0.975
4.289,0.975
4.29,0.975
4.291,0.975
4.292,0.975
4.293,0.975
4.294,0.975
4.295,0.975
4.296,0.975
4.297,0.975
4.298,0.975
4.299,0.975
4.3,0.975
4.301,0.975
4.302,0.975
4.303,0.975
4.304,0.975
4.305,0.975
4.306,0.975
4.307,0.975
4.308,0.975
4.309,0.975
4.31,0.975
4.311,0.975
4.312,0.975
4.313,0.975
4.314,0.975
4.315,0.975
4.316,0.975
4.317,0.975
4.318,0.975
4.319,0.975
4.32,0.975
4.321,0.975
4.322,0.975
4.323,0.975
4.324,0.975
4.325,0.975
4.326,0.975
4.327,0.975
4.328,0.975
4.329,0.975
4.33,0.975
4.331,0.975
4.332,0.975
4.333,0.975
4.334,0.975
4.335,0.975
4.336,0.975
4.337,0.975
4.338,0.975
4.339,0.975
4.34,0.975
4.341,0.975
4.342,0.975
4.343,0.975
4.344,0.975
4.345,0.975
4.346,0.975
4.347,0.975
4.348,0.975
4.349,0.975
4.35,0.975
4.351,0.975
4.352,0.975
4.353,0.975
4.354,0.975
4.355,0.975
4.356,0.975
4.357,0.975
4.358,0.975
4.359,0.975
4.36,0.975
4.361,0.975
4.362,0.975
4.363,0.975
4.364,0.975
4.365,0.975
4.366,0.975
4.367,0.975
4.368,0.975
4.369,0.975
4.37,0.975
4.371,0.975
4.372,0.975
4.373,0.975
4.374,0.975
4.375,0.975
4.376,0.975
4.377,0.975
4.378,0.975
4.379,0.975
4.38,0.975
4.381,0.975
4.382,0.975
4.383,0.975
4.384,0.975
4.385,0.975
4.386,0.975
4.387,0.975
4.388,0.975
4.389,0.975
4.39,0.975
4.391,0.975
4.392,0.975
4.393,0.975
4.394,0.975
4.395,0.975
4.396,0.975
4.397,0.975
4.398,0.975
4.399,0.975
4.4,0.975
4.401,0.975
4.402,0.975
4.403,0.975
4.404,0.975
4.405,0.975
4.406,0.975
4.407,0.975
4.408,0.975
4.409,0.975
4.41,0.975
4.411,0.975
4.412,0.975
4.413,0.975
4.414,0.975
4.415,0.975
4.416,0.975
4.417,0.975
4.418,0.975
4.419,0.975
4.42,0.975
4.421,0.975
4.422,0.975
4.423,0.975
4.424,0.975
4.425,0.975
4.426,0.975
4.427,0.975
4.428,0.975
4.429,0.975
4.43,0.975
4.431,0.975
4.432,0.975
4.433,0.975
4.434,0.975
4.435,0.975
4.436,0.975
4.437,0.975
4.438,0.975
4.439,0.975
4.44,0.975
4.441,0.975
4.442,0.975
4.443,0.975
4.444,0.975
4.445,0.975
4.446,0.975
4.447,0.975
4.448,0.975
4.449,0.975
4.45,0.975
4.451,0.975
4.452,0.975
4.453,0.975
4.454,0.975
4.455,0.975
4.456,0.975
4.457,0.975
4.458,0.975
4.459,0.975
4.46,0.975
4.461,0.975
4.462,0.975
4.463,0.975
4.464,0.975
4.465,0.975
4.466,0.975
4.467,0.975
4.468,0.975
4.469,0.975
4.47,0.975
4.471,0.975
4.472,0.975
4.473,0.975
4.474,0.975
4.475,0.975
4.476,0.975
4.477,0.975
4.478,0.975
4.479,0.975
4.48,0.975
4.481,0.975
4.482,0.975
4.483,0.975
4.484,0.975
4.485,0.975
4.486,0.975
4.487,0.975
4.488,0.975
4.489,0.975
4.49,0.975
4.491,0.975
4.492,0.975
4.493,0.975
4.494,0.975
4.495,0.975
4.496,0.975
4.497,0.975
4.498,0.975
4.499,0.975
4.5,0.975
4.501,0.975
4.502,0.975
4.503,0.975
4.504,0.975
4.505,0.975
4.506,0.975
4.507,0.975
4.508,0.975
4.509,0.975
4.51,0.975
4.511,0.975
4.512,0.975
4.513,0.975
4.514,0.975
4.515,0.975
4.516,0.975
4.517,0.975
4.518,0.975
4.519,0.975
4.52,0.975
4.521,0.975
4.522,0.975
4.523,0.975
4.524,0.975
4.525,0.975
4.526,0.975
4.527,0.975
4.528,0.975
4.529,0.975
4.53,0.975
4.531,0.975
4.532,0.975
4.533,0.975
4.534,0.975
4.535,0.975
4.536,0.975
4.537,0.975
4.538,0.975
4.539,0.975
4.54,0.975
4.541,0.975
4.542,0.975
4.543,0.975
4.544,0.975
4.545,0.975
4.546,0.975
4.547,0.975
4.548,0.975
4.549,0.975
4.55,0.975
4.551,0.975
4.552,0.975
4.553,0.975
4.554,0.975
4.555,0.975
4.556,0.975
4.557,0.975
4.558,0.975
4.559,0.975
4.56,0.975
4.561,0.975
4.562,0.975
4.563,0.975
4.564,0.975
4.565,0.975
4.566,0.975
4.567,0.975
4.568,0.975
4.569,0.975
4.57,0.975
4.571,0.975
4.572,0.975
4.573,0.975
4.574,0.975
4.575,0.975
4.576,0.975
4.577,0.975
4.578,0.975
4.579,0.975
4.58,0.975
4.581,0.975
4.582,0.975
4.583,0.975
4.584,0.975
4.585,0.975
4.586,0.975
4.587,0.975
4.588,0.975
4.589,0.975
4.59,0.975
4.591,0.975
4.592,0.975
4.593,0.975
4.594,0.975
4.595,0.975
4.596,0.975
4.597,0.975
4.598,0.975
4.599,0.975
4.6,0.975
4.601,0.975
4.602,0.975
4.603,0.975
4.604,0.975
4.605,0.975
4.606,0.975
4.607,0.975
4.608,0.975
4.609,0.975
4.61,0.975
4.611,0.975
4.612,0.975
4.613,0.975
4.614,0.975
4.615,0.975
4.616,0.975
4.617,0.975
4.618,0.975
4.619,0.975
4.62,0.975
4.621,0.975
4.622,0.975
4.623,0.975
4.624,0.975
4.625,0.975
4.626,0.975
4.627,0.975
4.628,0.975
4.629,0.975
4.63,0.975
4.631,0.975
4.632,0.975
4.633,0.975
4.634,0.975
4.635,0.975
4.636,0.975
4.637,0.975
4.638,0.975
4.639,0.975
4.64,0.975
4.641,0.975
4.642,0.975
4.643,0.975
4.644,0.975
4.645,0.975
4.646,0.975
4.647,0.975
4.648,0.975
4.649,0.975
4.65,0.975
4.651,0.975
4.652,0.975
4.653,0.975
4.654,0.975
4.655,0.975
4.656,0.975
4.657,0.975
4.658,0.975
4.659,0.975
4.66,0.975
4.661,0.975
4.662,0.975
4.663,0.975
4.664,0.975
4.665,0.975
4.666,0.975
4.667,0.975
4.668,0.975
4.669,0.975
4.67,0.975
4.671,0.975
4.672,0.975
4.673,0.975
4.674,0.975
4.675,0.975
4.676,0.975
4.677,0.975
4.678,0.975
4.679,0.975
4.68,0.975
4.681,0.975
4.682,0.975
4.683,0.975
4.684,0.975
4.685,0.975
4.686,0.975
4.687,0.975
4.688,0.975
4.689,0.975
4.69,0.975
4.691,0.975
4.692,0.975
4.693,0.975
4.694,0.975
4.695,0.975
4.696,0.975
4.697,0.975
4.698,0.975
4.699,0.975
4.7,0.975
4.701,0.975
4.702,0.975
4.703,0.975
4.704,0.975
4.705,0.975
4.706,0.975
4.707,0.975
4.708,0.975
4.709,0.975
4.71,0.975
4.711,0.975
4.712,0.975
4.713,0.975
4.714,0.975
4.715,0.975
4.716,0.975
4.717,0.975
4.718,0.975
4.719,0.975
4.72,0.975
4.721,0.975
4.722,0.975
4.723,0.975
4.724,0.975
4.725,0.975
4.726,0.975
4.727,0.975
4.728,0.975
4.729,0.975
4.73,0.975
4.731,0.975
4.732,0.975
4.733,0.975
4.734,0.975
4.735,0.975
4.736,0.975
4.737,0.975
4.738,0.975
4.739,0.975
4.74,0.975
4.741,0.975
4.742,0.975
4.743,0.975
4.744,0.975
4.745,0.975
4.746,0.975
4.747,0.975
4.748,0.975
4.749,0.975
4.75,0.975
4.751,0.975
4.752,0.975
4.753,0.975
4.754,0.975
4.755,0.975
4.756,0.975
4.757,0.975
4.758,0.975
4.759,0.975
4.76,0.975
4.761,0.975
4.762,0.975
4.763,0.975
4.764,0.975
4.765,0.975
4.766,0.975
4.767,0.975
4.768,0.975
4.769,0.975
4.77,0.975
4.771,0.975
4.772,0.975
4.773,0.975
4.774,0.975
4.775,0.975
4.776,0.975
4.777,0.975
4.778,0.975
4.779,0.975
4.78,0.975
4.781,0.975
4.782,0.975
4.783,0.975
4.784,0.975
4.785,0.975
4.786,0.975
4.787,0.975
4.788,0.975
4.789,0.975
4.79,0.975
4.791,0.975
4.792,0.975
4.793,0.975
4.794,0.975
4.795,0.975
4.796,0.975
4.797,0.975
4.798,0.975
4.799,0.975
4.8,0.975
4.801,0.975
4.802,0.975
4.803,0.975
4.804,0.975
4.805,0.975
4.806,0.975
4.807,0.975
4.808,0.975
4.809,0.975
4.81,0.975
4.811,0.975
4.812,0.975
4.813,0.975
4.814,0.975
4.815,0.975
4.816,0.975
4.817,0.975
4.818,0.975
4.819,0.975
4.82,0.975
4.821,0.975
4.822,0.975
4.823,0.975
4.824,0.975
4.825,0.975
4.826,0.975
4.827,0.975
4.828,0.975
4.829,0.975
4.83,0.975
4.831,0.975
4.832,0.975
4.833,0.975
4.834,0.975
4.835,0.975
4.836,0.975
4.837,0.975
4.838,0.975
4.839,0.975
4.84,0.975
4.841,0.975
4.842,0.975
4.843,0.975
4.844,0.975
4.845,0.975
4.846,0.975
4.847,0.975
4.848,0.975
4.849,0.975
4.85,0.975
4.851,0.975
4.852,0.975
4.853,0.975
4.854,0.975
4.855,0.975
4.856,0.975
4.857,0.975
4.858,0.975
4.859,0.975
4.86,0.975
4.861,0.975
4.862,0.975
4.863,0.975
4.864,0.975
4.865,0.975
4.866,0.975
4.867,0.975
4.868,0.975
4.869,0.975
4.87,0.975
4.871,0.975
4.872,0.975
4.873,0.975
4.874,0.975
4.875,0.975
4.876,0.975
4.877,0.975
4.878,0.975
4.879,0.975
4.88,0.975
4.881,0.975
4.882,0.975
4.883,0.975
4.884,0.975
4.885,0.975
4.886,0.975
4.887,0.975
4.888,0.975
4.889,0.975
4.89,0.975
4.891,0.975
4.892,0.975
4.893,0.975
4.894,0.975
4.895,0.975
4.896,0.975
4.897,0.975
4.898,0.975
4.899,0.975
4.9,0.975
4.901,0.975
4.902,0.975
4.903,0.975
4.904,0.975
4.905,0.975
4.906,0.975
4.907,0.975
4.908,0.975
4.909,0.975
4.91,0.975
4.911,0.975
4.912,0.975
4.913,0.975
4.914,0.975
4.915,0.975
4.916,0.975
4.917,0.975
4.918,0.975
4.919,0.975
4.92,0.975
4.921,0.975
4.922,0.975
4.923,0.975
4.924,0.975
4.925,0.975
4.926,0.975
4.927,0.975
4.928,0.975
4.929,0.975
4.93,0.975
4.931,0.975
4.932,0.975
4.933,0.975
4.934,0.975
4.935,0.975
4.936,0.975
4.937,0.975
4.938,0.975
4.939,0.975
4.94,0.975
4.941,0.975
4.942,0.975
4.943,0.975
4.944,0.975
4.945,0.975
4.946,0.975
4.947,0.975
4.948,0.975
4.949,0.975
4.95,0.975
4.951,0.975
4.952,0.975
4.953,0.975
4.954,0.975
4.955,0.975
4.956,0.975
4.957,0.975
4.958,0.975
4.959,0.975
4.96,0.975
4.961,0.975
4.962,0.975
4.963,0.975
4.964,0.975
4.965,0.975
4.966,0.975
4.967,0.975
4.968,0.975
4.969,0.975
4.97,0.975
4.971,0.975
4.972,0.975
4.973,0.975
4.974,0.975
4.975,0.975
4.976,0.975
4.977,0.975
4.978,0.975
4.979,0.975
4.98,0.975
4.981,0.975
4.982,0.975
4.983,0.975
4.984,0.975
4.985,0.975
4.986,0.975
4.987,0.975
4.988,0.975
4.989,0.975
4.99,0.975
4.991,0.975
4.992,0.975
4.993,0.975
4.994,0.975
4.995,0.975
4.996,0.975
4.997,0.975
4.998,0.975
4.999,0.975
5,0.975