Wavelength,DM + window
0.9,0.904219475
0.901,0.904219475
0.902,0.904270847
0.903,0.904323345
0.904,0.904376921
0.905,0.904431529
0.906,0.904487121
0.907,0.904543651
0.908,0.904601071
0.909,0.904659336
0.91,0.904718398
0.911,0.90477821
0.912,0.904839334
0.913,0.904902163
0.914,0.904966396
0.915,0.905031732
0.916,0.905097871
0.917,0.905164511
0.918,0.905231351
0.919,0.905298091
0.92,0.90536443
0.921,0.905430068
0.922,0.905495705
0.923,0.905562044
0.924,0.905628784
0.925,0.905695624
0.926,0.905762264
0.927,0.905828403
0.928,0.905893739
0.929,0.905957972
0.93,0.906020801
0.931,0.906081925
0.932,0.90614128
0.933,0.906199173
0.934,0.906255864
0.935,0.906311608
0.936,0.906366665
0.937,0.906421292
0.938,0.906475747
0.939,0.906530288
0.94,0.906585173
0.941,0.90664066
0.942,0.906696534
0.943,0.906752407
0.944,0.906808281
0.945,0.906864154
0.946,0.906920028
0.947,0.906975901
0.948,0.907031775
0.949,0.907087648
0.95,0.907143522
0.951,0.907199395
0.952,0.907254882
0.953,0.907309767
0.954,0.907364308
0.955,0.907418763
0.956,0.90747339
0.957,0.907528447
0.958,0.907584191
0.959,0.907640882
0.96,0.907698775
0.961,0.90775813
0.962,0.907819705
0.963,0.907883688
0.964,0.907949475
0.965,0.908016466
0.966,0.908084059
0.967,0.908151651
0.968,0.908218642
0.969,0.90828443
0.97,0.908348412
0.971,0.908409988
0.972,0.908470348
0.973,0.908530812
0.974,0.908590966
0.975,0.908650398
0.976,0.908708696
0.977,0.908765446
0.978,0.908820237
0.979,0.908872654
0.98,0.908922287
0.981,0.908968723
0.982,0.909012485
0.983,0.909054459
0.984,0.909094773
0.985,0.909133555
0.986,0.909170931
0.987,0.909207031
0.988,0.909241981
0.989,0.90927591
0.99,0.909308944
0.991,0.909341213
0.992,0.909374896
0.993,0.909411134
0.994,0.90944849
0.995,0.909485526
0.996,0.909520806
0.997,0.909552893
0.998,0.909580351
0.999,0.909601743
1,0.909615631
1.001,0.90962058
1.002,0.90962058
1.003,0.90962058
1.004,0.90962058
1.005,0.90962058
1.006,0.90962058
1.007,0.90962058
1.008,0.90962058
1.009,0.90962058
1.01,0.90962058
1.011,0.90962058
1.012,0.90962058
1.013,0.90962058
1.014,0.90962058
1.015,0.90962058
1.016,0.90962058
1.017,0.90962058
1.018,0.90962058
1.019,0.90962058
1.02,0.90962058
1.021,0.90962058
1.022,0.909623187
1.023,0.909630265
1.024,0.909640694
1.025,0.909653359
1.026,0.909667141
1.027,0.909680923
1.028,0.909693588
1.029,0.909704018
1.03,0.909711095
1.031,0.909713703
1.032,0.909713703
1.033,0.909713703
1.034,0.909713703
1.035,0.909713703
1.036,0.909713703
1.037,0.909713703
1.038,0.909713703
1.039,0.909713703
1.04,0.909713703
1.041,0.909713703
1.042,0.909713703
1.043,0.909713703
1.044,0.909713703
1.045,0.909713703
1.046,0.909713703
1.047,0.909713703
1.048,0.909713703
1.049,0.909713703
1.05,0.909713703
1.051,0.909713703
1.052,0.90971631
1.053,0.909723387
1.054,0.909733817
1.055,0.909746482
1.056,0.909760264
1.057,0.909774046
1.058,0.909786711
1.059,0.90979714
1.06,0.909804218
1.061,0.909806825
1.062,0.909806825
1.063,0.909806825
1.064,0.909806825
1.065,0.909806825
1.066,0.909806825
1.067,0.909806825
1.068,0.909806825
1.069,0.909806825
1.07,0.909806825
1.071,0.909806825
1.072,0.909806825
1.073,0.909806825
1.074,0.909806825
1.075,0.909806825
1.076,0.909806825
1.077,0.909806825
1.078,0.909806825
1.079,0.909806825
1.08,0.909806825
1.081,0.909806825
1.082,0.909806825
1.083,0.909806825
1.084,0.909806825
1.085,0.909806825
1.086,0.909806825
1.087,0.909806825
1.088,0.909806825
1.089,0.909806825
1.09,0.909806825
1.091,0.909806825
1.092,0.909806825
1.093,0.909806825
1.094,0.909806825
1.095,0.909806825
1.096,0.909806825
1.097,0.909806825
1.098,0.909806825
1.099,0.909806825
1.1,0.909806825
1.101,0.909806825
1.102,0.909806825
1.103,0.909806825
1.104,0.909806825
1.105,0.909806825
1.106,0.909806825
1.107,0.909806825
1.108,0.909806825
1.109,0.909806825
1.11,0.909806825
1.111,0.909806825
1.112,0.909809432
1.113,0.90981651
1.114,0.909826939
1.115,0.909839604
1.116,0.909853386
1.117,0.909867168
1.118,0.909879833
1.119,0.909890263
1.12,0.90989734
1.121,0.909899948
1.122,0.909899948
1.123,0.909899948
1.124,0.909899948
1.125,0.909899948
1.126,0.909899948
1.127,0.909899948
1.128,0.909899948
1.129,0.909899948
1.13,0.909899948
1.131,0.909899948
1.132,0.909899948
1.133,0.909899948
1.134,0.909899948
1.135,0.909899948
1.136,0.909899948
1.137,0.909899948
1.138,0.909899948
1.139,0.909899948
1.14,0.909899948
1.141,0.909899948
1.142,0.909899948
1.143,0.909899948
1.144,0.909899948
1.145,0.909899948
1.146,0.909899948
1.147,0.909899948
1.148,0.909899948
1.149,0.909899948
1.15,0.909899948
1.151,0.909899948
1.152,0.909902555
1.153,0.909909632
1.154,0.909920062
1.155,0.909932727
1.156,0.909946509
1.157,0.909960291
1.158,0.909972956
1.159,0.909983385
1.16,0.909990463
1.161,0.90999307
1.162,0.90999307
1.163,0.90999307
1.164,0.90999307
1.165,0.90999307
1.166,0.90999307
1.167,0.90999307
1.168,0.90999307
1.169,0.90999307
1.17,0.90999307
1.171,0.90999307
1.172,0.909995677
1.173,0.910002755
1.174,0.910013184
1.175,0.910025849
1.176,0.910039631
1.177,0.910053413
1.178,0.910066078
1.179,0.910076508
1.18,0.910083585
1.181,0.910086193
1.182,0.910086193
1.183,0.910086193
1.184,0.910086193
1.185,0.910086193
1.186,0.910086193
1.187,0.910086193
1.188,0.910086193
1.189,0.910086193
1.19,0.910086193
1.191,0.910086193
1.192,0.910087962
1.193,0.910092897
1.194,0.91010044
1.195,0.910110032
1.196,0.910121113
1.197,0.910133126
1.198,0.910145512
1.199,0.910157711
1.2,0.910169165
1.201,0.910179315
1.202,0.910189465
1.203,0.910200919
1.204,0.910213118
1.205,0.910225504
1.206,0.910237517
1.207,0.910248598
1.208,0.91025819
1.209,0.910265733
1.21,0.910270668
1.211,0.910272438
1.212,0.910272438
1.213,0.910272438
1.214,0.910272438
1.215,0.910272438
1.216,0.910272438
1.217,0.910272438
1.218,0.910272438
1.219,0.910272438
1.22,0.910272438
1.221,0.910272438
1.222,0.910272438
1.223,0.910272438
1.224,0.910272438
1.225,0.910272438
1.226,0.910272438
1.227,0.910272438
1.228,0.910272438
1.229,0.910272438
1.23,0.910272438
1.231,0.910272438
1.232,0.910275045
1.233,0.910282122
1.234,0.910292552
1.235,0.910305217
1.236,0.910318999
1.237,0.910332781
1.238,0.910345446
1.239,0.910355875
1.24,0.910362953
1.241,0.91036556
1.242,0.91036556
1.243,0.91036556
1.244,0.91036556
1.245,0.91036556
1.246,0.91036556
1.247,0.91036556
1.248,0.91036556
1.249,0.91036556
1.25,0.91036556
1.251,0.91036556
1.252,0.910368167
1.253,0.910375245
1.254,0.910385674
1.255,0.910398339
1.256,0.910412121
1.257,0.910425903
1.258,0.910438568
1.259,0.910448998
1.26,0.910456075
1.261,0.910458683
1.262,0.910458683
1.263,0.910458683
1.264,0.910458683
1.265,0.910458683
1.266,0.910458683
1.267,0.910458683
1.268,0.910458683
1.269,0.910458683
1.27,0.910458683
1.271,0.910458683
1.272,0.91046129
1.273,0.910468367
1.274,0.910478797
1.275,0.910491462
1.276,0.910505244
1.277,0.910519026
1.278,0.910531691
1.279,0.91054212
1.28,0.910549198
1.281,0.910551805
1.282,0.910551805
1.283,0.910551805
1.284,0.910551805
1.285,0.910551805
1.286,0.910551805
1.287,0.910551805
1.288,0.910551805
1.289,0.910551805
1.29,0.910551805
1.291,0.910551805
1.292,0.910554412
1.293,0.91056149
1.294,0.910571919
1.295,0.910584584
1.296,0.910598366
1.297,0.910612148
1.298,0.910624813
1.299,0.910635243
1.3,0.91064232
1.301,0.910644928
1.302,0.910644928
1.303,0.910644928
1.304,0.910644928
1.305,0.910644928
1.306,0.910644928
1.307,0.910644928
1.308,0.910644928
1.309,0.910644928
1.31,0.910644928
1.311,0.910644928
1.312,0.910644928
1.313,0.910644928
1.314,0.910644928
1.315,0.910644928
1.316,0.910644928
1.317,0.910644928
1.318,0.910644928
1.319,0.910644928
1.32,0.910644928
1.321,0.910644928
1.322,0.910646697
1.323,0.910651632
1.324,0.910659175
1.325,0.910668767
1.326,0.910679848
1.327,0.910691861
1.328,0.910704247
1.329,0.910716446
1.33,0.9107279
1.331,0.91073805
1.332,0.910747362
1.333,0.910756675
1.334,0.910765987
1.335,0.910775299
1.336,0.910784611
1.337,0.910793924
1.338,0.910803236
1.339,0.910812548
1.34,0.91082186
1.341,0.910831173
1.342,0.910840485
1.343,0.910849797
1.344,0.910859109
1.345,0.910868422
1.346,0.910877734
1.347,0.910887046
1.348,0.910896358
1.349,0.910905671
1.35,0.910914983
1.351,0.910924295
1.352,0.910934445
1.353,0.910945899
1.354,0.910958098
1.355,0.910970484
1.356,0.910982497
1.357,0.910993578
1.358,0.91100317
1.359,0.911010713
1.36,0.911015648
1.361,0.911017418
1.362,0.911017418
1.363,0.911017418
1.364,0.911017418
1.365,0.911017418
1.366,0.911017418
1.367,0.911017418
1.368,0.911017418
1.369,0.911017418
1.37,0.911017418
1.371,0.911017418
1.372,0.911020025
1.373,0.911027102
1.374,0.911037532
1.375,0.911050197
1.376,0.911063979
1.377,0.911077761
1.378,0.911090426
1.379,0.911100855
1.38,0.911107933
1.381,0.91111054
1.382,0.91111054
1.383,0.91111054
1.384,0.91111054
1.385,0.91111054
1.386,0.91111054
1.387,0.91111054
1.388,0.91111054
1.389,0.91111054
1.39,0.91111054
1.391,0.91111054
1.392,0.911113147
1.393,0.911120225
1.394,0.911130654
1.395,0.911143319
1.396,0.911157101
1.397,0.911170883
1.398,0.911183548
1.399,0.911193978
1.4,0.911201055
1.401,0.911203663
1.402,0.911203663
1.403,0.911203663
1.404,0.911203663
1.405,0.911203663
1.406,0.911203663
1.407,0.911203663
1.408,0.911203663
1.409,0.911203663
1.41,0.911203663
1.411,0.911203663
1.412,0.91120627
1.413,0.911213347
1.414,0.911223777
1.415,0.911236442
1.416,0.911250224
1.417,0.911264006
1.418,0.911276671
1.419,0.9112871
1.42,0.911294178
1.421,0.911296785
1.422,0.911296785
1.423,0.911296785
1.424,0.911296785
1.425,0.911296785
1.426,0.911296785
1.427,0.911296785
1.428,0.911296785
1.429,0.911296785
1.43,0.911296785
1.431,0.911296785
1.432,0.911299392
1.433,0.91130647
1.434,0.911316899
1.435,0.911329564
1.436,0.911343346
1.437,0.911357128
1.438,0.911369793
1.439,0.911380223
1.44,0.9113873
1.441,0.911389908
1.442,0.911389908
1.443,0.911389908
1.444,0.911389908
1.445,0.911389908
1.446,0.911389908
1.447,0.911389908
1.448,0.911389908
1.449,0.911389908
1.45,0.911389908
1.451,0.911389908
1.452,0.911391677
1.453,0.911396612
1.454,0.911404155
1.455,0.911413747
1.456,0.911424828
1.457,0.911436841
1.458,0.911449227
1.459,0.911461426
1.46,0.91147288
1.461,0.91148303
1.462,0.911492342
1.463,0.911501655
1.464,0.911510967
1.465,0.911520279
1.466,0.911529591
1.467,0.911538904
1.468,0.911548216
1.469,0.911557528
1.47,0.91156684
1.471,0.911576153
1.472,0.911586303
1.473,0.911597757
1.474,0.911609956
1.475,0.911622341
1.476,0.911634354
1.477,0.911645436
1.478,0.911655027
1.479,0.91166257
1.48,0.911667506
1.481,0.911669275
1.482,0.911669275
1.483,0.911669275
1.484,0.911669275
1.485,0.911669275
1.486,0.911669275
1.487,0.911669275
1.488,0.911669275
1.489,0.911669275
1.49,0.911669275
1.491,0.911669275
1.492,0.911671044
1.493,0.91167598
1.494,0.911683523
1.495,0.911693114
1.496,0.911704196
1.497,0.911716209
1.498,0.911728594
1.499,0.911740793
1.5,0.911752247
1.501,0.911762398
1.502,0.91177171
1.503,0.911781022
1.504,0.911790334
1.505,0.911799647
1.506,0.911808959
1.507,0.911818271
1.508,0.911827583
1.509,0.911836896
1.51,0.911846208
1.511,0.91185552
1.512,0.911864832
1.513,0.911874145
1.514,0.911883457
1.515,0.911892769
1.516,0.911902081
1.517,0.911911394
1.518,0.911920706
1.519,0.911930018
1.52,0.91193933
1.521,0.911948643
1.522,0.911958793
1.523,0.911970247
1.524,0.911982446
1.525,0.911994831
1.526,0.912006844
1.527,0.912017926
1.528,0.912027517
1.529,0.91203506
1.53,0.912039996
1.531,0.912041765
1.532,0.912041765
1.533,0.912041765
1.534,0.912041765
1.535,0.912041765
1.536,0.912041765
1.537,0.912041765
1.538,0.912041765
1.539,0.912041765
1.54,0.912041765
1.541,0.912041765
1.542,0.912044372
1.543,0.91205145
1.544,0.912061879
1.545,0.912074544
1.546,0.912088326
1.547,0.912102108
1.548,0.912114773
1.549,0.912125203
1.55,0.91213228
1.551,0.912134888
1.552,0.912134888
1.553,0.912134888
1.554,0.912134888
1.555,0.912134888
1.556,0.912134888
1.557,0.912134888
1.558,0.912134888
1.559,0.912134888
1.56,0.912134888
1.561,0.912134888
1.562,0.912137495
1.563,0.912144572
1.564,0.912155002
1.565,0.912167667
1.566,0.912181449
1.567,0.912195231
1.568,0.912207896
1.569,0.912218325
1.57,0.912225403
1.571,0.91222801
1.572,0.91222801
1.573,0.91222801
1.574,0.91222801
1.575,0.91222801
1.576,0.91222801
1.577,0.91222801
1.578,0.91222801
1.579,0.91222801
1.58,0.91222801
1.581,0.91222801
1.582,0.91222801
1.583,0.91222801
1.584,0.91222801
1.585,0.91222801
1.586,0.91222801
1.587,0.91222801
1.588,0.91222801
1.589,0.91222801
1.59,0.91222801
1.591,0.91222801
1.592,0.912230617
1.593,0.912237695
1.594,0.912248124
1.595,0.912260789
1.596,0.912274571
1.597,0.912288353
1.598,0.912301018
1.599,0.912311448
1.6,0.912318525
1.601,0.912321133
1.602,0.912321133
1.603,0.912321133
1.604,0.912321133
1.605,0.912321133
1.606,0.912321133
1.607,0.912321133
1.608,0.912321133
1.609,0.912321133
1.61,0.912321133
1.611,0.912321133
1.612,0.912322902
1.613,0.912327837
1.614,0.91233538
1.615,0.912344972
1.616,0.912356053
1.617,0.912368066
1.618,0.912380452
1.619,0.912392651
1.62,0.912404105
1.621,0.912414255
1.622,0.912424405
1.623,0.912435859
1.624,0.912448058
1.625,0.912460444
1.626,0.912472457
1.627,0.912483538
1.628,0.91249313
1.629,0.912500673
1.63,0.912505608
1.631,0.912507378
1.632,0.912507378
1.633,0.912507378
1.634,0.912507378
1.635,0.912507378
1.636,0.912507378
1.637,0.912507378
1.638,0.912507378
1.639,0.912507378
1.64,0.912507378
1.641,0.912507378
1.642,0.912509147
1.643,0.912514082
1.644,0.912521625
1.645,0.912531217
1.646,0.912542298
1.647,0.912554311
1.648,0.912566697
1.649,0.912578896
1.65,0.91259035
1.651,0.9126005
1.652,0.912609812
1.653,0.912619125
1.654,0.912628437
1.655,0.912637749
1.656,0.912647061
1.657,0.912656374
1.658,0.912665686
1.659,0.912674998
1.66,0.91268431
1.661,0.912693623
1.662,0.912702935
1.663,0.912712247
1.664,0.912721559
1.665,0.912730872
1.666,0.912740184
1.667,0.912749496
1.668,0.912758808
1.669,0.912768121
1.67,0.912777433
1.671,0.912786745
1.672,0.912796057
1.673,0.91280537
1.674,0.912814682
1.675,0.912823994
1.676,0.912833306
1.677,0.912842619
1.678,0.912851931
1.679,0.912861243
1.68,0.912870555
1.681,0.912879868
1.682,0.91288918
1.683,0.912898492
1.684,0.912907804
1.685,0.912917117
1.686,0.912926429
1.687,0.912935741
1.688,0.912945053
1.689,0.912954366
1.69,0.912963678
1.691,0.91297299
1.692,0.91298314
1.693,0.912994594
1.694,0.913006793
1.695,0.913019179
1.696,0.913031192
1.697,0.913042273
1.698,0.913051865
1.699,0.913059408
1.7,0.913064343
1.701,0.913066113
1.702,0.913066113
1.703,0.913066113
1.704,0.913066113
1.705,0.913066113
1.706,0.913066113
1.707,0.913066113
1.708,0.913066113
1.709,0.913066113
1.71,0.913066113
1.711,0.913066113
1.712,0.91306872
1.713,0.913075797
1.714,0.913086227
1.715,0.913098892
1.716,0.913112674
1.717,0.913126456
1.718,0.913139121
1.719,0.91314955
1.72,0.913156628
1.721,0.913159235
1.722,0.913159235
1.723,0.913159235
1.724,0.913159235
1.725,0.913159235
1.726,0.913159235
1.727,0.913159235
1.728,0.913159235
1.729,0.913159235
1.73,0.913159235
1.731,0.913159235
1.732,0.913161004
1.733,0.91316594
1.734,0.913173483
1.735,0.913183074
1.736,0.913194156
1.737,0.913206169
1.738,0.913218554
1.739,0.913230753
1.74,0.913242207
1.741,0.913252358
1.742,0.913262508
1.743,0.913273962
1.744,0.913286161
1.745,0.913298546
1.746,0.913310559
1.747,0.913321641
1.748,0.913331232
1.749,0.913338775
1.75,0.913343711
1.751,0.91334548
1.752,0.91334548
1.753,0.91334548
1.754,0.91334548
1.755,0.91334548
1.756,0.91334548
1.757,0.91334548
1.758,0.91334548
1.759,0.91334548
1.76,0.91334548
1.761,0.91334548
1.762,0.91334548
1.763,0.91334548
1.764,0.91334548
1.765,0.91334548
1.766,0.91334548
1.767,0.91334548
1.768,0.91334548
1.769,0.91334548
1.77,0.91334548
1.771,0.91334548
1.772,0.913348087
1.773,0.913355165
1.774,0.913365594
1.775,0.913378259
1.776,0.913392041
1.777,0.913405823
1.778,0.913418488
1.779,0.913428918
1.78,0.913435995
1.781,0.913438603
1.782,0.913438603
1.783,0.913438603
1.784,0.913438603
1.785,0.913438603
1.786,0.913438603
1.787,0.913438603
1.788,0.913438603
1.789,0.913438603
1.79,0.913438603
1.791,0.913438603
1.792,0.913438603
1.793,0.913438603
1.794,0.913438603
1.795,0.913438603
1.796,0.913438603
1.797,0.913438603
1.798,0.913438603
1.799,0.913438603
1.8,0.913438603
1.801,0.913438603
1.802,0.91344121
1.803,0.913448287
1.804,0.913458717
1.805,0.913471382
1.806,0.913485164
1.807,0.913498946
1.808,0.913511611
1.809,0.91352204
1.81,0.913529118
1.811,0.913531725
1.812,0.913531725
1.813,0.913531725
1.814,0.913531725
1.815,0.913531725
1.816,0.913531725
1.817,0.913531725
1.818,0.913531725
1.819,0.913531725
1.82,0.913531725
1.821,0.913531725
1.822,0.913533494
1.823,0.91353843
1.824,0.913545973
1.825,0.913555564
1.826,0.913566646
1.827,0.913578659
1.828,0.913591044
1.829,0.913603243
1.83,0.913614697
1.831,0.913624848
1.832,0.913634998
1.833,0.913646452
1.834,0.913658651
1.835,0.913671036
1.836,0.913683049
1.837,0.913694131
1.838,0.913703722
1.839,0.913711265
1.84,0.913716201
1.841,0.91371797
1.842,0.91371797
1.843,0.91371797
1.844,0.91371797
1.845,0.91371797
1.846,0.91371797
1.847,0.91371797
1.848,0.91371797
1.849,0.91371797
1.85,0.91371797
1.851,0.91371797
1.852,0.913720577
1.853,0.913727655
1.854,0.913738084
1.855,0.913750749
1.856,0.913764531
1.857,0.913778313
1.858,0.913790978
1.859,0.913801408
1.86,0.913808485
1.861,0.913811093
1.862,0.913811093
1.863,0.913811093
1.864,0.913811093
1.865,0.913811093
1.866,0.913811093
1.867,0.913811093
1.868,0.913811093
1.869,0.913811093
1.87,0.913811093
1.871,0.913811093
1.872,0.9138137
1.873,0.913820777
1.874,0.913831207
1.875,0.913843872
1.876,0.913857654
1.877,0.913871436
1.878,0.913884101
1.879,0.91389453
1.88,0.913901608
1.881,0.913904215
1.882,0.913904215
1.883,0.913904215
1.884,0.913904215
1.885,0.913904215
1.886,0.913904215
1.887,0.913904215
1.888,0.913904215
1.889,0.913904215
1.89,0.913904215
1.891,0.913904215
1.892,0.913906822
1.893,0.9139139
1.894,0.913924329
1.895,0.913936994
1.896,0.913950776
1.897,0.913964558
1.898,0.913977223
1.899,0.913987653
1.9,0.91399473
1.901,0.913997338
1.902,0.913997338
1.903,0.913997338
1.904,0.913997338
1.905,0.913997338
1.906,0.913997338
1.907,0.913997338
1.908,0.913997338
1.909,0.913997338
1.91,0.913997338
1.911,0.913997338
1.912,0.913999945
1.913,0.914007022
1.914,0.914017452
1.915,0.914030117
1.916,0.914043899
1.917,0.914057681
1.918,0.914070346
1.919,0.914080775
1.92,0.914087853
1.921,0.91409046
1.922,0.91409046
1.923,0.91409046
1.924,0.91409046
1.925,0.91409046
1.926,0.91409046
1.927,0.91409046
1.928,0.91409046
1.929,0.91409046
1.93,0.91409046
1.931,0.91409046
1.932,0.914093067
1.933,0.914100145
1.934,0.914110574
1.935,0.914123239
1.936,0.914137021
1.937,0.914150803
1.938,0.914163468
1.939,0.914173898
1.94,0.914180975
1.941,0.914183583
1.942,0.914183583
1.943,0.914183583
1.944,0.914183583
1.945,0.914183583
1.946,0.914183583
1.947,0.914183583
1.948,0.914183583
1.949,0.914183583
1.95,0.914183583
1.951,0.914183583
1.952,0.91418619
1.953,0.914193267
1.954,0.914203697
1.955,0.914216362
1.956,0.914230144
1.957,0.914243926
1.958,0.914256591
1.959,0.91426702
1.96,0.914274098
1.961,0.914276705
1.962,0.914276705
1.963,0.914276705
1.964,0.914276705
1.965,0.914276705
1.966,0.914276705
1.967,0.914276705
1.968,0.914276705
1.969,0.914276705
1.97,0.914276705
1.971,0.914276705
1.972,0.914278474
1.973,0.91428341
1.974,0.914290953
1.975,0.914300544
1.976,0.914311626
1.977,0.914323639
1.978,0.914336024
1.979,0.914348223
1.98,0.914359677
1.981,0.914369828
1.982,0.914379978
1.983,0.914391432
1.984,0.914403631
1.985,0.914416016
1.986,0.914428029
1.987,0.914439111
1.988,0.914448702
1.989,0.914456245
1.99,0.914461181
1.991,0.91446295
1.992,0.91446295
1.993,0.91446295
1.994,0.91446295
1.995,0.91446295
1.996,0.91446295
1.997,0.91446295
1.998,0.91446295
1.999,0.91446295
2,0.91446295
2.001,0.91446295
2.002,0.914465557
2.003,0.914472635
2.004,0.914483064
2.005,0.914495729
2.006,0.914509511
2.007,0.914523293
2.008,0.914535958
2.009,0.914546388
2.01,0.914553465
2.011,0.914556073
2.012,0.914556073
2.013,0.914556073
2.014,0.914556073
2.015,0.914556073
2.016,0.914556073
2.017,0.914556073
2.018,0.914556073
2.019,0.914556073
2.02,0.914556073
2.021,0.914556073
2.022,0.914556073
2.023,0.914556073
2.024,0.914556073
2.025,0.914556073
2.026,0.914556073
2.027,0.914556073
2.028,0.914556073
2.029,0.914556073
2.03,0.914556073
2.031,0.914556073
2.032,0.914556073
2.033,0.914556073
2.034,0.914556073
2.035,0.914556073
2.036,0.914556073
2.037,0.914556073
2.038,0.914556073
2.039,0.914556073
2.04,0.914556073
2.041,0.914556073
2.042,0.914556073
2.043,0.914556073
2.044,0.914556073
2.045,0.914556073
2.046,0.914556073
2.047,0.914556073
2.048,0.914556073
2.049,0.914556073
2.05,0.914556073
2.051,0.914556073
2.052,0.914556073
2.053,0.914556073
2.054,0.914556073
2.055,0.914556073
2.056,0.914556073
2.057,0.914556073
2.058,0.914556073
2.059,0.914556073
2.06,0.914556073
2.061,0.914556073
2.062,0.91455868
2.063,0.914565757
2.064,0.914576187
2.065,0.914588852
2.066,0.914602634
2.067,0.914616416
2.068,0.914629081
2.069,0.91463951
2.07,0.914646588
2.071,0.914649195
2.072,0.914649195
2.073,0.914649195
2.074,0.914649195
2.075,0.914649195
2.076,0.914649195
2.077,0.914649195
2.078,0.914649195
2.079,0.914649195
2.08,0.914649195
2.081,0.914649195
2.082,0.914649195
2.083,0.914649195
2.084,0.914649195
2.085,0.914649195
2.086,0.914649195
2.087,0.914649195
2.088,0.914649195
2.089,0.914649195
2.09,0.914649195
2.091,0.914649195
2.092,0.914649195
2.093,0.914649195
2.094,0.914649195
2.095,0.914649195
2.096,0.914649195
2.097,0.914649195
2.098,0.914649195
2.099,0.914649195
2.1,0.914649195
2.101,0.914649195
2.102,0.914649195
2.103,0.914649195
2.104,0.914649195
2.105,0.914649195
2.106,0.914649195
2.107,0.914649195
2.108,0.914649195
2.109,0.914649195
2.11,0.914649195
2.111,0.914649195
2.112,0.914651802
2.113,0.91465888
2.114,0.914669309
2.115,0.914681974
2.116,0.914695756
2.117,0.914709538
2.118,0.914722203
2.119,0.914732633
2.12,0.91473971
2.121,0.914742318
2.122,0.914742318
2.123,0.914742318
2.124,0.914742318
2.125,0.914742318
2.126,0.914742318
2.127,0.914742318
2.128,0.914742318
2.129,0.914742318
2.13,0.914742318
2.131,0.914742318
2.132,0.914744925
2.133,0.914752002
2.134,0.914762432
2.135,0.914775097
2.136,0.914788879
2.137,0.914802661
2.138,0.914815326
2.139,0.914825755
2.14,0.914832833
2.141,0.91483544
2.142,0.91483544
2.143,0.91483544
2.144,0.91483544
2.145,0.91483544
2.146,0.91483544
2.147,0.91483544
2.148,0.91483544
2.149,0.91483544
2.15,0.91483544
2.151,0.91483544
2.152,0.914838047
2.153,0.914845125
2.154,0.914855554
2.155,0.914868219
2.156,0.914882001
2.157,0.914895783
2.158,0.914908448
2.159,0.914918878
2.16,0.914925955
2.161,0.914928563
2.162,0.914928563
2.163,0.914928563
2.164,0.914928563
2.165,0.914928563
2.166,0.914928563
2.167,0.914928563
2.168,0.914928563
2.169,0.914928563
2.17,0.914928563
2.171,0.914928563
2.172,0.914928563
2.173,0.914928563
2.174,0.914928563
2.175,0.914928563
2.176,0.914928563
2.177,0.914928563
2.178,0.914928563
2.179,0.914928563
2.18,0.914928563
2.181,0.914928563
2.182,0.91493117
2.183,0.914938247
2.184,0.914948677
2.185,0.914961342
2.186,0.914975124
2.187,0.914988906
2.188,0.915001571
2.189,0.915012
2.19,0.915019078
2.191,0.915021685
2.192,0.915021685
2.193,0.915021685
2.194,0.915021685
2.195,0.915021685
2.196,0.915021685
2.197,0.915021685
2.198,0.915021685
2.199,0.915021685
2.2,0.915021685
2.201,0.915021685
2.202,0.915021685
2.203,0.915021685
2.204,0.915021685
2.205,0.915021685
2.206,0.915021685
2.207,0.915021685
2.208,0.915021685
2.209,0.915021685
2.21,0.915021685
2.211,0.915021685
2.212,0.915021685
2.213,0.915021685
2.214,0.915021685
2.215,0.915021685
2.216,0.915021685
2.217,0.915021685
2.218,0.915021685
2.219,0.915021685
2.22,0.915021685
2.221,0.915021685
2.222,0.915021685
2.223,0.915021685
2.224,0.915021685
2.225,0.915021685
2.226,0.915021685
2.227,0.915021685
2.228,0.915021685
2.229,0.915021685
2.23,0.915021685
2.231,0.915021685
2.232,0.915021685
2.233,0.915021685
2.234,0.915021685
2.235,0.915021685
2.236,0.915021685
2.237,0.915021685
2.238,0.915021685
2.239,0.915021685
2.24,0.915021685
2.241,0.915021685
2.242,0.915024292
2.243,0.91503137
2.244,0.915041799
2.245,0.915054464
2.246,0.915068246
2.247,0.915082028
2.248,0.915094693
2.249,0.915105123
2.25,0.9151122
2.251,0.915114808
2.252,0.915114808
2.253,0.915114808
2.254,0.915114808
2.255,0.915114808
2.256,0.915114808
2.257,0.915114808
2.258,0.915114808
2.259,0.915114808
2.26,0.915114808
2.261,0.915114808
2.262,0.915117415
2.263,0.915124492
2.264,0.915134922
2.265,0.915147587
2.266,0.915161369
2.267,0.915175151
2.268,0.915187816
2.269,0.915198245
2.27,0.915205323
2.271,0.91520793
2.272,0.91520793
2.273,0.91520793
2.274,0.91520793
2.275,0.91520793
2.276,0.91520793
2.277,0.91520793
2.278,0.91520793
2.279,0.91520793
2.28,0.91520793
2.281,0.91520793
2.282,0.915210537
2.283,0.915217615
2.284,0.915228044
2.285,0.915240709
2.286,0.915254491
2.287,0.915268273
2.288,0.915280938
2.289,0.915291368
2.29,0.915298445
2.291,0.915301053
2.292,0.915301053
2.293,0.915301053
2.294,0.915301053
2.295,0.915301053
2.296,0.915301053
2.297,0.915301053
2.298,0.915301053
2.299,0.915301053
2.3,0.915301053
2.301,0.915301053
2.302,0.915301053
2.303,0.915301053
2.304,0.915301053
2.305,0.915301053
2.306,0.915301053
2.307,0.915301053
2.308,0.915301053
2.309,0.915301053
2.31,0.915301053
2.311,0.915301053
2.312,0.91530366
2.313,0.915310737
2.314,0.915321167
2.315,0.915333832
2.316,0.915347614
2.317,0.915361396
2.318,0.915374061
2.319,0.91538449
2.32,0.915391568
2.321,0.915394175
2.322,0.915394175
2.323,0.915394175
2.324,0.915394175
2.325,0.915394175
2.326,0.915394175
2.327,0.915394175
2.328,0.915394175
2.329,0.915394175
2.33,0.915394175
2.331,0.915394175
2.332,0.915394175
2.333,0.915394175
2.334,0.915394175
2.335,0.915394175
2.336,0.915394175
2.337,0.915394175
2.338,0.915394175
2.339,0.915394175
2.34,0.915394175
2.341,0.915394175
2.342,0.915396782
2.343,0.91540386
2.344,0.915414289
2.345,0.915426954
2.346,0.915440736
2.347,0.915454518
2.348,0.915467183
2.349,0.915477613
2.35,0.91548469
2.351,0.915487298
2.352,0.915487298
2.353,0.915487298
2.354,0.915487298
2.355,0.915487298
2.356,0.915487298
2.357,0.915487298
2.358,0.915487298
2.359,0.915487298
2.36,0.915487298
2.361,0.915487298
2.362,0.915489905
2.363,0.915496982
2.364,0.915507412
2.365,0.915520077
2.366,0.915533859
2.367,0.915547641
2.368,0.915560306
2.369,0.915570735
2.37,0.915577813
2.371,0.91558042
2.372,0.91558042
2.373,0.91558042
2.374,0.91558042
2.375,0.91558042
2.376,0.91558042
2.377,0.91558042
2.378,0.91558042
2.379,0.91558042
2.38,0.91558042
2.381,0.91558042
2.382,0.915583027
2.383,0.915590105
2.384,0.915600534
2.385,0.915613199
2.386,0.915626981
2.387,0.915640763
2.388,0.915653428
2.389,0.915663858
2.39,0.915670935
2.391,0.915673543
2.392,0.915673543
2.393,0.915673543
2.394,0.915673543
2.395,0.915673543
2.396,0.915673543
2.397,0.915673543
2.398,0.915673543
2.399,0.915673543
2.4,0.915673543
2.401,0.915673543
2.402,0.915673543
2.403,0.915673543
2.404,0.915673543
2.405,0.915673543
2.406,0.915673543
2.407,0.915673543
2.408,0.915673543
2.409,0.915673543
2.41,0.915673543
2.411,0.915673543
2.412,0.915673543
2.413,0.915673543
2.414,0.915673543
2.415,0.915673543
2.416,0.915673543
2.417,0.915673543
2.418,0.915673543
2.419,0.915673543
2.42,0.915673543
2.421,0.915673543
2.422,0.915673543
2.423,0.915673543
2.424,0.915673543
2.425,0.915673543
2.426,0.915673543
2.427,0.915673543
2.428,0.915673543
2.429,0.915673543
2.43,0.915673543
2.431,0.915673543
2.432,0.915673543
2.433,0.915673543
2.434,0.915673543
2.435,0.915673543
2.436,0.915673543
2.437,0.915673543
2.438,0.915673543
2.439,0.915673543
2.44,0.915673543
2.441,0.915673543
2.442,0.915673543
2.443,0.915673543
2.444,0.915673543
2.445,0.915673543
2.446,0.915673543
2.447,0.915673543
2.448,0.915673543
2.449,0.915673543
2.45,0.915673543
2.451,0.915673543
2.452,0.915673543
2.453,0.915673543
2.454,0.915673543
2.455,0.915673543
2.456,0.915673543
2.457,0.915673543
2.458,0.915673543
2.459,0.915673543
2.46,0.915673543
2.461,0.915673543
2.462,0.915673543
2.463,0.915673543
2.464,0.915673543
2.465,0.915673543
2.466,0.915673543
2.467,0.915673543
2.468,0.915673543
2.469,0.915673543
2.47,0.915673543
2.471,0.915673543
2.472,0.915673543
2.473,0.915673543
2.474,0.915673543
2.475,0.915673543
2.476,0.915673543
2.477,0.915673543
2.478,0.915673543
2.479,0.915673543
2.48,0.915673543
2.481,0.915673543
2.482,0.915673543
2.483,0.915673543
2.484,0.915673543
2.485,0.915673543
2.486,0.915673543
2.487,0.915673543
2.488,0.915673543
2.489,0.915673543
2.49,0.915673543
2.491,0.915673543
2.492,0.915673543
2.493,0.915673543
2.494,0.915673543
2.495,0.915673543
2.496,0.915673543
2.497,0.915673543
2.498,0.915673543
2.499,0.915673543
2.5,0.915673543
2.501,0.915673543
2.502,0.915673543
2.503,0.915673543
2.504,0.915673543
2.505,0.915673543
2.506,0.915673543
2.507,0.915673543
2.508,0.915673543
2.509,0.915673543
2.51,0.915673543
2.511,0.915673543
2.512,0.915673543
2.513,0.915673543
2.514,0.915673543
2.515,0.915673543
2.516,0.915673543
2.517,0.915673543
2.518,0.915673543
2.519,0.915673543
2.52,0.915673543
2.521,0.915673543
2.522,0.915673543
2.523,0.915673543
2.524,0.915673543
2.525,0.915673543
2.526,0.915673543
2.527,0.915673543
2.528,0.915673543
2.529,0.915673543
2.53,0.915673543
2.531,0.915673543
2.532,0.915673543
2.533,0.915673543
2.534,0.915673543
2.535,0.915673543
2.536,0.915673543
2.537,0.915673543
2.538,0.915673543
2.539,0.915673543
2.54,0.915673543
2.541,0.915673543
2.542,0.915673543
2.543,0.915673543
2.544,0.915673543
2.545,0.915673543
2.546,0.915673543
2.547,0.915673543
2.548,0.915673543
2.549,0.915673543
2.55,0.915673543
2.551,0.915673543
2.552,0.915673543
2.553,0.915673543
2.554,0.915673543
2.555,0.915673543
2.556,0.915673543
2.557,0.915673543
2.558,0.915673543
2.559,0.915673543
2.56,0.915673543
2.561,0.915673543
2.562,0.915673543
2.563,0.915673543
2.564,0.915673543
2.565,0.915673543
2.566,0.915673543
2.567,0.915673543
2.568,0.915673543
2.569,0.915673543
2.57,0.915673543
2.571,0.915673543
2.572,0.915673543
2.573,0.915673543
2.574,0.915673543
2.575,0.915673543
2.576,0.915673543
2.577,0.915673543
2.578,0.915673543
2.579,0.915673543
2.58,0.915673543
2.581,0.915673543
2.582,0.915673543
2.583,0.915673543
2.584,0.915673543
2.585,0.915673543
2.586,0.915673543
2.587,0.915673543
2.588,0.915673543
2.589,0.915673543
2.59,0.915673543
2.591,0.915673543
2.592,0.915673543
2.593,0.915673543
2.594,0.915673543
2.595,0.915673543
2.596,0.915673543
2.597,0.915673543
2.598,0.915673543
2.599,0.915673543
2.6,0.915673543
2.601,0.915673543
2.602,0.915673543
2.603,0.915673543
2.604,0.915673543
2.605,0.915673543
2.606,0.915673543
2.607,0.915673543
2.608,0.915673543
2.609,0.915673543
2.61,0.915673543
2.611,0.915673543
2.612,0.915673543
2.613,0.915673543
2.614,0.915673543
2.615,0.915673543
2.616,0.915673543
2.617,0.915673543
2.618,0.915673543
2.619,0.915673543
2.62,0.915673543
2.621,0.915673543
2.622,0.915673543
2.623,0.915673543
2.624,0.915673543
2.625,0.915673543
2.626,0.915673543
2.627,0.915673543
2.628,0.915673543
2.629,0.915673543
2.63,0.915673543
2.631,0.915673543
2.632,0.915673543
2.633,0.915673543
2.634,0.915673543
2.635,0.915673543
2.636,0.915673543
2.637,0.915673543
2.638,0.915673543
2.639,0.915673543
2.64,0.915673543
2.641,0.915673543
2.642,0.915673543
2.643,0.915673543
2.644,0.915673543
2.645,0.915673543
2.646,0.915673543
2.647,0.915673543
2.648,0.915673543
2.649,0.915673543
2.65,0.915673543
2.651,0.915673543
2.652,0.915673543
2.653,0.915673543
2.654,0.915673543
2.655,0.915673543
2.656,0.915673543
2.657,0.915673543
2.658,0.915673543
2.659,0.915673543
2.66,0.915673543
2.661,0.915673543
2.662,0.915673543
2.663,0.915673543
2.664,0.915673543
2.665,0.915673543
2.666,0.915673543
2.667,0.915673543
2.668,0.915673543
2.669,0.915673543
2.67,0.915673543
2.671,0.915673543
2.672,0.915673543
2.673,0.915673543
2.674,0.915673543
2.675,0.915673543
2.676,0.915673543
2.677,0.915673543
2.678,0.915673543
2.679,0.915673543
2.68,0.915673543
2.681,0.915673543
2.682,0.915673543
2.683,0.915673543
2.684,0.915673543
2.685,0.915673543
2.686,0.915673543
2.687,0.915673543
2.688,0.915673543
2.689,0.915673543
2.69,0.915673543
2.691,0.915673543
2.692,0.915673543
2.693,0.915673543
2.694,0.915673543
2.695,0.915673543
2.696,0.915673543
2.697,0.915673543
2.698,0.915673543
2.699,0.915673543
2.7,0.915673543
2.701,0.915673543
2.702,0.915673543
2.703,0.915673543
2.704,0.915673543
2.705,0.915673543
2.706,0.915673543
2.707,0.915673543
2.708,0.915673543
2.709,0.915673543
2.71,0.915673543
2.711,0.915673543
2.712,0.915673543
2.713,0.915673543
2.714,0.915673543
2.715,0.915673543
2.716,0.915673543
2.717,0.915673543
2.718,0.915673543
2.719,0.915673543
2.72,0.915673543
2.721,0.915673543
2.722,0.915673543
2.723,0.915673543
2.724,0.915673543
2.725,0.915673543
2.726,0.915673543
2.727,0.915673543
2.728,0.915673543
2.729,0.915673543
2.73,0.915673543
2.731,0.915673543
2.732,0.915673543
2.733,0.915673543
2.734,0.915673543
2.735,0.915673543
2.736,0.915673543
2.737,0.915673543
2.738,0.915673543
2.739,0.915673543
2.74,0.915673543
2.741,0.915673543
2.742,0.915673543
2.743,0.915673543
2.744,0.915673543
2.745,0.915673543
2.746,0.915673543
2.747,0.915673543
2.748,0.915673543
2.749,0.915673543
2.75,0.915673543
2.751,0.915673543
2.752,0.915673543
2.753,0.915673543
2.754,0.915673543
2.755,0.915673543
2.756,0.915673543
2.757,0.915673543
2.758,0.915673543
2.759,0.915673543
2.76,0.915673543
2.761,0.915673543
2.762,0.915673543
2.763,0.915673543
2.764,0.915673543
2.765,0.915673543
2.766,0.915673543
2.767,0.915673543
2.768,0.915673543
2.769,0.915673543
2.77,0.915673543
2.771,0.915673543
2.772,0.915673543
2.773,0.915673543
2.774,0.915673543
2.775,0.915673543
2.776,0.915673543
2.777,0.915673543
2.778,0.915673543
2.779,0.915673543
2.78,0.915673543
2.781,0.915673543
2.782,0.915673543
2.783,0.915673543
2.784,0.915673543
2.785,0.915673543
2.786,0.915673543
2.787,0.915673543
2.788,0.915673543
2.789,0.915673543
2.79,0.915673543
2.791,0.915673543
2.792,0.915673543
2.793,0.915673543
2.794,0.915673543
2.795,0.915673543
2.796,0.915673543
2.797,0.915673543
2.798,0.915673543
2.799,0.915673543
2.8,0.915673543
2.801,0.915673543
2.802,0.915673543
2.803,0.915673543
2.804,0.915673543
2.805,0.915673543
2.806,0.915673543
2.807,0.915673543
2.808,0.915673543
2.809,0.915673543
2.81,0.915673543
2.811,0.915673543
2.812,0.915673543
2.813,0.915673543
2.814,0.915673543
2.815,0.915673543
2.816,0.915673543
2.817,0.915673543
2.818,0.915673543
2.819,0.915673543
2.82,0.915673543
2.821,0.915673543
2.822,0.915673543
2.823,0.915673543
2.824,0.915673543
2.825,0.915673543
2.826,0.915673543
2.827,0.915673543
2.828,0.915673543
2.829,0.915673543
2.83,0.915673543
2.831,0.915673543
2.832,0.915673543
2.833,0.915673543
2.834,0.915673543
2.835,0.915673543
2.836,0.915673543
2.837,0.915673543
2.838,0.915673543
2.839,0.915673543
2.84,0.915673543
2.841,0.915673543
2.842,0.915673543
2.843,0.915673543
2.844,0.915673543
2.845,0.915673543
2.846,0.915673543
2.847,0.915673543
2.848,0.915673543
2.849,0.915673543
2.85,0.915673543
2.851,0.915673543
2.852,0.915673543
2.853,0.915673543
2.854,0.915673543
2.855,0.915673543
2.856,0.915673543
2.857,0.915673543
2.858,0.915673543
2.859,0.915673543
2.86,0.915673543
2.861,0.915673543
2.862,0.915673543
2.863,0.915673543
2.864,0.915673543
2.865,0.915673543
2.866,0.915673543
2.867,0.915673543
2.868,0.915673543
2.869,0.915673543
2.87,0.915673543
2.871,0.915673543
2.872,0.915673543
2.873,0.915673543
2.874,0.915673543
2.875,0.915673543
2.876,0.915673543
2.877,0.915673543
2.878,0.915673543
2.879,0.915673543
2.88,0.915673543
2.881,0.915673543
2.882,0.915673543
2.883,0.915673543
2.884,0.915673543
2.885,0.915673543
2.886,0.915673543
2.887,0.915673543
2.888,0.915673543
2.889,0.915673543
2.89,0.915673543
2.891,0.915673543
2.892,0.915673543
2.893,0.915673543
2.894,0.915673543
2.895,0.915673543
2.896,0.915673543
2.897,0.915673543
2.898,0.915673543
2.899,0.915673543
2.9,0.915673543
2.901,0.915673543
2.902,0.915673543
2.903,0.915673543
2.904,0.915673543
2.905,0.915673543
2.906,0.915673543
2.907,0.915673543
2.908,0.915673543
2.909,0.915673543
2.91,0.915673543
2.911,0.915673543
2.912,0.915673543
2.913,0.915673543
2.914,0.915673543
2.915,0.915673543
2.916,0.915673543
2.917,0.915673543
2.918,0.915673543
2.919,0.915673543
2.92,0.915673543
2.921,0.915673543
2.922,0.915673543
2.923,0.915673543
2.924,0.915673543
2.925,0.915673543
2.926,0.915673543
2.927,0.915673543
2.928,0.915673543
2.929,0.915673543
2.93,0.915673543
2.931,0.915673543
2.932,0.915673543
2.933,0.915673543
2.934,0.915673543
2.935,0.915673543
2.936,0.915673543
2.937,0.915673543
2.938,0.915673543
2.939,0.915673543
2.94,0.915673543
2.941,0.915673543
2.942,0.915673543
2.943,0.915673543
2.944,0.915673543
2.945,0.915673543
2.946,0.915673543
2.947,0.915673543
2.948,0.915673543
2.949,0.915673543
2.95,0.915673543
2.951,0.915673543
2.952,0.915673543
2.953,0.915673543
2.954,0.915673543
2.955,0.915673543
2.956,0.915673543
2.957,0.915673543
2.958,0.915673543
2.959,0.915673543
2.96,0.915673543
2.961,0.915673543
2.962,0.915673543
2.963,0.915673543
2.964,0.915673543
2.965,0.915673543
2.966,0.915673543
2.967,0.915673543
2.968,0.915673543
2.969,0.915673543
2.97,0.915673543
2.971,0.915673543
2.972,0.915673543
2.973,0.915673543
2.974,0.915673543
2.975,0.915673543
2.976,0.915673543
2.977,0.915673543
2.978,0.915673543
2.979,0.915673543
2.98,0.915673543
2.981,0.915673543
2.982,0.915673543
2.983,0.915673543
2.984,0.915673543
2.985,0.915673543
2.986,0.915673543
2.987,0.915673543
2.988,0.915673543
2.989,0.915673543
2.99,0.915673543
2.991,0.915673543
2.992,0.915673543
2.993,0.915673543
2.994,0.915673543
2.995,0.915673543
2.996,0.915673543
2.997,0.915673543
2.998,0.915673543
2.999,0.915673543
3,0.915673543
3.001,0.915673543
3.002,0.915673543
3.003,0.915673543
3.004,0.915673543
3.005,0.915673543
3.006,0.915673543
3.007,0.915673543
3.008,0.915673543
3.009,0.915673543
3.01,0.915673543
3.011,0.915673543
3.012,0.915673543
3.013,0.915673543
3.014,0.915673543
3.015,0.915673543
3.016,0.915673543
3.017,0.915673543
3.018,0.915673543
3.019,0.915673543
3.02,0.915673543
3.021,0.915673543
3.022,0.915673543
3.023,0.915673543
3.024,0.915673543
3.025,0.915673543
3.026,0.915673543
3.027,0.915673543
3.028,0.915673543
3.029,0.915673543
3.03,0.915673543
3.031,0.915673543
3.032,0.915673543
3.033,0.915673543
3.034,0.915673543
3.035,0.915673543
3.036,0.915673543
3.037,0.915673543
3.038,0.915673543
3.039,0.915673543
3.04,0.915673543
3.041,0.915673543
3.042,0.915673543
3.043,0.915673543
3.044,0.915673543
3.045,0.915673543
3.046,0.915673543
3.047,0.915673543
3.048,0.915673543
3.049,0.915673543
3.05,0.915673543
3.051,0.915673543
3.052,0.915673543
3.053,0.915673543
3.054,0.915673543
3.055,0.915673543
3.056,0.915673543
3.057,0.915673543
3.058,0.915673543
3.059,0.915673543
3.06,0.915673543
3.061,0.915673543
3.062,0.915673543
3.063,0.915673543
3.064,0.915673543
3.065,0.915673543
3.066,0.915673543
3.067,0.915673543
3.068,0.915673543
3.069,0.915673543
3.07,0.915673543
3.071,0.915673543
3.072,0.915673543
3.073,0.915673543
3.074,0.915673543
3.075,0.915673543
3.076,0.915673543
3.077,0.915673543
3.078,0.915673543
3.079,0.915673543
3.08,0.915673543
3.081,0.915673543
3.082,0.915673543
3.083,0.915673543
3.084,0.915673543
3.085,0.915673543
3.086,0.915673543
3.087,0.915673543
3.088,0.915673543
3.089,0.915673543
3.09,0.915673543
3.091,0.915673543
3.092,0.915673543
3.093,0.915673543
3.094,0.915673543
3.095,0.915673543
3.096,0.915673543
3.097,0.915673543
3.098,0.915673543
3.099,0.915673543
3.1,0.915673543
3.101,0.915673543
3.102,0.915673543
3.103,0.915673543
3.104,0.915673543
3.105,0.915673543
3.106,0.915673543
3.107,0.915673543
3.108,0.915673543
3.109,0.915673543
3.11,0.915673543
3.111,0.915673543
3.112,0.915673543
3.113,0.915673543
3.114,0.915673543
3.115,0.915673543
3.116,0.915673543
3.117,0.915673543
3.118,0.915673543
3.119,0.915673543
3.12,0.915673543
3.121,0.915673543
3.122,0.915673543
3.123,0.915673543
3.124,0.915673543
3.125,0.915673543
3.126,0.915673543
3.127,0.915673543
3.128,0.915673543
3.129,0.915673543
3.13,0.915673543
3.131,0.915673543
3.132,0.915673543
3.133,0.915673543
3.134,0.915673543
3.135,0.915673543
3.136,0.915673543
3.137,0.915673543
3.138,0.915673543
3.139,0.915673543
3.14,0.915673543
3.141,0.915673543
3.142,0.915673543
3.143,0.915673543
3.144,0.915673543
3.145,0.915673543
3.146,0.915673543
3.147,0.915673543
3.148,0.915673543
3.149,0.915673543
3.15,0.915673543
3.151,0.915673543
3.152,0.915673543
3.153,0.915673543
3.154,0.915673543
3.155,0.915673543
3.156,0.915673543
3.157,0.915673543
3.158,0.915673543
3.159,0.915673543
3.16,0.915673543
3.161,0.915673543
3.162,0.915673543
3.163,0.915673543
3.164,0.915673543
3.165,0.915673543
3.166,0.915673543
3.167,0.915673543
3.168,0.915673543
3.169,0.915673543
3.17,0.915673543
3.171,0.915673543
3.172,0.915673543
3.173,0.915673543
3.174,0.915673543
3.175,0.915673543
3.176,0.915673543
3.177,0.915673543
3.178,0.915673543
3.179,0.915673543
3.18,0.915673543
3.181,0.915673543
3.182,0.915673543
3.183,0.915673543
3.184,0.915673543
3.185,0.915673543
3.186,0.915673543
3.187,0.915673543
3.188,0.915673543
3.189,0.915673543
3.19,0.915673543
3.191,0.915673543
3.192,0.915673543
3.193,0.915673543
3.194,0.915673543
3.195,0.915673543
3.196,0.915673543
3.197,0.915673543
3.198,0.915673543
3.199,0.915673543
3.2,0.915673543
3.201,0.915673543
3.202,0.915673543
3.203,0.915673543
3.204,0.915673543
3.205,0.915673543
3.206,0.915673543
3.207,0.915673543
3.208,0.915673543
3.209,0.915673543
3.21,0.915673543
3.211,0.915673543
3.212,0.915673543
3.213,0.915673543
3.214,0.915673543
3.215,0.915673543
3.216,0.915673543
3.217,0.915673543
3.218,0.915673543
3.219,0.915673543
3.22,0.915673543
3.221,0.915673543
3.222,0.915673543
3.223,0.915673543
3.224,0.915673543
3.225,0.915673543
3.226,0.915673543
3.227,0.915673543
3.228,0.915673543
3.229,0.915673543
3.23,0.915673543
3.231,0.915673543
3.232,0.915673543
3.233,0.915673543
3.234,0.915673543
3.235,0.915673543
3.236,0.915673543
3.237,0.915673543
3.238,0.915673543
3.239,0.915673543
3.24,0.915673543
3.241,0.915673543
3.242,0.915673543
3.243,0.915673543
3.244,0.915673543
3.245,0.915673543
3.246,0.915673543
3.247,0.915673543
3.248,0.915673543
3.249,0.915673543
3.25,0.915673543
3.251,0.915673543
3.252,0.915673543
3.253,0.915673543
3.254,0.915673543
3.255,0.915673543
3.256,0.915673543
3.257,0.915673543
3.258,0.915673543
3.259,0.915673543
3.26,0.915673543
3.261,0.915673543
3.262,0.915673543
3.263,0.915673543
3.264,0.915673543
3.265,0.915673543
3.266,0.915673543
3.267,0.915673543
3.268,0.915673543
3.269,0.915673543
3.27,0.915673543
3.271,0.915673543
3.272,0.915673543
3.273,0.915673543
3.274,0.915673543
3.275,0.915673543
3.276,0.915673543
3.277,0.915673543
3.278,0.915673543
3.279,0.915673543
3.28,0.915673543
3.281,0.915673543
3.282,0.915673543
3.283,0.915673543
3.284,0.915673543
3.285,0.915673543
3.286,0.915673543
3.287,0.915673543
3.288,0.915673543
3.289,0.915673543
3.29,0.915673543
3.291,0.915673543
3.292,0.915673543
3.293,0.915673543
3.294,0.915673543
3.295,0.915673543
3.296,0.915673543
3.297,0.915673543
3.298,0.915673543
3.299,0.915673543
3.3,0.915673543
3.301,0.915673543
3.302,0.915673543
3.303,0.915673543
3.304,0.915673543
3.305,0.915673543
3.306,0.915673543
3.307,0.915673543
3.308,0.915673543
3.309,0.915673543
3.31,0.915673543
3.311,0.915673543
3.312,0.915673543
3.313,0.915673543
3.314,0.915673543
3.315,0.915673543
3.316,0.915673543
3.317,0.915673543
3.318,0.915673543
3.319,0.915673543
3.32,0.915673543
3.321,0.915673543
3.322,0.915673543
3.323,0.915673543
3.324,0.915673543
3.325,0.915673543
3.326,0.915673543
3.327,0.915673543
3.328,0.915673543
3.329,0.915673543
3.33,0.915673543
3.331,0.915673543
3.332,0.915673543
3.333,0.915673543
3.334,0.915673543
3.335,0.915673543
3.336,0.915673543
3.337,0.915673543
3.338,0.915673543
3.339,0.915673543
3.34,0.915673543
3.341,0.915673543
3.342,0.915673543
3.343,0.915673543
3.344,0.915673543
3.345,0.915673543
3.346,0.915673543
3.347,0.915673543
3.348,0.915673543
3.349,0.915673543
3.35,0.915673543
3.351,0.915673543
3.352,0.915673543
3.353,0.915673543
3.354,0.915673543
3.355,0.915673543
3.356,0.915673543
3.357,0.915673543
3.358,0.915673543
3.359,0.915673543
3.36,0.915673543
3.361,0.915673543
3.362,0.915673543
3.363,0.915673543
3.364,0.915673543
3.365,0.915673543
3.366,0.915673543
3.367,0.915673543
3.368,0.915673543
3.369,0.915673543
3.37,0.915673543
3.371,0.915673543
3.372,0.915673543
3.373,0.915673543
3.374,0.915673543
3.375,0.915673543
3.376,0.915673543
3.377,0.915673543
3.378,0.915673543
3.379,0.915673543
3.38,0.915673543
3.381,0.915673543
3.382,0.915673543
3.383,0.915673543
3.384,0.915673543
3.385,0.915673543
3.386,0.915673543
3.387,0.915673543
3.388,0.915673543
3.389,0.915673543
3.39,0.915673543
3.391,0.915673543
3.392,0.915673543
3.393,0.915673543
3.394,0.915673543
3.395,0.915673543
3.396,0.915673543
3.397,0.915673543
3.398,0.915673543
3.399,0.915673543
3.4,0.915673543
3.401,0.915673543
3.402,0.915673543
3.403,0.915673543
3.404,0.915673543
3.405,0.915673543
3.406,0.915673543
3.407,0.915673543
3.408,0.915673543
3.409,0.915673543
3.41,0.915673543
3.411,0.915673543
3.412,0.915673543
3.413,0.915673543
3.414,0.915673543
3.415,0.915673543
3.416,0.915673543
3.417,0.915673543
3.418,0.915673543
3.419,0.915673543
3.42,0.915673543
3.421,0.915673543
3.422,0.915673543
3.423,0.915673543
3.424,0.915673543
3.425,0.915673543
3.426,0.915673543
3.427,0.915673543
3.428,0.915673543
3.429,0.915673543
3.43,0.915673543
3.431,0.915673543
3.432,0.915673543
3.433,0.915673543
3.434,0.915673543
3.435,0.915673543
3.436,0.915673543
3.437,0.915673543
3.438,0.915673543
3.439,0.915673543
3.44,0.915673543
3.441,0.915673543
3.442,0.915673543
3.443,0.915673543
3.444,0.915673543
3.445,0.915673543
3.446,0.915673543
3.447,0.915673543
3.448,0.915673543
3.449,0.915673543
3.45,0.915673543
3.451,0.915673543
3.452,0.915673543
3.453,0.915673543
3.454,0.915673543
3.455,0.915673543
3.456,0.915673543
3.457,0.915673543
3.458,0.915673543
3.459,0.915673543
3.46,0.915673543
3.461,0.915673543
3.462,0.915673543
3.463,0.915673543
3.464,0.915673543
3.465,0.915673543
3.466,0.915673543
3.467,0.915673543
3.468,0.915673543
3.469,0.915673543
3.47,0.915673543
3.471,0.915673543
3.472,0.915673543
3.473,0.915673543
3.474,0.915673543
3.475,0.915673543
3.476,0.915673543
3.477,0.915673543
3.478,0.915673543
3.479,0.915673543
3.48,0.915673543
3.481,0.915673543
3.482,0.915673543
3.483,0.915673543
3.484,0.915673543
3.485,0.915673543
3.486,0.915673543
3.487,0.915673543
3.488,0.915673543
3.489,0.915673543
3.49,0.915673543
3.491,0.915673543
3.492,0.915673543
3.493,0.915673543
3.494,0.915673543
3.495,0.915673543
3.496,0.915673543
3.497,0.915673543
3.498,0.915673543
3.499,0.915673543
3.5,0.915673543
3.501,0.915673543
3.502,0.915673543
3.503,0.915673543
3.504,0.915673543
3.505,0.915673543
3.506,0.915673543
3.507,0.915673543
3.508,0.915673543
3.509,0.915673543
3.51,0.915673543
3.511,0.915673543
3.512,0.915673543
3.513,0.915673543
3.514,0.915673543
3.515,0.915673543
3.516,0.915673543
3.517,0.915673543
3.518,0.915673543
3.519,0.915673543
3.52,0.915673543
3.521,0.915673543
3.522,0.915673543
3.523,0.915673543
3.524,0.915673543
3.525,0.915673543
3.526,0.915673543
3.527,0.915673543
3.528,0.915673543
3.529,0.915673543
3.53,0.915673543
3.531,0.915673543
3.532,0.915673543
3.533,0.915673543
3.534,0.915673543
3.535,0.915673543
3.536,0.915673543
3.537,0.915673543
3.538,0.915673543
3.539,0.915673543
3.54,0.915673543
3.541,0.915673543
3.542,0.915673543
3.543,0.915673543
3.544,0.915673543
3.545,0.915673543
3.546,0.915673543
3.547,0.915673543
3.548,0.915673543
3.549,0.915673543
3.55,0.915673543
3.551,0.915673543
3.552,0.915673543
3.553,0.915673543
3.554,0.915673543
3.555,0.915673543
3.556,0.915673543
3.557,0.915673543
3.558,0.915673543
3.559,0.915673543
3.56,0.915673543
3.561,0.915673543
3.562,0.915673543
3.563,0.915673543
3.564,0.915673543
3.565,0.915673543
3.566,0.915673543
3.567,0.915673543
3.568,0.915673543
3.569,0.915673543
3.57,0.915673543
3.571,0.915673543
3.572,0.915673543
3.573,0.915673543
3.574,0.915673543
3.575,0.915673543
3.576,0.915673543
3.577,0.915673543
3.578,0.915673543
3.579,0.915673543
3.58,0.915673543
3.581,0.915673543
3.582,0.915673543
3.583,0.915673543
3.584,0.915673543
3.585,0.915673543
3.586,0.915673543
3.587,0.915673543
3.588,0.915673543
3.589,0.915673543
3.59,0.915673543
3.591,0.915673543
3.592,0.915673543
3.593,0.915673543
3.594,0.915673543
3.595,0.915673543
3.596,0.915673543
3.597,0.915673543
3.598,0.915673543
3.599,0.915673543
3.6,0.915673543
3.601,0.915673543
3.602,0.915673543
3.603,0.915673543
3.604,0.915673543
3.605,0.915673543
3.606,0.915673543
3.607,0.915673543
3.608,0.915673543
3.609,0.915673543
3.61,0.915673543
3.611,0.915673543
3.612,0.915673543
3.613,0.915673543
3.614,0.915673543
3.615,0.915673543
3.616,0.915673543
3.617,0.915673543
3.618,0.915673543
3.619,0.915673543
3.62,0.915673543
3.621,0.915673543
3.622,0.915673543
3.623,0.915673543
3.624,0.915673543
3.625,0.915673543
3.626,0.915673543
3.627,0.915673543
3.628,0.915673543
3.629,0.915673543
3.63,0.915673543
3.631,0.915673543
3.632,0.915673543
3.633,0.915673543
3.634,0.915673543
3.635,0.915673543
3.636,0.915673543
3.637,0.915673543
3.638,0.915673543
3.639,0.915673543
3.64,0.915673543
3.641,0.915673543
3.642,0.915673543
3.643,0.915673543
3.644,0.915673543
3.645,0.915673543
3.646,0.915673543
3.647,0.915673543
3.648,0.915673543
3.649,0.915673543
3.65,0.915673543
3.651,0.915673543
3.652,0.915673543
3.653,0.915673543
3.654,0.915673543
3.655,0.915673543
3.656,0.915673543
3.657,0.915673543
3.658,0.915673543
3.659,0.915673543
3.66,0.915673543
3.661,0.915673543
3.662,0.915673543
3.663,0.915673543
3.664,0.915673543
3.665,0.915673543
3.666,0.915673543
3.667,0.915673543
3.668,0.915673543
3.669,0.915673543
3.67,0.915673543
3.671,0.915673543
3.672,0.915673543
3.673,0.915673543
3.674,0.915673543
3.675,0.915673543
3.676,0.915673543
3.677,0.915673543
3.678,0.915673543
3.679,0.915673543
3.68,0.915673543
3.681,0.915673543
3.682,0.915673543
3.683,0.915673543
3.684,0.915673543
3.685,0.915673543
3.686,0.915673543
3.687,0.915673543
3.688,0.915673543
3.689,0.915673543
3.69,0.915673543
3.691,0.915673543
3.692,0.915673543
3.693,0.915673543
3.694,0.915673543
3.695,0.915673543
3.696,0.915673543
3.697,0.915673543
3.698,0.915673543
3.699,0.915673543
3.7,0.915673543
3.701,0.915673543
3.702,0.915673543
3.703,0.915673543
3.704,0.915673543
3.705,0.915673543
3.706,0.915673543
3.707,0.915673543
3.708,0.915673543
3.709,0.915673543
3.71,0.915673543
3.711,0.915673543
3.712,0.915673543
3.713,0.915673543
3.714,0.915673543
3.715,0.915673543
3.716,0.915673543
3.717,0.915673543
3.718,0.915673543
3.719,0.915673543
3.72,0.915673543
3.721,0.915673543
3.722,0.915673543
3.723,0.915673543
3.724,0.915673543
3.725,0.915673543
3.726,0.915673543
3.727,0.915673543
3.728,0.915673543
3.729,0.915673543
3.73,0.915673543
3.731,0.915673543
3.732,0.915673543
3.733,0.915673543
3.734,0.915673543
3.735,0.915673543
3.736,0.915673543
3.737,0.915673543
3.738,0.915673543
3.739,0.915673543
3.74,0.915673543
3.741,0.915673543
3.742,0.915673543
3.743,0.915673543
3.744,0.915673543
3.745,0.915673543
3.746,0.915673543
3.747,0.915673543
3.748,0.915673543
3.749,0.915673543
3.75,0.915673543
3.751,0.915673543
3.752,0.915673543
3.753,0.915673543
3.754,0.915673543
3.755,0.915673543
3.756,0.915673543
3.757,0.915673543
3.758,0.915673543
3.759,0.915673543
3.76,0.915673543
3.761,0.915673543
3.762,0.915673543
3.763,0.915673543
3.764,0.915673543
3.765,0.915673543
3.766,0.915673543
3.767,0.915673543
3.768,0.915673543
3.769,0.915673543
3.77,0.915673543
3.771,0.915673543
3.772,0.915673543
3.773,0.915673543
3.774,0.915673543
3.775,0.915673543
3.776,0.915673543
3.777,0.915673543
3.778,0.915673543
3.779,0.915673543
3.78,0.915673543
3.781,0.915673543
3.782,0.915673543
3.783,0.915673543
3.784,0.915673543
3.785,0.915673543
3.786,0.915673543
3.787,0.915673543
3.788,0.915673543
3.789,0.915673543
3.79,0.915673543
3.791,0.915673543
3.792,0.915673543
3.793,0.915673543
3.794,0.915673543
3.795,0.915673543
3.796,0.915673543
3.797,0.915673543
3.798,0.915673543
3.799,0.915673543
3.8,0.915673543
3.801,0.915673543
3.802,0.915673543
3.803,0.915673543
3.804,0.915673543
3.805,0.915673543
3.806,0.915673543
3.807,0.915673543
3.808,0.915673543
3.809,0.915673543
3.81,0.915673543
3.811,0.915673543
3.812,0.915673543
3.813,0.915673543
3.814,0.915673543
3.815,0.915673543
3.816,0.915673543
3.817,0.915673543
3.818,0.915673543
3.819,0.915673543
3.82,0.915673543
3.821,0.915673543
3.822,0.915673543
3.823,0.915673543
3.824,0.915673543
3.825,0.915673543
3.826,0.915673543
3.827,0.915673543
3.828,0.915673543
3.829,0.915673543
3.83,0.915673543
3.831,0.915673543
3.832,0.915673543
3.833,0.915673543
3.834,0.915673543
3.835,0.915673543
3.836,0.915673543
3.837,0.915673543
3.838,0.915673543
3.839,0.915673543
3.84,0.915673543
3.841,0.915673543
3.842,0.915673543
3.843,0.915673543
3.844,0.915673543
3.845,0.915673543
3.846,0.915673543
3.847,0.915673543
3.848,0.915673543
3.849,0.915673543
3.85,0.915673543
3.851,0.915673543
3.852,0.915673543
3.853,0.915673543
3.854,0.915673543
3.855,0.915673543
3.856,0.915673543
3.857,0.915673543
3.858,0.915673543
3.859,0.915673543
3.86,0.915673543
3.861,0.915673543
3.862,0.915673543
3.863,0.915673543
3.864,0.915673543
3.865,0.915673543
3.866,0.915673543
3.867,0.915673543
3.868,0.915673543
3.869,0.915673543
3.87,0.915673543
3.871,0.915673543
3.872,0.915673543
3.873,0.915673543
3.874,0.915673543
3.875,0.915673543
3.876,0.915673543
3.877,0.915673543
3.878,0.915673543
3.879,0.915673543
3.88,0.915673543
3.881,0.915673543
3.882,0.915673543
3.883,0.915673543
3.884,0.915673543
3.885,0.915673543
3.886,0.915673543
3.887,0.915673543
3.888,0.915673543
3.889,0.915673543
3.89,0.915673543
3.891,0.915673543
3.892,0.915673543
3.893,0.915673543
3.894,0.915673543
3.895,0.915673543
3.896,0.915673543
3.897,0.915673543
3.898,0.915673543
3.899,0.915673543
3.9,0.915673543
3.901,0.915673543
3.902,0.915673543
3.903,0.915673543
3.904,0.915673543
3.905,0.915673543
3.906,0.915673543
3.907,0.915673543
3.908,0.915673543
3.909,0.915673543
3.91,0.915673543
3.911,0.915673543
3.912,0.915673543
3.913,0.915673543
3.914,0.915673543
3.915,0.915673543
3.916,0.915673543
3.917,0.915673543
3.918,0.915673543
3.919,0.915673543
3.92,0.915673543
3.921,0.915673543
3.922,0.915673543
3.923,0.915673543
3.924,0.915673543
3.925,0.915673543
3.926,0.915673543
3.927,0.915673543
3.928,0.915673543
3.929,0.915673543
3.93,0.915673543
3.931,0.915673543
3.932,0.915673543
3.933,0.915673543
3.934,0.915673543
3.935,0.915673543
3.936,0.915673543
3.937,0.915673543
3.938,0.915673543
3.939,0.915673543
3.94,0.915673543
3.941,0.915673543
3.942,0.915673543
3.943,0.915673543
3.944,0.915673543
3.945,0.915673543
3.946,0.915673543
3.947,0.915673543
3.948,0.915673543
3.949,0.915673543
3.95,0.915673543
3.951,0.915673543
3.952,0.915673543
3.953,0.915673543
3.954,0.915673543
3.955,0.915673543
3.956,0.915673543
3.957,0.915673543
3.958,0.915673543
3.959,0.915673543
3.96,0.915673543
3.961,0.915673543
3.962,0.915673543
3.963,0.915673543
3.964,0.915673543
3.965,0.915673543
3.966,0.915673543
3.967,0.915673543
3.968,0.915673543
3.969,0.915673543
3.97,0.915673543
3.971,0.915673543
3.972,0.915673543
3.973,0.915673543
3.974,0.915673543
3.975,0.915673543
3.976,0.915673543
3.977,0.915673543
3.978,0.915673543
3.979,0.915673543
3.98,0.915673543
3.981,0.915673543
3.982,0.915673543
3.983,0.915673543
3.984,0.915673543
3.985,0.915673543
3.986,0.915673543
3.987,0.915673543
3.988,0.915673543
3.989,0.915673543
3.99,0.915673543
3.991,0.915673543
3.992,0.915673543
3.993,0.915673543
3.994,0.915673543
3.995,0.915673543
3.996,0.915673543
3.997,0.915673543
3.998,0.915673543
3.999,0.915673543
4,0.915673543
4.001,0.915673543
4.002,0.915673543
4.003,0.915673543
4.004,0.915673543
4.005,0.915673543
4.006,0.915673543
4.007,0.915673543
4.008,0.915673543
4.009,0.915673543
4.01,0.915673543
4.011,0.915673543
4.012,0.915673543
4.013,0.915673543
4.014,0.915673543
4.015,0.915673543
4.016,0.915673543
4.017,0.915673543
4.018,0.915673543
4.019,0.915673543
4.02,0.915673543
4.021,0.915673543
4.022,0.915673543
4.023,0.915673543
4.024,0.915673543
4.025,0.915673543
4.026,0.915673543
4.027,0.915673543
4.028,0.915673543
4.029,0.915673543
4.03,0.915673543
4.031,0.915673543
4.032,0.915673543
4.033,0.915673543
4.034,0.915673543
4.035,0.915673543
4.036,0.915673543
4.037,0.915673543
4.038,0.915673543
4.039,0.915673543
4.04,0.915673543
4.041,0.915673543
4.042,0.915673543
4.043,0.915673543
4.044,0.915673543
4.045,0.915673543
4.046,0.915673543
4.047,0.915673543
4.048,0.915673543
4.049,0.915673543
4.05,0.915673543
4.051,0.915673543
4.052,0.915673543
4.053,0.915673543
4.054,0.915673543
4.055,0.915673543
4.056,0.915673543
4.057,0.915673543
4.058,0.915673543
4.059,0.915673543
4.06,0.915673543
4.061,0.915673543
4.062,0.915673543
4.063,0.915673543
4.064,0.915673543
4.065,0.915673543
4.066,0.915673543
4.067,0.915673543
4.068,0.915673543
4.069,0.915673543
4.07,0.915673543
4.071,0.915673543
4.072,0.915673543
4.073,0.915673543
4.074,0.915673543
4.075,0.915673543
4.076,0.915673543
4.077,0.915673543
4.078,0.915673543
4.079,0.915673543
4.08,0.915673543
4.081,0.915673543
4.082,0.915673543
4.083,0.915673543
4.084,0.915673543
4.085,0.915673543
4.086,0.915673543
4.087,0.915673543
4.088,0.915673543
4.089,0.915673543
4.09,0.915673543
4.091,0.915673543
4.092,0.915673543
4.093,0.915673543
4.094,0.915673543
4.095,0.915673543
4.096,0.915673543
4.097,0.915673543
4.098,0.915673543
4.099,0.915673543
4.1,0.915673543
4.101,0.915673543
4.102,0.915673543
4.103,0.915673543
4.104,0.915673543
4.105,0.915673543
4.106,0.915673543
4.107,0.915673543
4.108,0.915673543
4.109,0.915673543
4.11,0.915673543
4.111,0.915673543
4.112,0.915673543
4.113,0.915673543
4.114,0.915673543
4.115,0.915673543
4.116,0.915673543
4.117,0.915673543
4.118,0.915673543
4.119,0.915673543
4.12,0.915673543
4.121,0.915673543
4.122,0.915673543
4.123,0.915673543
4.124,0.915673543
4.125,0.915673543
4.126,0.915673543
4.127,0.915673543
4.128,0.915673543
4.129,0.915673543
4.13,0.915673543
4.131,0.915673543
4.132,0.915673543
4.133,0.915673543
4.134,0.915673543
4.135,0.915673543
4.136,0.915673543
4.137,0.915673543
4.138,0.915673543
4.139,0.915673543
4.14,0.915673543
4.141,0.915673543
4.142,0.915673543
4.143,0.915673543
4.144,0.915673543
4.145,0.915673543
4.146,0.915673543
4.147,0.915673543
4.148,0.915673543
4.149,0.915673543
4.15,0.915673543
4.151,0.915673543
4.152,0.915673543
4.153,0.915673543
4.154,0.915673543
4.155,0.915673543
4.156,0.915673543
4.157,0.915673543
4.158,0.915673543
4.159,0.915673543
4.16,0.915673543
4.161,0.915673543
4.162,0.915673543
4.163,0.915673543
4.164,0.915673543
4.165,0.915673543
4.166,0.915673543
4.167,0.915673543
4.168,0.915673543
4.169,0.915673543
4.17,0.915673543
4.171,0.915673543
4.172,0.915673543
4.173,0.915673543
4.174,0.915673543
4.175,0.915673543
4.176,0.915673543
4.177,0.915673543
4.178,0.915673543
4.179,0.915673543
4.18,0.915673543
4.181,0.915673543
4.182,0.915673543
4.183,0.915673543
4.184,0.915673543
4.185,0.915673543
4.186,0.915673543
4.187,0.915673543
4.188,0.915673543
4.189,0.915673543
4.19,0.915673543
4.191,0.915673543
4.192,0.915673543
4.193,0.915673543
4.194,0.915673543
4.195,0.915673543
4.196,0.915673543
4.197,0.915673543
4.198,0.915673543
4.199,0.915673543
4.2,0.915673543
4.201,0.915673543
4.202,0.915673543
4.203,0.915673543
4.204,0.915673543
4.205,0.915673543
4.206,0.915673543
4.207,0.915673543
4.208,0.915673543
4.209,0.915673543
4.21,0.915673543
4.211,0.915673543
4.212,0.915673543
4.213,0.915673543
4.214,0.915673543
4.215,0.915673543
4.216,0.915673543
4.217,0.915673543
4.218,0.915673543
4.219,0.915673543
4.22,0.915673543
4.221,0.915673543
4.222,0.915673543
4.223,0.915673543
4.224,0.915673543
4.225,0.915673543
4.226,0.915673543
4.227,0.915673543
4.228,0.915673543
4.229,0.915673543
4.23,0.915673543
4.231,0.915673543
4.232,0.915673543
4.233,0.915673543
4.234,0.915673543
4.235,0.915673543
4.236,0.915673543
4.237,0.915673543
4.238,0.915673543
4.239,0.915673543
4.24,0.915673543
4.241,0.915673543
4.242,0.915673543
4.243,0.915673543
4.244,0.915673543
4.245,0.915673543
4.246,0.915673543
4.247,0.915673543
4.248,0.915673543
4.249,0.915673543
4.25,0.915673543
4.251,0.915673543
4.252,0.915673543
4.253,0.915673543
4.254,0.915673543
4.255,0.915673543
4.256,0.915673543
4.257,0.915673543
4.258,0.915673543
4.259,0.915673543
4.26,0.915673543
4.261,0.915673543
4.262,0.915673543
4.263,0.915673543
4.264,0.915673543
4.265,0.915673543
4.266,0.915673543
4.267,0.915673543
4.268,0.915673543
4.269,0.915673543
4.27,0.915673543
4.271,0.915673543
4.272,0.915673543
4.273,0.915673543
4.274,0.915673543
4.275,0.915673543
4.276,0.915673543
4.277,0.915673543
4.278,0.915673543
4.279,0.915673543
4.28,0.915673543
4.281,0.915673543
4.282,0.915673543
4.283,0.915673543
4.284,0.915673543
4.285,0.915673543
4.286,0.915673543
4.287,0.915673543
4.288,0.915673543
4.289,0.915673543
4.29,0.915673543
4.291,0.915673543
4.292,0.915673543
4.293,0.915673543
4.294,0.915673543
4.295,0.915673543
4.296,0.915673543
4.297,0.915673543
4.298,0.915673543
4.299,0.915673543
4.3,0.915673543
4.301,0.915673543
4.302,0.915673543
4.303,0.915673543
4.304,0.915673543
4.305,0.915673543
4.306,0.915673543
4.307,0.915673543
4.308,0.915673543
4.309,0.915673543
4.31,0.915673543
4.311,0.915673543
4.312,0.915673543
4.313,0.915673543
4.314,0.915673543
4.315,0.915673543
4.316,0.915673543
4.317,0.915673543
4.318,0.915673543
4.319,0.915673543
4.32,0.915673543
4.321,0.915673543
4.322,0.915673543
4.323,0.915673543
4.324,0.915673543
4.325,0.915673543
4.326,0.915673543
4.327,0.915673543
4.328,0.915673543
4.329,0.915673543
4.33,0.915673543
4.331,0.915673543
4.332,0.915673543
4.333,0.915673543
4.334,0.915673543
4.335,0.915673543
4.336,0.915673543
4.337,0.915673543
4.338,0.915673543
4.339,0.915673543
4.34,0.915673543
4.341,0.915673543
4.342,0.915673543
4.343,0.915673543
4.344,0.915673543
4.345,0.915673543
4.346,0.915673543
4.347,0.915673543
4.348,0.915673543
4.349,0.915673543
4.35,0.915673543
4.351,0.915673543
4.352,0.915673543
4.353,0.915673543
4.354,0.915673543
4.355,0.915673543
4.356,0.915673543
4.357,0.915673543
4.358,0.915673543
4.359,0.915673543
4.36,0.915673543
4.361,0.915673543
4.362,0.915673543
4.363,0.915673543
4.364,0.915673543
4.365,0.915673543
4.366,0.915673543
4.367,0.915673543
4.368,0.915673543
4.369,0.915673543
4.37,0.915673543
4.371,0.915673543
4.372,0.915673543
4.373,0.915673543
4.374,0.915673543
4.375,0.915673543
4.376,0.915673543
4.377,0.915673543
4.378,0.915673543
4.379,0.915673543
4.38,0.915673543
4.381,0.915673543
4.382,0.915673543
4.383,0.915673543
4.384,0.915673543
4.385,0.915673543
4.386,0.915673543
4.387,0.915673543
4.388,0.915673543
4.389,0.915673543
4.39,0.915673543
4.391,0.915673543
4.392,0.915673543
4.393,0.915673543
4.394,0.915673543
4.395,0.915673543
4.396,0.915673543
4.397,0.915673543
4.398,0.915673543
4.399,0.915673543
4.4,0.915673543
4.401,0.915673543
4.402,0.915673543
4.403,0.915673543
4.404,0.915673543
4.405,0.915673543
4.406,0.915673543
4.407,0.915673543
4.408,0.915673543
4.409,0.915673543
4.41,0.915673543
4.411,0.915673543
4.412,0.915673543
4.413,0.915673543
4.414,0.915673543
4.415,0.915673543
4.416,0.915673543
4.417,0.915673543
4.418,0.915673543
4.419,0.915673543
4.42,0.915673543
4.421,0.915673543
4.422,0.915673543
4.423,0.915673543
4.424,0.915673543
4.425,0.915673543
4.426,0.915673543
4.427,0.915673543
4.428,0.915673543
4.429,0.915673543
4.43,0.915673543
4.431,0.915673543
4.432,0.915673543
4.433,0.915673543
4.434,0.915673543
4.435,0.915673543
4.436,0.915673543
4.437,0.915673543
4.438,0.915673543
4.439,0.915673543
4.44,0.915673543
4.441,0.915673543
4.442,0.915673543
4.443,0.915673543
4.444,0.915673543
4.445,0.915673543
4.446,0.915673543
4.447,0.915673543
4.448,0.915673543
4.449,0.915673543
4.45,0.915673543
4.451,0.915673543
4.452,0.915673543
4.453,0.915673543
4.454,0.915673543
4.455,0.915673543
4.456,0.915673543
4.457,0.915673543
4.458,0.915673543
4.459,0.915673543
4.46,0.915673543
4.461,0.915673543
4.462,0.915673543
4.463,0.915673543
4.464,0.915673543
4.465,0.915673543
4.466,0.915673543
4.467,0.915673543
4.468,0.915673543
4.469,0.915673543
4.47,0.915673543
4.471,0.915673543
4.472,0.915673543
4.473,0.915673543
4.474,0.915673543
4.475,0.915673543
4.476,0.915673543
4.477,0.915673543
4.478,0.915673543
4.479,0.915673543
4.48,0.915673543
4.481,0.915673543
4.482,0.915673543
4.483,0.915673543
4.484,0.915673543
4.485,0.915673543
4.486,0.915673543
4.487,0.915673543
4.488,0.915673543
4.489,0.915673543
4.49,0.915673543
4.491,0.915673543
4.492,0.915673543
4.493,0.915673543
4.494,0.915673543
4.495,0.915673543
4.496,0.915673543
4.497,0.915673543
4.498,0.915673543
4.499,0.915673543
4.5,0.915673543
4.501,0.915673543
4.502,0.915673543
4.503,0.915673543
4.504,0.915673543
4.505,0.915673543
4.506,0.915673543
4.507,0.915673543
4.508,0.915673543
4.509,0.915673543
4.51,0.915673543
4.511,0.915673543
4.512,0.915673543
4.513,0.915673543
4.514,0.915673543
4.515,0.915673543
4.516,0.915673543
4.517,0.915673543
4.518,0.915673543
4.519,0.915673543
4.52,0.915673543
4.521,0.915673543
4.522,0.915673543
4.523,0.915673543
4.524,0.915673543
4.525,0.915673543
4.526,0.915673543
4.527,0.915673543
4.528,0.915673543
4.529,0.915673543
4.53,0.915673543
4.531,0.915673543
4.532,0.915673543
4.533,0.915673543
4.534,0.915673543
4.535,0.915673543
4.536,0.915673543
4.537,0.915673543
4.538,0.915673543
4.539,0.915673543
4.54,0.915673543
4.541,0.915673543
4.542,0.915673543
4.543,0.915673543
4.544,0.915673543
4.545,0.915673543
4.546,0.915673543
4.547,0.915673543
4.548,0.915673543
4.549,0.915673543
4.55,0.915673543
4.551,0.915673543
4.552,0.915673543
4.553,0.915673543
4.554,0.915673543
4.555,0.915673543
4.556,0.915673543
4.557,0.915673543
4.558,0.915673543
4.559,0.915673543
4.56,0.915673543
4.561,0.915673543
4.562,0.915673543
4.563,0.915673543
4.564,0.915673543
4.565,0.915673543
4.566,0.915673543
4.567,0.915673543
4.568,0.915673543
4.569,0.915673543
4.57,0.915673543
4.571,0.915673543
4.572,0.915673543
4.573,0.915673543
4.574,0.915673543
4.575,0.915673543
4.576,0.915673543
4.577,0.915673543
4.578,0.915673543
4.579,0.915673543
4.58,0.915673543
4.581,0.915673543
4.582,0.915673543
4.583,0.915673543
4.584,0.915673543
4.585,0.915673543
4.586,0.915673543
4.587,0.915673543
4.588,0.915673543
4.589,0.915673543
4.59,0.915673543
4.591,0.915673543
4.592,0.915673543
4.593,0.915673543
4.594,0.915673543
4.595,0.915673543
4.596,0.915673543
4.597,0.915673543
4.598,0.915673543
4.599,0.915673543
4.6,0.915673543
4.601,0.915673543
4.602,0.915673543
4.603,0.915673543
4.604,0.915673543
4.605,0.915673543
4.606,0.915673543
4.607,0.915673543
4.608,0.915673543
4.609,0.915673543
4.61,0.915673543
4.611,0.915673543
4.612,0.915673543
4.613,0.915673543
4.614,0.915673543
4.615,0.915673543
4.616,0.915673543
4.617,0.915673543
4.618,0.915673543
4.619,0.915673543
4.62,0.915673543
4.621,0.915673543
4.622,0.915673543
4.623,0.915673543
4.624,0.915673543
4.625,0.915673543
4.626,0.915673543
4.627,0.915673543
4.628,0.915673543
4.629,0.915673543
4.63,0.915673543
4.631,0.915673543
4.632,0.915673543
4.633,0.915673543
4.634,0.915673543
4.635,0.915673543
4.636,0.915673543
4.637,0.915673543
4.638,0.915673543
4.639,0.915673543
4.64,0.915673543
4.641,0.915673543
4.642,0.915673543
4.643,0.915673543
4.644,0.915673543
4.645,0.915673543
4.646,0.915673543
4.647,0.915673543
4.648,0.915673543
4.649,0.915673543
4.65,0.915673543
4.651,0.915673543
4.652,0.915673543
4.653,0.915673543
4.654,0.915673543
4.655,0.915673543
4.656,0.915673543
4.657,0.915673543
4.658,0.915673543
4.659,0.915673543
4.66,0.915673543
4.661,0.915673543
4.662,0.915673543
4.663,0.915673543
4.664,0.915673543
4.665,0.915673543
4.666,0.915673543
4.667,0.915673543
4.668,0.915673543
4.669,0.915673543
4.67,0.915673543
4.671,0.915673543
4.672,0.915673543
4.673,0.915673543
4.674,0.915673543
4.675,0.915673543
4.676,0.915673543
4.677,0.915673543
4.678,0.915673543
4.679,0.915673543
4.68,0.915673543
4.681,0.915673543
4.682,0.915673543
4.683,0.915673543
4.684,0.915673543
4.685,0.915673543
4.686,0.915673543
4.687,0.915673543
4.688,0.915673543
4.689,0.915673543
4.69,0.915673543
4.691,0.915673543
4.692,0.915673543
4.693,0.915673543
4.694,0.915673543
4.695,0.915673543
4.696,0.915673543
4.697,0.915673543
4.698,0.915673543
4.699,0.915673543
4.7,0.915673543
4.701,0.915673543
4.702,0.915673543
4.703,0.915673543
4.704,0.915673543
4.705,0.915673543
4.706,0.915673543
4.707,0.915673543
4.708,0.915673543
4.709,0.915673543
4.71,0.915673543
4.711,0.915673543
4.712,0.915673543
4.713,0.915673543
4.714,0.915673543
4.715,0.915673543
4.716,0.915673543
4.717,0.915673543
4.718,0.915673543
4.719,0.915673543
4.72,0.915673543
4.721,0.915673543
4.722,0.915673543
4.723,0.915673543
4.724,0.915673543
4.725,0.915673543
4.726,0.915673543
4.727,0.915673543
4.728,0.915673543
4.729,0.915673543
4.73,0.915673543
4.731,0.915673543
4.732,0.915673543
4.733,0.915673543
4.734,0.915673543
4.735,0.915673543
4.736,0.915673543
4.737,0.915673543
4.738,0.915673543
4.739,0.915673543
4.74,0.915673543
4.741,0.915673543
4.742,0.915673543
4.743,0.915673543
4.744,0.915673543
4.745,0.915673543
4.746,0.915673543
4.747,0.915673543
4.748,0.915673543
4.749,0.915673543
4.75,0.915673543
4.751,0.915673543
4.752,0.915673543
4.753,0.915673543
4.754,0.915673543
4.755,0.915673543
4.756,0.915673543
4.757,0.915673543
4.758,0.915673543
4.759,0.915673543
4.76,0.915673543
4.761,0.915673543
4.762,0.915673543
4.763,0.915673543
4.764,0.915673543
4.765,0.915673543
4.766,0.915673543
4.767,0.915673543
4.768,0.915673543
4.769,0.915673543
4.77,0.915673543
4.771,0.915673543
4.772,0.915673543
4.773,0.915673543
4.774,0.915673543
4.775,0.915673543
4.776,0.915673543
4.777,0.915673543
4.778,0.915673543
4.779,0.915673543
4.78,0.915673543
4.781,0.915673543
4.782,0.915673543
4.783,0.915673543
4.784,0.915673543
4.785,0.915673543
4.786,0.915673543
4.787,0.915673543
4.788,0.915673543
4.789,0.915673543
4.79,0.915673543
4.791,0.915673543
4.792,0.915673543
4.793,0.915673543
4.794,0.915673543
4.795,0.915673543
4.796,0.915673543
4.797,0.915673543
4.798,0.915673543
4.799,0.915673543
4.8,0.915673543
4.801,0.915673543
4.802,0.915673543
4.803,0.915673543
4.804,0.915673543
4.805,0.915673543
4.806,0.915673543
4.807,0.915673543
4.808,0.915673543
4.809,0.915673543
4.81,0.915673543
4.811,0.915673543
4.812,0.915673543
4.813,0.915673543
4.814,0.915673543
4.815,0.915673543
4.816,0.915673543
4.817,0.915673543
4.818,0.915673543
4.819,0.915673543
4.82,0.915673543
4.821,0.915673543
4.822,0.915673543
4.823,0.915673543
4.824,0.915673543
4.825,0.915673543
4.826,0.915673543
4.827,0.915673543
4.828,0.915673543
4.829,0.915673543
4.83,0.915673543
4.831,0.915673543
4.832,0.915673543
4.833,0.915673543
4.834,0.915673543
4.835,0.915673543
4.836,0.915673543
4.837,0.915673543
4.838,0.915673543
4.839,0.915673543
4.84,0.915673543
4.841,0.915673543
4.842,0.915673543
4.843,0.915673543
4.844,0.915673543
4.845,0.915673543
4.846,0.915673543
4.847,0.915673543
4.848,0.915673543
4.849,0.915673543
4.85,0.915673543
4.851,0.915673543
4.852,0.915673543
4.853,0.915673543
4.854,0.915673543
4.855,0.915673543
4.856,0.915673543
4.857,0.915673543
4.858,0.915673543
4.859,0.915673543
4.86,0.915673543
4.861,0.915673543
4.862,0.915673543
4.863,0.915673543
4.864,0.915673543
4.865,0.915673543
4.866,0.915673543
4.867,0.915673543
4.868,0.915673543
4.869,0.915673543
4.87,0.915673543
4.871,0.915673543
4.872,0.915673543
4.873,0.915673543
4.874,0.915673543
4.875,0.915673543
4.876,0.915673543
4.877,0.915673543
4.878,0.915673543
4.879,0.915673543
4.88,0.915673543
4.881,0.915673543
4.882,0.915673543
4.883,0.915673543
4.884,0.915673543
4.885,0.915673543
4.886,0.915673543
4.887,0.915673543
4.888,0.915673543
4.889,0.915673543
4.89,0.915673543
4.891,0.915673543
4.892,0.915673543
4.893,0.915673543
4.894,0.915673543
4.895,0.915673543
4.896,0.915673543
4.897,0.915673543
4.898,0.915673543
4.899,0.915673543
4.9,0.915673543
4.901,0.915673543
4.902,0.915673543
4.903,0.915673543
4.904,0.915673543
4.905,0.915673543
4.906,0.915673543
4.907,0.915673543
4.908,0.915673543
4.909,0.915673543
4.91,0.915673543
4.911,0.915673543
4.912,0.915673543
4.913,0.915673543
4.914,0.915673543
4.915,0.915673543
4.916,0.915673543
4.917,0.915673543
4.918,0.915673543
4.919,0.915673543
4.92,0.915673543
4.921,0.915673543
4.922,0.915673543
4.923,0.915673543
4.924,0.915673543
4.925,0.915673543
4.926,0.915673543
4.927,0.915673543
4.928,0.915673543
4.929,0.915673543
4.93,0.915673543
4.931,0.915673543
4.932,0.915673543
4.933,0.915673543
4.934,0.915673543
4.935,0.915673543
4.936,0.915673543
4.937,0.915673543
4.938,0.915673543
4.939,0.915673543
4.94,0.915673543
4.941,0.915673543
4.942,0.915673543
4.943,0.915673543
4.944,0.915673543
4.945,0.915673543
4.946,0.915673543
4.947,0.915673543
4.948,0.915673543
4.949,0.915673543
4.95,0.915673543
4.951,0.915673543
4.952,0.915673543
4.953,0.915673543
4.954,0.915673543
4.955,0.915673543
4.956,0.915673543
4.957,0.915673543
4.958,0.915673543
4.959,0.915673543
4.96,0.915673543
4.961,0.915673543
4.962,0.915673543
4.963,0.915673543
4.964,0.915673543
4.965,0.915673543
4.966,0.915673543
4.967,0.915673543
4.968,0.915673543
4.969,0.915673543
4.97,0.915673543
4.971,0.915673543
4.972,0.915673543
4.973,0.915673543
4.974,0.915673543
4.975,0.915673543
4.976,0.915673543
4.977,0.915673543
4.978,0.915673543
4.979,0.915673543
4.98,0.915673543
4.981,0.915673543
4.982,0.915673543
4.983,0.915673543
4.984,0.915673543
4.985,0.915673543
4.986,0.915673543
4.987,0.915673543
4.988,0.915673543
4.989,0.915673543
4.99,0.915673543
4.991,0.915673543
4.992,0.915673543
4.993,0.915673543
4.994,0.915673543
4.995,0.915673543
4.996,0.915673543
4.997,0.915673543
4.998,0.915673543
4.999,0.915673543
5,0.915673543