Wavelength,K-L Fiber
0.9,0.94220567
0.901,0.94209411
0.902,0.94198978
0.903,0.94189269
0.904,0.94181214
0.905,0.9417316
0.906,0.94165106
0.907,0.94159324
0.908,0.94155814
0.909,0.94154575
0.91,0.94148588
0.911,0.9414673
0.912,0.94149001
0.913,0.94133311
0.914,0.94114529
0.915,0.94092653
0.916,0.94091415
0.917,0.94092963
0.918,0.94097296
0.919,0.94092756
0.92,0.94080481
0.921,0.9406047
0.922,0.94060676
0.923,0.94056138
0.924,0.94046857
0.925,0.94043763
0.926,0.94041804
0.927,0.94040979
0.928,0.94032937
0.929,0.94030669
0.93,0.94034174
0.931,0.94027163
0.932,0.94020771
0.933,0.94014998
0.934,0.94017885
0.935,0.9402273
0.936,0.94029534
0.937,0.94024586
0.938,0.94019122
0.939,0.94013143
0.94,0.94024483
0.941,0.94029122
0.942,0.9402706
0.943,0.94024586
0.944,0.94025307
0.945,0.94029225
0.946,0.94023864
0.947,0.94022318
0.948,0.94024586
0.949,0.94029741
0.95,0.94032215
0.951,0.94032009
0.952,0.94035514
0.953,0.94035308
0.954,0.9403139
0.955,0.94038608
0.956,0.94036958
0.957,0.94026441
0.958,0.94030772
0.959,0.9403933
0.96,0.94052116
0.961,0.9404098
0.962,0.9403737
0.963,0.94041289
0.964,0.9405222
0.965,0.9405521
0.966,0.9405026
0.967,0.94046341
0.968,0.94045413
0.969,0.94047476
0.97,0.94051394
0.971,0.94052735
0.972,0.94051497
0.973,0.94055829
0.974,0.94052013
0.975,0.94040051
0.976,0.94053251
0.977,0.94061088
0.978,0.94063564
0.979,0.94082544
0.98,0.94092859
0.981,0.9409451
0.982,0.94100907
0.983,0.94107717
0.984,0.9411494
0.985,0.94117004
0.986,0.94123197
0.987,0.94133517
0.988,0.94133724
0.989,0.94137027
0.99,0.94143426
0.991,0.94146936
0.992,0.94147452
0.993,0.94144975
0.994,0.94151994
0.995,0.94159428
0.996,0.94167274
0.997,0.94175328
0.998,0.94180078
0.999,0.94181524
1,0.94216231
1.001,0.94231519
1.002,0.94227386
1.003,0.94219947
1.004,0.94222117
1.005,0.94233895
1.006,0.94240095
1.007,0.94245055
1.008,0.94248775
1.009,0.94262831
1.01,0.9427358
1.011,0.94281023
1.012,0.94282057
1.013,0.9428888
1.014,0.94301494
1.015,0.94305837
1.016,0.94308215
1.017,0.94308628
1.018,0.94309869
1.019,0.94317729
1.02,0.94332208
1.021,0.94335104
1.022,0.94333242
1.023,0.94326623
1.024,0.94338208
1.025,0.94350621
1.026,0.94363864
1.027,0.94359311
1.028,0.94362622
1.029,0.94373797
1.03,0.94378971
1.031,0.943828
1.032,0.94385284
1.033,0.94395841
1.034,0.94402775
1.035,0.94406088
1.036,0.94412092
1.037,0.94421616
1.038,0.94434662
1.039,0.94445845
1.04,0.94452473
1.041,0.94454544
1.042,0.94459723
1.043,0.94465316
1.044,0.94471324
1.045,0.94472152
1.046,0.94479508
1.047,0.9449339
1.048,0.94507275
1.049,0.94514736
1.05,0.94515772
1.051,0.94519296
1.052,0.9452738
1.053,0.94540025
1.054,0.94541684
1.055,0.94544172
1.056,0.94547489
1.057,0.94565945
1.058,0.94577765
1.059,0.9458295
1.06,0.94588551
1.061,0.94593425
1.062,0.94597574
1.063,0.94605458
1.064,0.94610644
1.065,0.94613134
1.066,0.94621434
1.067,0.94627555
1.068,0.94631498
1.069,0.94634611
1.07,0.94636686
1.071,0.94637724
1.072,0.9465682
1.073,0.94671143
1.074,0.94680693
1.075,0.94679863
1.076,0.94683392
1.077,0.94691283
1.078,0.94696682
1.079,0.94704989
1.08,0.94716204
1.081,0.94713504
1.082,0.94724618
1.083,0.94749547
1.084,0.94765964
1.085,0.94778537
1.086,0.94787267
1.087,0.94795166
1.088,0.94802546
1.089,0.94809407
1.09,0.94817724
1.091,0.94828121
1.092,0.94840598
1.093,0.94849126
1.094,0.94850374
1.095,0.94844342
1.096,0.94838727
1.097,0.94840807
1.098,0.94850582
1.099,0.94856614
1.1,0.94864831
1.101,0.94875233
1.102,0.94884597
1.103,0.9489344
1.104,0.94901764
1.105,0.94905927
1.106,0.94912171
1.107,0.94920496
1.108,0.94927158
1.109,0.94932778
1.11,0.94937358
1.111,0.94938816
1.112,0.94940273
1.113,0.9494173
1.114,0.94933195
1.115,0.949308
1.116,0.94934548
1.117,0.94931425
1.118,0.94928823
1.119,0.94926741
1.12,0.94924868
1.121,0.94925908
1.122,0.94929864
1.123,0.9493715
1.124,0.94946207
1.125,0.94957034
1.126,0.94964531
1.127,0.94972654
1.128,0.94981401
1.129,0.94993275
1.13,0.95004107
1.131,0.950139
1.132,0.95024944
1.133,0.95039324
1.134,0.9505704
1.135,0.95072467
1.136,0.95090712
1.137,0.95111775
1.138,0.95130341
1.139,0.95146718
1.14,0.95160907
1.141,0.95176351
1.142,0.9519044
1.143,0.95203174
1.144,0.95214867
1.145,0.95213718
1.146,0.95199729
1.147,0.95243795
1.148,0.9526917
1.149,0.95275856
1.15,0.95287766
1.151,0.95297065
1.152,0.95303752
1.153,0.95314203
1.154,0.95322355
1.155,0.95328208
1.156,0.9534598
1.157,0.95358525
1.158,0.95365844
1.159,0.95373582
1.16,0.95379648
1.161,0.9538404
1.162,0.95396592
1.163,0.95407052
1.164,0.95415421
1.165,0.95422117
1.166,0.95428918
1.167,0.95435824
1.168,0.95450267
1.169,0.9546
1.17,0.95465024
1.171,0.95472561
1.172,0.95481459
1.173,0.9549172
1.174,0.9549884
1.175,0.95507741
1.176,0.95518423
1.177,0.95528059
1.178,0.95536753
1.179,0.95544505
1.18,0.95552048
1.181,0.95557706
1.182,0.95561478
1.183,0.9557049
1.184,0.95576777
1.185,0.9558034
1.186,0.95583903
1.187,0.95586628
1.188,0.95588515
1.189,0.95587676
1.19,0.95587781
1.191,0.95588829
1.192,0.95590087
1.193,0.95590506
1.194,0.95590087
1.195,0.95592603
1.196,0.95596166
1.197,0.95600778
1.198,0.95608116
1.199,0.95613882
1.2,0.95618076
1.201,0.95619963
1.202,0.95624681
1.203,0.95632231
1.204,0.95638103
1.205,0.95646388
1.206,0.95657085
1.207,0.95660022
1.208,0.95663903
1.209,0.95668728
1.21,0.95673763
1.211,0.95681212
1.212,0.95691074
1.213,0.95701357
1.214,0.95710067
1.215,0.95717203
1.216,0.95733997
1.217,0.95747014
1.218,0.95756253
1.219,0.95769063
1.22,0.95779144
1.221,0.95786496
1.222,0.9579742
1.223,0.95807924
1.224,0.95818009
1.225,0.95831038
1.226,0.95842282
1.227,0.9585174
1.228,0.95860358
1.229,0.95868032
1.23,0.95874759
1.231,0.95881277
1.232,0.9588748
1.233,0.95893368
1.234,0.95904514
1.235,0.95913347
1.236,0.95919868
1.237,0.95927441
1.238,0.95937118
1.239,0.959489
1.24,0.95954371
1.241,0.95960999
1.242,0.95968786
1.243,0.95978257
1.244,0.95985203
1.245,0.95989623
1.246,0.95999307
1.247,0.9601036
1.248,0.96022782
1.249,0.96031627
1.25,0.96039314
1.251,0.96045843
1.252,0.9605174
1.253,0.9605827
1.254,0.96065433
1.255,0.96070067
1.256,0.96077863
1.257,0.96088819
1.258,0.96094087
1.259,0.96101463
1.26,0.96110947
1.261,0.96118746
1.262,0.96127916
1.263,0.96138456
1.264,0.96143938
1.265,0.96151634
1.266,0.96161544
1.267,0.96169136
1.268,0.96175885
1.269,0.9618179
1.27,0.96189384
1.271,0.96197295
1.272,0.96205522
1.273,0.96212484
1.274,0.96219236
1.275,0.96225777
1.276,0.96233586
1.277,0.96242027
1.278,0.96251103
1.279,0.96259335
1.28,0.96267251
1.281,0.96274851
1.282,0.96284564
1.283,0.96293538
1.284,0.96301774
1.285,0.96311278
1.286,0.9632131
1.287,0.96331872
1.288,0.96338844
1.289,0.96346555
1.29,0.96355007
1.291,0.96361557
1.292,0.96369693
1.293,0.96379415
1.294,0.96385756
1.295,0.96392837
1.296,0.96400658
1.297,0.96409538
1.298,0.96417466
1.299,0.96424444
1.3,0.96432903
1.301,0.96442102
1.302,0.96452042
1.303,0.96459234
1.304,0.96467802
1.305,0.96477745
1.306,0.96485996
1.307,0.96495307
1.308,0.96505676
1.309,0.96509877
1.31,0.96514079
1.311,0.9651828
1.312,0.96522482
1.313,0.96526683
1.314,0.96530884
1.315,0.96535086
1.316,0.96539287
1.317,0.96543489
1.318,0.9654769
1.319,0.96551892
1.32,0.96556093
1.321,0.96564079
1.322,0.96572066
1.323,0.96580052
1.324,0.96588038
1.325,0.96596024
1.326,0.96604011
1.327,0.96611997
1.328,0.96619983
1.329,0.9662797
1.33,0.96635956
1.331,0.96643942
1.332,0.96651928
1.333,0.96659915
1.334,0.96667901
1.335,0.96675887
1.336,0.96683874
1.337,0.9669186
1.338,0.96699846
1.339,0.96707833
1.34,0.96715819
1.341,0.96723556
1.342,0.96731293
1.343,0.96739031
1.344,0.96746768
1.345,0.96754505
1.346,0.96762242
1.347,0.9676998
1.348,0.96777717
1.349,0.96785454
1.35,0.96793191
1.351,0.96800929
1.352,0.96808666
1.353,0.96816403
1.354,0.9682414
1.355,0.96831877
1.356,0.96839615
1.357,0.96847352
1.358,0.96855089
1.359,0.96862826
1.36,0.96870564
1.361,0.96877424
1.362,0.96884283
1.363,0.96891143
1.364,0.96898003
1.365,0.96904863
1.366,0.96911723
1.367,0.96918583
1.368,0.96925443
1.369,0.96932303
1.37,0.96939163
1.371,0.96946022
1.372,0.96952882
1.373,0.96959742
1.374,0.96966602
1.375,0.96973462
1.376,0.96980322
1.377,0.96987182
1.378,0.96994042
1.379,0.97000902
1.38,0.97007761
1.381,0.97014335
1.382,0.9702091
1.383,0.97027484
1.384,0.97034058
1.385,0.97040632
1.386,0.97047206
1.387,0.9705378
1.388,0.97060354
1.389,0.97066928
1.39,0.97073502
1.391,0.97080076
1.392,0.9708665
1.393,0.97093224
1.394,0.97099798
1.395,0.97106372
1.396,0.97112946
1.397,0.9711952
1.398,0.97126094
1.399,0.97132668
1.4,0.97139242
1.401,0.97145218
1.402,0.97151194
1.403,0.9715717
1.404,0.97163145
1.405,0.97169121
1.406,0.97175097
1.407,0.97181073
1.408,0.97187049
1.409,0.97193025
1.41,0.97199001
1.411,0.97204977
1.412,0.97210952
1.413,0.97216928
1.414,0.97222904
1.415,0.9722888
1.416,0.97234856
1.417,0.97240832
1.418,0.97246808
1.419,0.97252784
1.42,0.97258759
1.421,0.9726599
1.422,0.97273221
1.423,0.97280452
1.424,0.97287683
1.425,0.97294913
1.426,0.97302144
1.427,0.97309375
1.428,0.97316606
1.429,0.97323837
1.43,0.97331067
1.431,0.97338298
1.432,0.97345529
1.433,0.9735276
1.434,0.97359991
1.435,0.97367222
1.436,0.97374452
1.437,0.97381683
1.438,0.97388914
1.439,0.97396145
1.44,0.97403376
1.441,0.9741022
1.442,0.97417064
1.443,0.97423908
1.444,0.97430752
1.445,0.97437597
1.446,0.97444441
1.447,0.97451285
1.448,0.97458129
1.449,0.97464974
1.45,0.97471818
1.451,0.97478662
1.452,0.97485506
1.453,0.9749235
1.454,0.97499195
1.455,0.97506039
1.456,0.97512883
1.457,0.97519727
1.458,0.97526572
1.459,0.97533416
1.46,0.9754026
1.461,0.97546515
1.462,0.97552769
1.463,0.97559024
1.464,0.97565279
1.465,0.97571533
1.466,0.97577788
1.467,0.97584043
1.468,0.97590298
1.469,0.97596552
1.47,0.97602807
1.471,0.97609062
1.472,0.97615316
1.473,0.97621571
1.474,0.97627826
1.475,0.9763408
1.476,0.97640335
1.477,0.9764659
1.478,0.97652844
1.479,0.97659099
1.48,0.97665354
1.481,0.97671058
1.482,0.97676762
1.483,0.97682466
1.484,0.9768817
1.485,0.97693874
1.486,0.97699577
1.487,0.97705281
1.488,0.97710985
1.489,0.97716689
1.49,0.97722393
1.491,0.97728097
1.492,0.97733801
1.493,0.97739505
1.494,0.97745209
1.495,0.97750913
1.496,0.97756617
1.497,0.97762321
1.498,0.97768025
1.499,0.97773728
1.5,0.97779432
1.501,0.97784955
1.502,0.97790477
1.503,0.97795999
1.504,0.97801522
1.505,0.97807044
1.506,0.97812566
1.507,0.97818089
1.508,0.97823611
1.509,0.97829134
1.51,0.97834656
1.511,0.97840178
1.512,0.97845701
1.513,0.97851223
1.514,0.97856745
1.515,0.97862268
1.516,0.9786779
1.517,0.97873312
1.518,0.97878835
1.519,0.97884357
1.52,0.97889879
1.521,0.97895229
1.522,0.97900578
1.523,0.97905928
1.524,0.97911277
1.525,0.97916626
1.526,0.97921976
1.527,0.97927325
1.528,0.97932675
1.529,0.97938024
1.53,0.97943374
1.531,0.97948723
1.532,0.97954072
1.533,0.97959422
1.534,0.97964771
1.535,0.97970121
1.536,0.9797547
1.537,0.9798082
1.538,0.97986169
1.539,0.97991518
1.54,0.97996868
1.541,0.9800167
1.542,0.98006473
1.543,0.98011275
1.544,0.98016078
1.545,0.9802088
1.546,0.98025683
1.547,0.98030485
1.548,0.98035288
1.549,0.9804009
1.55,0.98044893
1.551,0.98049695
1.552,0.98054498
1.553,0.980593
1.554,0.98064103
1.555,0.98068905
1.556,0.98073708
1.557,0.9807851
1.558,0.98083313
1.559,0.98088115
1.56,0.98092918
1.561,0.98097082
1.562,0.98101245
1.563,0.98105409
1.564,0.98109573
1.565,0.98113737
1.566,0.98117901
1.567,0.98122065
1.568,0.98126229
1.569,0.98130393
1.57,0.98134557
1.571,0.98138721
1.572,0.98142885
1.573,0.98147049
1.574,0.98151213
1.575,0.98155377
1.576,0.98159541
1.577,0.98163705
1.578,0.98167868
1.579,0.98172032
1.58,0.98176196
1.581,0.98184152
1.582,0.98192107
1.583,0.98200063
1.584,0.98208018
1.585,0.98215973
1.586,0.98223929
1.587,0.98231884
1.588,0.9823984
1.589,0.98247795
1.59,0.9825575
1.591,0.98263706
1.592,0.98271661
1.593,0.98279616
1.594,0.98287572
1.595,0.98295527
1.596,0.98303483
1.597,0.98311438
1.598,0.98319393
1.599,0.98327349
1.6,0.98335304
1.601,0.98339601
1.602,0.98343897
1.603,0.98348194
1.604,0.9835249
1.605,0.98356787
1.606,0.98361083
1.607,0.9836538
1.608,0.98369676
1.609,0.98373973
1.61,0.9837827
1.611,0.98382566
1.612,0.98386863
1.613,0.98391159
1.614,0.98395456
1.615,0.98399752
1.616,0.98404049
1.617,0.98408345
1.618,0.98412642
1.619,0.98416938
1.62,0.98421235
1.621,0.98424848
1.622,0.98428462
1.623,0.98432076
1.624,0.98435689
1.625,0.98439303
1.626,0.98442917
1.627,0.9844653
1.628,0.98450144
1.629,0.98453757
1.63,0.98457371
1.631,0.98460985
1.632,0.98464598
1.633,0.98468212
1.634,0.98471825
1.635,0.98475439
1.636,0.98479053
1.637,0.98482666
1.638,0.9848628
1.639,0.98489894
1.64,0.98493507
1.641,0.98497293
1.642,0.98501078
1.643,0.98504863
1.644,0.98508649
1.645,0.98512434
1.646,0.98516219
1.647,0.98520005
1.648,0.9852379
1.649,0.98527575
1.65,0.98531361
1.651,0.98535146
1.652,0.98538932
1.653,0.98542717
1.654,0.98546502
1.655,0.98550288
1.656,0.98554073
1.657,0.98557858
1.658,0.98561644
1.659,0.98565429
1.66,0.98569214
1.661,0.9857291
1.662,0.98576605
1.663,0.985803
1.664,0.98583995
1.665,0.9858769
1.666,0.98591385
1.667,0.9859508
1.668,0.98598775
1.669,0.9860247
1.67,0.98606165
1.671,0.98609861
1.672,0.98613556
1.673,0.98617251
1.674,0.98620946
1.675,0.98624641
1.676,0.98628336
1.677,0.98632031
1.678,0.98635726
1.679,0.98639421
1.68,0.98643116
1.681,0.98646661
1.682,0.98650206
1.683,0.9865375
1.684,0.98657295
1.685,0.9866084
1.686,0.98664384
1.687,0.98667929
1.688,0.98671474
1.689,0.98675019
1.69,0.98678563
1.691,0.98682108
1.692,0.98685653
1.693,0.98689197
1.694,0.98692742
1.695,0.98696287
1.696,0.98699831
1.697,0.98703376
1.698,0.98706921
1.699,0.98710465
1.7,0.9871401
1.701,0.98716834
1.702,0.98719658
1.703,0.98722482
1.704,0.98725306
1.705,0.98728129
1.706,0.98730953
1.707,0.98733777
1.708,0.98736601
1.709,0.98739425
1.71,0.98742249
1.711,0.98745073
1.712,0.98747897
1.713,0.98750721
1.714,0.98753545
1.715,0.98756369
1.716,0.98759193
1.717,0.98762016
1.718,0.9876484
1.719,0.98767664
1.72,0.98770488
1.721,0.9877243
1.722,0.98774372
1.723,0.98776314
1.724,0.98778256
1.725,0.98780198
1.726,0.98782139
1.727,0.98784081
1.728,0.98786023
1.729,0.98787965
1.73,0.98789907
1.731,0.98791849
1.732,0.98793791
1.733,0.98795732
1.734,0.98797674
1.735,0.98799616
1.736,0.98801558
1.737,0.988035
1.738,0.98805442
1.739,0.98807384
1.74,0.98809325
1.741,0.98809123
1.742,0.98808921
1.743,0.98808718
1.744,0.98808516
1.745,0.98808314
1.746,0.98808111
1.747,0.98807909
1.748,0.98807707
1.749,0.98807505
1.75,0.98807302
1.751,0.988071
1.752,0.98806898
1.753,0.98806695
1.754,0.98806493
1.755,0.98806291
1.756,0.98806088
1.757,0.98805886
1.758,0.98805684
1.759,0.98805481
1.76,0.98805279
1.761,0.98797462
1.762,0.98789645
1.763,0.98781828
1.764,0.98774011
1.765,0.98766194
1.766,0.98758377
1.767,0.9875056
1.768,0.98742743
1.769,0.98734926
1.77,0.98727109
1.771,0.98719292
1.772,0.98711475
1.773,0.98703659
1.774,0.98695842
1.775,0.98688025
1.776,0.98680208
1.777,0.98672391
1.778,0.98664574
1.779,0.98656757
1.78,0.9864894
1.781,0.98631523
1.782,0.98614107
1.783,0.9859669
1.784,0.98579274
1.785,0.98561857
1.786,0.98544441
1.787,0.98527024
1.788,0.98509608
1.789,0.98492191
1.79,0.98474775
1.791,0.98457358
1.792,0.98439942
1.793,0.98422525
1.794,0.98405109
1.795,0.98387692
1.796,0.98370276
1.797,0.98352859
1.798,0.98335443
1.799,0.98318026
1.8,0.98300609
1.801,0.98290229
1.802,0.98279849
1.803,0.98269468
1.804,0.98259088
1.805,0.98248707
1.806,0.98238327
1.807,0.98227946
1.808,0.98217566
1.809,0.98207185
1.81,0.98196805
1.811,0.98186424
1.812,0.98176044
1.813,0.98165663
1.814,0.98155283
1.815,0.98144902
1.816,0.98134522
1.817,0.98124142
1.818,0.98113761
1.819,0.98103381
1.82,0.98093
1.821,0.98118817
1.822,0.98144635
1.823,0.98170452
1.824,0.98196269
1.825,0.98222087
1.826,0.98247904
1.827,0.98273721
1.828,0.98299539
1.829,0.98325356
1.83,0.98351173
1.831,0.98376991
1.832,0.98402808
1.833,0.98428625
1.834,0.98454443
1.835,0.9848026
1.836,0.98506077
1.837,0.98531895
1.838,0.98557712
1.839,0.98583529
1.84,0.98609347
1.841,0.98634126
1.842,0.98658906
1.843,0.98683685
1.844,0.98708465
1.845,0.98733245
1.846,0.98758024
1.847,0.98782804
1.848,0.98807583
1.849,0.98832363
1.85,0.98857142
1.851,0.98881922
1.852,0.98906702
1.853,0.98931481
1.854,0.98956261
1.855,0.9898104
1.856,0.9900582
1.857,0.990306
1.858,0.99055379
1.859,0.99080159
1.86,0.99104938
1.861,0.99110181
1.862,0.99115424
1.863,0.99120667
1.864,0.9912591
1.865,0.99131153
1.866,0.99136396
1.867,0.99141639
1.868,0.99146882
1.869,0.99152125
1.87,0.99157367
1.871,0.9916261
1.872,0.99167853
1.873,0.99173096
1.874,0.99178339
1.875,0.99183582
1.876,0.99188825
1.877,0.99194068
1.878,0.99199311
1.879,0.99204554
1.88,0.99209797
1.881,0.99211552
1.882,0.99213307
1.883,0.99215062
1.884,0.99216817
1.885,0.99218572
1.886,0.99220327
1.887,0.99222083
1.888,0.99223838
1.889,0.99225593
1.89,0.99227348
1.891,0.99229103
1.892,0.99230858
1.893,0.99232613
1.894,0.99234368
1.895,0.99236124
1.896,0.99237879
1.897,0.99239634
1.898,0.99241389
1.899,0.99243144
1.9,0.99244899
1.901,0.99246383
1.902,0.99247866
1.903,0.9924935
1.904,0.99250834
1.905,0.99252317
1.906,0.99253801
1.907,0.99255284
1.908,0.99256768
1.909,0.99258251
1.91,0.99259735
1.911,0.99261219
1.912,0.99262702
1.913,0.99264186
1.914,0.99265669
1.915,0.99267153
1.916,0.99268636
1.917,0.9927012
1.918,0.99271604
1.919,0.99273087
1.92,0.99274571
1.921,0.99275832
1.922,0.99277093
1.923,0.99278354
1.924,0.99279615
1.925,0.99280876
1.926,0.99282137
1.927,0.99283398
1.928,0.9928466
1.929,0.99285921
1.93,0.99287182
1.931,0.99288443
1.932,0.99289704
1.933,0.99290965
1.934,0.99292226
1.935,0.99293487
1.936,0.99294749
1.937,0.9929601
1.938,0.99297271
1.939,0.99298532
1.94,0.99299793
1.941,0.99301261
1.942,0.99302729
1.943,0.99304197
1.944,0.99305665
1.945,0.99307133
1.946,0.99308601
1.947,0.99310069
1.948,0.99311537
1.949,0.99313005
1.95,0.99314473
1.951,0.99315941
1.952,0.99317409
1.953,0.99318877
1.954,0.99320345
1.955,0.99321813
1.956,0.99323281
1.957,0.99324749
1.958,0.99326217
1.959,0.99327685
1.96,0.99329153
1.961,0.99330717
1.962,0.99332282
1.963,0.99333847
1.964,0.99335411
1.965,0.99336976
1.966,0.99338541
1.967,0.99340105
1.968,0.9934167
1.969,0.99343235
1.97,0.99344799
1.971,0.99346364
1.972,0.99347928
1.973,0.99349493
1.974,0.99351058
1.975,0.99352622
1.976,0.99354187
1.977,0.99355752
1.978,0.99357316
1.979,0.99358881
1.98,0.99360445
1.981,0.99361824
1.982,0.99363203
1.983,0.99364582
1.984,0.9936596
1.985,0.99367339
1.986,0.99368718
1.987,0.99370096
1.988,0.99371475
1.989,0.99372854
1.99,0.99374232
1.991,0.99375611
1.992,0.9937699
1.993,0.99378368
1.994,0.99379747
1.995,0.99381126
1.996,0.99382505
1.997,0.99383883
1.998,0.99385262
1.999,0.99386641
2,0.99388019
2.001,0.99389229
2.002,0.99390439
2.003,0.99391649
2.004,0.99392859
2.005,0.99394069
2.006,0.99395279
2.007,0.99396489
2.008,0.99397699
2.009,0.99398909
2.01,0.99400119
2.011,0.99401329
2.012,0.99402539
2.013,0.99403749
2.014,0.99404958
2.015,0.99406168
2.016,0.99407378
2.017,0.99408588
2.018,0.99409798
2.019,0.99411008
2.02,0.99412218
2.021,0.99413449
2.022,0.99414681
2.023,0.99415912
2.024,0.99417143
2.025,0.99418374
2.026,0.99419606
2.027,0.99420837
2.028,0.99422068
2.029,0.99423299
2.03,0.99424531
2.031,0.99425762
2.032,0.99426993
2.033,0.99428224
2.034,0.99429456
2.035,0.99430687
2.036,0.99431918
2.037,0.99433149
2.038,0.99434381
2.039,0.99435612
2.04,0.99436843
2.041,0.99438177
2.042,0.9943951
2.043,0.99440844
2.044,0.99442177
2.045,0.99443511
2.046,0.99444844
2.047,0.99446178
2.048,0.99447511
2.049,0.99448845
2.05,0.99450178
2.051,0.99451512
2.052,0.99452845
2.053,0.99454179
2.054,0.99455512
2.055,0.99456846
2.056,0.99458179
2.057,0.99459513
2.058,0.99460846
2.059,0.9946218
2.06,0.99463513
2.061,0.99464786
2.062,0.9946606
2.063,0.99467333
2.064,0.99468606
2.065,0.99469879
2.066,0.99471153
2.067,0.99472426
2.068,0.99473699
2.069,0.99474972
2.07,0.99476245
2.071,0.99477519
2.072,0.99478792
2.073,0.99480065
2.074,0.99481338
2.075,0.99482612
2.076,0.99483885
2.077,0.99485158
2.078,0.99486431
2.079,0.99487705
2.08,0.99488978
2.081,0.99489691
2.082,0.99490405
2.083,0.99491119
2.084,0.99491833
2.085,0.99492546
2.086,0.9949326
2.087,0.99493974
2.088,0.99494688
2.089,0.99495401
2.09,0.99496115
2.091,0.99496829
2.092,0.99497543
2.093,0.99498256
2.094,0.9949897
2.095,0.99499684
2.096,0.99500398
2.097,0.99501111
2.098,0.99501825
2.099,0.99502539
2.1,0.99503253
2.101,0.99504206
2.102,0.99505159
2.103,0.99506113
2.104,0.99507066
2.105,0.9950802
2.106,0.99508973
2.107,0.99509926
2.108,0.9951088
2.109,0.99511833
2.11,0.99512786
2.111,0.9951374
2.112,0.99514693
2.113,0.99515647
2.114,0.995166
2.115,0.99517553
2.116,0.99518507
2.117,0.9951946
2.118,0.99520414
2.119,0.99521367
2.12,0.9952232
2.121,0.99523181
2.122,0.99524042
2.123,0.99524902
2.124,0.99525763
2.125,0.99526624
2.126,0.99527484
2.127,0.99528345
2.128,0.99529206
2.129,0.99530066
2.13,0.99530927
2.131,0.99531788
2.132,0.99532648
2.133,0.99533509
2.134,0.9953437
2.135,0.9953523
2.136,0.99536091
2.137,0.99536952
2.138,0.99537812
2.139,0.99538673
2.14,0.99539534
2.141,0.99540809
2.142,0.99542085
2.143,0.9954336
2.144,0.99544636
2.145,0.99545911
2.146,0.99547187
2.147,0.99548463
2.148,0.99549738
2.149,0.99551014
2.15,0.99552289
2.151,0.99553565
2.152,0.9955484
2.153,0.99556116
2.154,0.99557391
2.155,0.99558667
2.156,0.99559942
2.157,0.99561218
2.158,0.99562493
2.159,0.99563769
2.16,0.99565044
2.161,0.99565546
2.162,0.99566048
2.163,0.9956655
2.164,0.99567052
2.165,0.99567554
2.166,0.99568056
2.167,0.99568558
2.168,0.9956906
2.169,0.99569561
2.17,0.99570063
2.171,0.99570565
2.172,0.99571067
2.173,0.99571569
2.174,0.99572071
2.175,0.99572573
2.176,0.99573075
2.177,0.99573577
2.178,0.99574078
2.179,0.9957458
2.18,0.99575082
2.181,0.99575518
2.182,0.99575954
2.183,0.99576389
2.184,0.99576825
2.185,0.99577261
2.186,0.99577697
2.187,0.99578132
2.188,0.99578568
2.189,0.99579004
2.19,0.9957944
2.191,0.99579876
2.192,0.99580311
2.193,0.99580747
2.194,0.99581183
2.195,0.99581619
2.196,0.99582054
2.197,0.9958249
2.198,0.99582926
2.199,0.99583362
2.2,0.99583797
2.201,0.99584031
2.202,0.99584265
2.203,0.99584499
2.204,0.99584732
2.205,0.99584966
2.206,0.995852
2.207,0.99585434
2.208,0.99585668
2.209,0.99585901
2.21,0.99586135
2.211,0.99586369
2.212,0.99586603
2.213,0.99586836
2.214,0.9958707
2.215,0.99587304
2.216,0.99587538
2.217,0.99587772
2.218,0.99588005
2.219,0.99588239
2.22,0.99588473
2.221,0.99589684
2.222,0.99590896
2.223,0.99592107
2.224,0.99593318
2.225,0.9959453
2.226,0.99595741
2.227,0.99596952
2.228,0.99598164
2.229,0.99599375
2.23,0.99600587
2.231,0.99601798
2.232,0.99603009
2.233,0.99604221
2.234,0.99605432
2.235,0.99606643
2.236,0.99607855
2.237,0.99609066
2.238,0.99610277
2.239,0.99611489
2.24,0.996127
2.241,0.99613162
2.242,0.99613624
2.243,0.99614085
2.244,0.99614547
2.245,0.99615009
2.246,0.9961547
2.247,0.99615932
2.248,0.99616394
2.249,0.99616855
2.25,0.99617317
2.251,0.99617779
2.252,0.99618241
2.253,0.99618702
2.254,0.99619164
2.255,0.99619626
2.256,0.99620087
2.257,0.99620549
2.258,0.99621011
2.259,0.99621473
2.26,0.99621934
2.261,0.99622785
2.262,0.99623636
2.263,0.99624487
2.264,0.99625339
2.265,0.9962619
2.266,0.99627041
2.267,0.99627892
2.268,0.99628743
2.269,0.99629594
2.27,0.99630445
2.271,0.99631296
2.272,0.99632147
2.273,0.99632998
2.274,0.99633849
2.275,0.99634701
2.276,0.99635552
2.277,0.99636403
2.278,0.99637254
2.279,0.99638105
2.28,0.99638956
2.281,0.99639845
2.282,0.99640734
2.283,0.99641623
2.284,0.99642512
2.285,0.99643401
2.286,0.9964429
2.287,0.99645178
2.288,0.99646067
2.289,0.99646956
2.29,0.99647845
2.291,0.99648734
2.292,0.99649623
2.293,0.99650512
2.294,0.99651401
2.295,0.9965229
2.296,0.99653179
2.297,0.99654068
2.298,0.99654957
2.299,0.99655846
2.3,0.99656735
2.301,0.99657772
2.302,0.9965881
2.303,0.99659848
2.304,0.99660886
2.305,0.99661924
2.306,0.99662962
2.307,0.99664
2.308,0.99665038
2.309,0.99666076
2.31,0.99667114
2.311,0.99668152
2.312,0.9966919
2.313,0.99670228
2.314,0.99671265
2.315,0.99672303
2.316,0.99673341
2.317,0.99674379
2.318,0.99675417
2.319,0.99676455
2.32,0.99677493
2.321,0.99677924
2.322,0.99678354
2.323,0.99678785
2.324,0.99679216
2.325,0.99679647
2.326,0.99680077
2.327,0.99680508
2.328,0.99680939
2.329,0.9968137
2.33,0.996818
2.331,0.99682231
2.332,0.99682662
2.333,0.99683092
2.334,0.99683523
2.335,0.99683954
2.336,0.99684385
2.337,0.99684815
2.338,0.99685246
2.339,0.99685677
2.34,0.99686108
2.341,0.99686509
2.342,0.9968691
2.343,0.99687311
2.344,0.99687713
2.345,0.99688114
2.346,0.99688515
2.347,0.99688917
2.348,0.99689318
2.349,0.99689719
2.35,0.99690121
2.351,0.99690522
2.352,0.99690923
2.353,0.99691324
2.354,0.99691726
2.355,0.99692127
2.356,0.99692528
2.357,0.9969293
2.358,0.99693331
2.359,0.99693732
2.36,0.99694133
2.361,0.99694696
2.362,0.99695259
2.363,0.99695822
2.364,0.99696384
2.365,0.99696947
2.366,0.9969751
2.367,0.99698073
2.368,0.99698635
2.369,0.99699198
2.37,0.99699761
2.371,0.99700323
2.372,0.99700886
2.373,0.99701449
2.374,0.99702012
2.375,0.99702574
2.376,0.99703137
2.377,0.997037
2.378,0.99704262
2.379,0.99704825
2.38,0.99705388
2.381,0.99704909
2.382,0.9970443
2.383,0.99703952
2.384,0.99703473
2.385,0.99702994
2.386,0.99702516
2.387,0.99702037
2.388,0.99701558
2.389,0.99701079
2.39,0.99700601
2.391,0.99700122
2.392,0.99699643
2.393,0.99699164
2.394,0.99698686
2.395,0.99698207
2.396,0.99697728
2.397,0.9969725
2.398,0.99696771
2.399,0.99696292
2.4,0.99695813
2.401,0.9969574
2.402,0.99695667
2.403,0.99695594
2.404,0.99695522
2.405,0.99695449
2.406,0.99695376
2.407,0.99695303
2.408,0.9969523
2.409,0.99695157
2.41,0.99695084
2.411,0.99695011
2.412,0.99694938
2.413,0.99694865
2.414,0.99694792
2.415,0.99694719
2.416,0.99694646
2.417,0.99694573
2.418,0.996945
2.419,0.99694427
2.42,0.99694354
2.421,0.9969439
2.422,0.99694427
2.423,0.99694463
2.424,0.996945
2.425,0.99694536
2.426,0.99694573
2.427,0.99694609
2.428,0.99694646
2.429,0.99694682
2.43,0.99694719
2.431,0.99694755
2.432,0.99694792
2.433,0.99694828
2.434,0.99694865
2.435,0.99694901
2.436,0.99694938
2.437,0.99694974
2.438,0.99695011
2.439,0.99695047
2.44,0.99695084
2.441,0.99696034
2.442,0.99696984
2.443,0.99697934
2.444,0.99698884
2.445,0.99699834
2.446,0.99700785
2.447,0.99701735
2.448,0.99702685
2.449,0.99703635
2.45,0.99704585
2.451,0.99705535
2.452,0.99706486
2.453,0.99707436
2.454,0.99708386
2.455,0.99709336
2.456,0.99710286
2.457,0.99711236
2.458,0.99712186
2.459,0.99713137
2.46,0.99714087
2.461,0.99714329
2.462,0.99714572
2.463,0.99714814
2.464,0.99715057
2.465,0.99715299
2.466,0.99715542
2.467,0.99715784
2.468,0.99716027
2.469,0.99716269
2.47,0.99716511
2.471,0.99716754
2.472,0.99716996
2.473,0.99717239
2.474,0.99717481
2.475,0.99717724
2.476,0.99717966
2.477,0.99718209
2.478,0.99718451
2.479,0.99718694
2.48,0.99718936
2.481,0.99719383
2.482,0.99719829
2.483,0.99720275
2.484,0.99720722
2.485,0.99721168
2.486,0.99721615
2.487,0.99722061
2.488,0.99722508
2.489,0.99722954
2.49,0.997234
2.491,0.99723847
2.492,0.99724293
2.493,0.9972474
2.494,0.99725186
2.495,0.99725632
2.496,0.99726079
2.497,0.99726525
2.498,0.99726972
2.499,0.99727418
2.5,0.99727865
2.501,0.99728522
2.502,0.9972918
2.503,0.99729838
2.504,0.99730496
2.505,0.99731154
2.506,0.99731812
2.507,0.9973247
2.508,0.99733128
2.509,0.99733786
2.51,0.99734444
2.511,0.99735102
2.512,0.9973576
2.513,0.99736417
2.514,0.99737075
2.515,0.99737733
2.516,0.99738391
2.517,0.99739049
2.518,0.99739707
2.519,0.99740365
2.52,0.99741023
2.521,0.99741389
2.522,0.99741756
2.523,0.99742122
2.524,0.99742488
2.525,0.99742855
2.526,0.99743221
2.527,0.99743587
2.528,0.99743954
2.529,0.9974432
2.53,0.99744687
2.531,0.99745053
2.532,0.99745419
2.533,0.99745786
2.534,0.99746152
2.535,0.99746518
2.536,0.99746885
2.537,0.99747251
2.538,0.99747618
2.539,0.99747984
2.54,0.9974835
2.541,0.99748928
2.542,0.99749505
2.543,0.99750083
2.544,0.99750661
2.545,0.99751238
2.546,0.99751816
2.547,0.99752393
2.548,0.99752971
2.549,0.99753549
2.55,0.99754126
2.551,0.99754704
2.552,0.99755281
2.553,0.99755859
2.554,0.99756437
2.555,0.99757014
2.556,0.99757592
2.557,0.99758169
2.558,0.99758747
2.559,0.99759325
2.56,0.99759902
2.561,0.99760908
2.562,0.99761915
2.563,0.99762921
2.564,0.99763927
2.565,0.99764934
2.566,0.9976594
2.567,0.99766946
2.568,0.99767953
2.569,0.99768959
2.57,0.99769965
2.571,0.99770972
2.572,0.99771978
2.573,0.99772984
2.574,0.99773991
2.575,0.99774997
2.576,0.99776003
2.577,0.9977701
2.578,0.99778016
2.579,0.99779022
2.58,0.99780029
2.581,0.99779761
2.582,0.99779494
2.583,0.99779227
2.584,0.9977896
2.585,0.99778693
2.586,0.99778425
2.587,0.99778158
2.588,0.99777891
2.589,0.99777624
2.59,0.99777356
2.591,0.99777089
2.592,0.99776822
2.593,0.99776555
2.594,0.99776287
2.595,0.9977602
2.596,0.99775753
2.597,0.99775486
2.598,0.99775218
2.599,0.99774951
2.6,0.99774684
2.601,0.99773223
2.602,0.99771763
2.603,0.99770302
2.604,0.99768841
2.605,0.99767381
2.606,0.9976592
2.607,0.99764459
2.608,0.99762999
2.609,0.99761538
2.61,0.99760077
2.611,0.99758617
2.612,0.99757156
2.613,0.99755695
2.614,0.99754235
2.615,0.99752774
2.616,0.99751314
2.617,0.99749853
2.618,0.99748392
2.619,0.99746932
2.62,0.99745471
2.621,0.99742877
2.622,0.99740283
2.623,0.99737689
2.624,0.99735094
2.625,0.997325
2.626,0.99729906
2.627,0.99727312
2.628,0.99724718
2.629,0.99722124
2.63,0.9971953
2.631,0.99716936
2.632,0.99714341
2.633,0.99711747
2.634,0.99709153
2.635,0.99706559
2.636,0.99703965
2.637,0.99701371
2.638,0.99698777
2.639,0.99696183
2.64,0.99693588
2.641,0.99673536
2.642,0.99653483
2.643,0.9963343
2.644,0.99613377
2.645,0.99593324
2.646,0.99573272
2.647,0.99553219
2.648,0.99533166
2.649,0.99513113
2.65,0.9949306
2.651,0.99473008
2.652,0.99452955
2.653,0.99432902
2.654,0.99412849
2.655,0.99392796
2.656,0.99372744
2.657,0.99352691
2.658,0.99332638
2.659,0.99312585
2.66,0.99292532
2.661,0.99284966
2.662,0.99277399
2.663,0.99269833
2.664,0.99262266
2.665,0.992547
2.666,0.99247133
2.667,0.99239567
2.668,0.99232
2.669,0.99224434
2.67,0.99216867
2.671,0.992093
2.672,0.99201734
2.673,0.99194167
2.674,0.99186601
2.675,0.99179034
2.676,0.99171468
2.677,0.99163901
2.678,0.99156335
2.679,0.99148768
2.68,0.99141202
2.681,0.99156725
2.682,0.99172249
2.683,0.99187772
2.684,0.99203296
2.685,0.99218819
2.686,0.99234343
2.687,0.99249867
2.688,0.9926539
2.689,0.99280914
2.69,0.99296437
2.691,0.99311961
2.692,0.99327485
2.693,0.99343008
2.694,0.99358532
2.695,0.99374055
2.696,0.99389579
2.697,0.99405103
2.698,0.99420626
2.699,0.9943615
2.7,0.99451673
2.701,0.9945292
2.702,0.99454167
2.703,0.99455414
2.704,0.99456661
2.705,0.99457908
2.706,0.99459155
2.707,0.99460402
2.708,0.99461649
2.709,0.99462896
2.71,0.99464143
2.711,0.9946539
2.712,0.99466637
2.713,0.99467884
2.714,0.99469131
2.715,0.99470378
2.716,0.99471625
2.717,0.99472872
2.718,0.99474119
2.719,0.99475366
2.72,0.99476613
2.721,0.99457053
2.722,0.99437492
2.723,0.99417932
2.724,0.99398372
2.725,0.99378812
2.726,0.99359252
2.727,0.99339692
2.728,0.99320131
2.729,0.99300571
2.73,0.99281011
2.731,0.99261451
2.732,0.99241891
2.733,0.99222331
2.734,0.99202771
2.735,0.9918321
2.736,0.9916365
2.737,0.9914409
2.738,0.9912453
2.739,0.9910497
2.74,0.9908541
2.741,0.99051846
2.742,0.99018282
2.743,0.98984719
2.744,0.98951155
2.745,0.98917591
2.746,0.98884028
2.747,0.98850464
2.748,0.988169
2.749,0.98783336
2.75,0.98749773
2.751,0.98716209
2.752,0.98682645
2.753,0.98649082
2.754,0.98615518
2.755,0.98581954
2.756,0.98548391
2.757,0.98514827
2.758,0.98481263
2.759,0.984477
2.76,0.98414136
2.761,0.9838991
2.762,0.98365684
2.763,0.98341458
2.764,0.98317232
2.765,0.98293006
2.766,0.9826878
2.767,0.98244554
2.768,0.98220328
2.769,0.98196102
2.77,0.98171876
2.771,0.9814765
2.772,0.98123424
2.773,0.98099198
2.774,0.98074973
2.775,0.98050747
2.776,0.98026521
2.777,0.98002295
2.778,0.97978069
2.779,0.97953843
2.78,0.97929617
2.781,0.97914259
2.782,0.97898902
2.783,0.97883545
2.784,0.97868188
2.785,0.9785283
2.786,0.97837473
2.787,0.97822116
2.788,0.97806758
2.789,0.97791401
2.79,0.97776044
2.791,0.97760686
2.792,0.97745329
2.793,0.97729972
2.794,0.97714614
2.795,0.97699257
2.796,0.976839
2.797,0.97668542
2.798,0.97653185
2.799,0.97637828
2.8,0.9762247
2.801,0.97609421
2.802,0.97596372
2.803,0.97583322
2.804,0.97570273
2.805,0.97557224
2.806,0.97544174
2.807,0.97531125
2.808,0.97518075
2.809,0.97505026
2.81,0.97491977
2.811,0.97478927
2.812,0.97465878
2.813,0.97452828
2.814,0.97439779
2.815,0.9742673
2.816,0.9741368
2.817,0.97400631
2.818,0.97387581
2.819,0.97374532
2.82,0.97361483
2.821,0.97352915
2.822,0.97344347
2.823,0.97335779
2.824,0.97327211
2.825,0.97318643
2.826,0.97310075
2.827,0.97301507
2.828,0.97292939
2.829,0.97284371
2.83,0.97275803
2.831,0.97267235
2.832,0.97258667
2.833,0.97250099
2.834,0.97241531
2.835,0.97232963
2.836,0.97224395
2.837,0.97215827
2.838,0.97207259
2.839,0.97198691
2.84,0.97190123
2.841,0.97185247
2.842,0.9718037
2.843,0.97175494
2.844,0.97170617
2.845,0.97165741
2.846,0.97160864
2.847,0.97155988
2.848,0.97151111
2.849,0.97146234
2.85,0.97141358
2.851,0.97136481
2.852,0.97131605
2.853,0.97126728
2.854,0.97121852
2.855,0.97116975
2.856,0.97112099
2.857,0.97107222
2.858,0.97102346
2.859,0.97097469
2.86,0.97092593
2.861,0.97093163
2.862,0.97093733
2.863,0.97094303
2.864,0.97094873
2.865,0.97095443
2.866,0.97096014
2.867,0.97096584
2.868,0.97097154
2.869,0.97097724
2.87,0.97098294
2.871,0.97098864
2.872,0.97099434
2.873,0.97100005
2.874,0.97100575
2.875,0.97101145
2.876,0.97101715
2.877,0.97102285
2.878,0.97102855
2.879,0.97103425
2.88,0.97103995
2.881,0.97102698
2.882,0.971014
2.883,0.97100102
2.884,0.97098804
2.885,0.97097506
2.886,0.97096208
2.887,0.97094911
2.888,0.97093613
2.889,0.97092315
2.89,0.97091017
2.891,0.97089719
2.892,0.97088421
2.893,0.97087123
2.894,0.97085826
2.895,0.97084528
2.896,0.9708323
2.897,0.97081932
2.898,0.97080634
2.899,0.97079336
2.9,0.97078038
2.901,0.97081199
2.902,0.97084361
2.903,0.97087522
2.904,0.97090683
2.905,0.97093844
2.906,0.97097005
2.907,0.97100166
2.908,0.97103327
2.909,0.97106488
2.91,0.97109649
2.911,0.9711281
2.912,0.97115971
2.913,0.97119132
2.914,0.97122293
2.915,0.97125454
2.916,0.97128615
2.917,0.97131776
2.918,0.97134937
2.919,0.97138098
2.92,0.97141259
2.921,0.97144534
2.922,0.97147809
2.923,0.97151084
2.924,0.97154359
2.925,0.97157634
2.926,0.97160909
2.927,0.97164183
2.928,0.97167458
2.929,0.97170733
2.93,0.97174008
2.931,0.97177283
2.932,0.97180558
2.933,0.97183833
2.934,0.97187108
2.935,0.97190383
2.936,0.97193658
2.937,0.97196933
2.938,0.97200208
2.939,0.97203482
2.94,0.97206757
2.941,0.97210716
2.942,0.97214674
2.943,0.97218633
2.944,0.97222591
2.945,0.97226549
2.946,0.97230508
2.947,0.97234466
2.948,0.97238425
2.949,0.97242383
2.95,0.97246342
2.951,0.972503
2.952,0.97254258
2.953,0.97258217
2.954,0.97262175
2.955,0.97266134
2.956,0.97270092
2.957,0.97274051
2.958,0.97278009
2.959,0.97281967
2.96,0.97285926
2.961,0.97292026
2.962,0.97298126
2.963,0.97304226
2.964,0.97310326
2.965,0.97316426
2.966,0.97322526
2.967,0.97328625
2.968,0.97334725
2.969,0.97340825
2.97,0.97346925
2.971,0.97353025
2.972,0.97359125
2.973,0.97365225
2.974,0.97371325
2.975,0.97377425
2.976,0.97383525
2.977,0.97389625
2.978,0.97395725
2.979,0.97401825
2.98,0.97407925
2.981,0.97413302
2.982,0.97418679
2.983,0.97424056
2.984,0.97429433
2.985,0.9743481
2.986,0.97440187
2.987,0.97445565
2.988,0.97450942
2.989,0.97456319
2.99,0.97461696
2.991,0.97467073
2.992,0.9747245
2.993,0.97477827
2.994,0.97483204
2.995,0.97488581
2.996,0.97493958
2.997,0.97499335
2.998,0.97504712
2.999,0.97510089
3,0.97515467
3.001,0.97519877
3.002,0.97524287
3.003,0.97528697
3.004,0.97533107
3.005,0.97537518
3.006,0.97541928
3.007,0.97546338
3.008,0.97550748
3.009,0.97555158
3.01,0.97559569
3.011,0.97563979
3.012,0.97568389
3.013,0.97572799
3.014,0.9757721
3.015,0.9758162
3.016,0.9758603
3.017,0.9759044
3.018,0.9759485
3.019,0.97599261
3.02,0.97603671
3.021,0.97611318
3.022,0.97618966
3.023,0.97626614
3.024,0.97634261
3.025,0.97641909
3.026,0.97649557
3.027,0.97657205
3.028,0.97664852
3.029,0.976725
3.03,0.97680148
3.031,0.97687795
3.032,0.97695443
3.033,0.97703091
3.034,0.97710738
3.035,0.97718386
3.036,0.97726034
3.037,0.97733681
3.038,0.97741329
3.039,0.97748977
3.04,0.97756624
3.041,0.97762879
3.042,0.97769135
3.043,0.9777539
3.044,0.97781645
3.045,0.977879
3.046,0.97794155
3.047,0.97800411
3.048,0.97806666
3.049,0.97812921
3.05,0.97819176
3.051,0.97825431
3.052,0.97831687
3.053,0.97837942
3.054,0.97844197
3.055,0.97850452
3.056,0.97856707
3.057,0.97862963
3.058,0.97869218
3.059,0.97875473
3.06,0.97881728
3.061,0.97885542
3.062,0.97889355
3.063,0.97893169
3.064,0.97896983
3.065,0.97900796
3.066,0.9790461
3.067,0.97908424
3.068,0.97912237
3.069,0.97916051
3.07,0.97919864
3.071,0.97923678
3.072,0.97927492
3.073,0.97931305
3.074,0.97935119
3.075,0.97938933
3.076,0.97942746
3.077,0.9794656
3.078,0.97950373
3.079,0.97954187
3.08,0.97958001
3.081,0.97962302
3.082,0.97966604
3.083,0.97970906
3.084,0.97975207
3.085,0.97979509
3.086,0.97983811
3.087,0.97988112
3.088,0.97992414
3.089,0.97996716
3.09,0.98001018
3.091,0.98005319
3.092,0.98009621
3.093,0.98013923
3.094,0.98018224
3.095,0.98022526
3.096,0.98026828
3.097,0.98031129
3.098,0.98035431
3.099,0.98039733
3.1,0.98044034
3.101,0.98046837
3.102,0.98049639
3.103,0.98052442
3.104,0.98055245
3.105,0.98058047
3.106,0.9806085
3.107,0.98063652
3.108,0.98066455
3.109,0.98069257
3.11,0.9807206
3.111,0.98074862
3.112,0.98077665
3.113,0.98080467
3.114,0.9808327
3.115,0.98086073
3.116,0.98088875
3.117,0.98091678
3.118,0.9809448
3.119,0.98097283
3.12,0.98100085
3.121,0.98102061
3.122,0.98104036
3.123,0.98106012
3.124,0.98107988
3.125,0.98109963
3.126,0.98111939
3.127,0.98113914
3.128,0.9811589
3.129,0.98117866
3.13,0.98119841
3.131,0.98121817
3.132,0.98123792
3.133,0.98125768
3.134,0.98127743
3.135,0.98129719
3.136,0.98131695
3.137,0.9813367
3.138,0.98135646
3.139,0.98137621
3.14,0.98139597
3.141,0.98139608
3.142,0.98139618
3.143,0.98139629
3.144,0.9813964
3.145,0.98139651
3.146,0.98139661
3.147,0.98139672
3.148,0.98139683
3.149,0.98139694
3.15,0.98139704
3.151,0.98139715
3.152,0.98139726
3.153,0.98139737
3.154,0.98139747
3.155,0.98139758
3.156,0.98139769
3.157,0.9813978
3.158,0.9813979
3.159,0.98139801
3.16,0.98139812
3.161,0.98138784
3.162,0.98137757
3.163,0.98136729
3.164,0.98135701
3.165,0.98134674
3.166,0.98133646
3.167,0.98132618
3.168,0.9813159
3.169,0.98130563
3.17,0.98129535
3.171,0.98128507
3.172,0.9812748
3.173,0.98126452
3.174,0.98125424
3.175,0.98124397
3.176,0.98123369
3.177,0.98122341
3.178,0.98121314
3.179,0.98120286
3.18,0.98119258
3.181,0.98117512
3.182,0.98115766
3.183,0.9811402
3.184,0.98112274
3.185,0.98110528
3.186,0.98108782
3.187,0.98107036
3.188,0.9810529
3.189,0.98103544
3.19,0.98101798
3.191,0.98100052
3.192,0.98098306
3.193,0.9809656
3.194,0.98094814
3.195,0.98093069
3.196,0.98091323
3.197,0.98089577
3.198,0.98087831
3.199,0.98086085
3.2,0.98084339
3.201,0.98081167
3.202,0.98077994
3.203,0.98074822
3.204,0.9807165
3.205,0.98068478
3.206,0.98065306
3.207,0.98062134
3.208,0.98058962
3.209,0.9805579
3.21,0.98052618
3.211,0.98049446
3.212,0.98046274
3.213,0.98043102
3.214,0.9803993
3.215,0.98036758
3.216,0.98033586
3.217,0.98030413
3.218,0.98027241
3.219,0.98024069
3.22,0.98020897
3.221,0.98017606
3.222,0.98014316
3.223,0.98011025
3.224,0.98007734
3.225,0.98004443
3.226,0.98001152
3.227,0.97997861
3.228,0.97994571
3.229,0.9799128
3.23,0.97987989
3.231,0.97984698
3.232,0.97981407
3.233,0.97978116
3.234,0.97974826
3.235,0.97971535
3.236,0.97968244
3.237,0.97964953
3.238,0.97961662
3.239,0.97958371
3.24,0.97955081
3.241,0.97950695
3.242,0.97946309
3.243,0.97941923
3.244,0.97937537
3.245,0.97933151
3.246,0.97928765
3.247,0.97924379
3.248,0.97919993
3.249,0.97915607
3.25,0.97911221
3.251,0.97906835
3.252,0.97902448
3.253,0.97898062
3.254,0.97893676
3.255,0.9788929
3.256,0.97884904
3.257,0.97880518
3.258,0.97876132
3.259,0.97871746
3.26,0.9786736
3.261,0.97860969
3.262,0.97854578
3.263,0.97848186
3.264,0.97841795
3.265,0.97835403
3.266,0.97829012
3.267,0.97822621
3.268,0.97816229
3.269,0.97809838
3.27,0.97803446
3.271,0.97797055
3.272,0.97790664
3.273,0.97784272
3.274,0.97777881
3.275,0.97771489
3.276,0.97765098
3.277,0.97758707
3.278,0.97752315
3.279,0.97745924
3.28,0.97739532
3.281,0.97733489
3.282,0.97727447
3.283,0.97721404
3.284,0.97715361
3.285,0.97709318
3.286,0.97703275
3.287,0.97697232
3.288,0.9769119
3.289,0.97685147
3.29,0.97679104
3.291,0.97673061
3.292,0.97667018
3.293,0.97660975
3.294,0.97654932
3.295,0.9764889
3.296,0.97642847
3.297,0.97636804
3.298,0.97630761
3.299,0.97624718
3.3,0.97618675
3.301,0.97610439
3.302,0.97602202
3.303,0.97593966
3.304,0.97585729
3.305,0.97577493
3.306,0.97569256
3.307,0.9756102
3.308,0.97552783
3.309,0.97544547
3.31,0.9753631
3.311,0.97528074
3.312,0.97519837
3.313,0.97511601
3.314,0.97503364
3.315,0.97495127
3.316,0.97486891
3.317,0.97478654
3.318,0.97470418
3.319,0.97462181
3.32,0.97453945
3.321,0.97444392
3.322,0.97434839
3.323,0.97425286
3.324,0.97415733
3.325,0.9740618
3.326,0.97396627
3.327,0.97387074
3.328,0.97377521
3.329,0.97367968
3.33,0.97358415
3.331,0.97348862
3.332,0.97339309
3.333,0.97329756
3.334,0.97320203
3.335,0.9731065
3.336,0.97301097
3.337,0.97291544
3.338,0.97281991
3.339,0.97272438
3.34,0.97262885
3.341,0.97249495
3.342,0.97236106
3.343,0.97222716
3.344,0.97209326
3.345,0.97195937
3.346,0.97182547
3.347,0.97169157
3.348,0.97155768
3.349,0.97142378
3.35,0.97128988
3.351,0.97115599
3.352,0.97102209
3.353,0.97088819
3.354,0.9707543
3.355,0.9706204
3.356,0.9704865
3.357,0.97035261
3.358,0.97021871
3.359,0.97008481
3.36,0.96995092
3.361,0.9698005
3.362,0.96965009
3.363,0.96949968
3.364,0.96934926
3.365,0.96919885
3.366,0.96904843
3.367,0.96889802
3.368,0.9687476
3.369,0.96859719
3.37,0.96844677
3.371,0.96829636
3.372,0.96814595
3.373,0.96799553
3.374,0.96784512
3.375,0.9676947
3.376,0.96754429
3.377,0.96739387
3.378,0.96724346
3.379,0.96709305
3.38,0.96694263
3.381,0.9668135
3.382,0.96668437
3.383,0.96655523
3.384,0.9664261
3.385,0.96629697
3.386,0.96616784
3.387,0.9660387
3.388,0.96590957
3.389,0.96578044
3.39,0.96565131
3.391,0.96552217
3.392,0.96539304
3.393,0.96526391
3.394,0.96513478
3.395,0.96500564
3.396,0.96487651
3.397,0.96474738
3.398,0.96461825
3.399,0.96448912
3.4,0.96435998
3.401,0.9643203
3.402,0.96428062
3.403,0.96424094
3.404,0.96420126
3.405,0.96416158
3.406,0.96412189
3.407,0.96408221
3.408,0.96404253
3.409,0.96400285
3.41,0.96396317
3.411,0.96392349
3.412,0.9638838
3.413,0.96384412
3.414,0.96380444
3.415,0.96376476
3.416,0.96372508
3.417,0.9636854
3.418,0.96364572
3.419,0.96360603
3.42,0.96356635
3.421,0.96345213
3.422,0.9633379
3.423,0.96322367
3.424,0.96310944
3.425,0.96299522
3.426,0.96288099
3.427,0.96276676
3.428,0.96265254
3.429,0.96253831
3.43,0.96242408
3.431,0.96230986
3.432,0.96219563
3.433,0.9620814
3.434,0.96196718
3.435,0.96185295
3.436,0.96173872
3.437,0.96162449
3.438,0.96151027
3.439,0.96139604
3.44,0.96128181
3.441,0.96110147
3.442,0.96092112
3.443,0.96074078
3.444,0.96056043
3.445,0.96038009
3.446,0.96019975
3.447,0.9600194
3.448,0.95983906
3.449,0.95965871
3.45,0.95947837
3.451,0.95929802
3.452,0.95911768
3.453,0.95893733
3.454,0.95875699
3.455,0.95857664
3.456,0.9583963
3.457,0.95821595
3.458,0.95803561
3.459,0.95785526
3.46,0.95767492
3.461,0.95738056
3.462,0.95708621
3.463,0.95679185
3.464,0.9564975
3.465,0.95620314
3.466,0.95590879
3.467,0.95561443
3.468,0.95532007
3.469,0.95502572
3.47,0.95473136
3.471,0.95443701
3.472,0.95414265
3.473,0.9538483
3.474,0.95355394
3.475,0.95325959
3.476,0.95296523
3.477,0.95267087
3.478,0.95237652
3.479,0.95208216
3.48,0.95178781
3.481,0.95170862
3.482,0.95162944
3.483,0.95155025
3.484,0.95147106
3.485,0.95139188
3.486,0.95131269
3.487,0.95123351
3.488,0.95115432
3.489,0.95107514
3.49,0.95099595
3.491,0.95091676
3.492,0.95083758
3.493,0.95075839
3.494,0.95067921
3.495,0.95060002
3.496,0.95052083
3.497,0.95044165
3.498,0.95036246
3.499,0.95028328
3.5,0.95020409
3.501,0.94987465
3.502,0.94954521
3.503,0.94921576
3.504,0.94888632
3.505,0.94855688
3.506,0.94822744
3.507,0.947898
3.508,0.94756855
3.509,0.94723911
3.51,0.94690967
3.511,0.94658023
3.512,0.94625078
3.513,0.94592134
3.514,0.9455919
3.515,0.94526246
3.516,0.94493302
3.517,0.94460357
3.518,0.94427413
3.519,0.94394469
3.52,0.94361525
3.521,0.94348715
3.522,0.94335905
3.523,0.94323096
3.524,0.94310286
3.525,0.94297476
3.526,0.94284667
3.527,0.94271857
3.528,0.94259047
3.529,0.94246238
3.53,0.94233428
3.531,0.94220618
3.532,0.94207809
3.533,0.94194999
3.534,0.94182189
3.535,0.9416938
3.536,0.9415657
3.537,0.9414376
3.538,0.94130951
3.539,0.94118141
3.54,0.94105331
3.541,0.94072932
3.542,0.94040532
3.543,0.94008132
3.544,0.93975733
3.545,0.93943333
3.546,0.93910934
3.547,0.93878534
3.548,0.93846135
3.549,0.93813735
3.55,0.93781335
3.551,0.93748936
3.552,0.93716536
3.553,0.93684137
3.554,0.93651737
3.555,0.93619337
3.556,0.93586938
3.557,0.93554538
3.558,0.93522139
3.559,0.93489739
3.56,0.9345734
3.561,0.93442706
3.562,0.93428072
3.563,0.93413438
3.564,0.93398804
3.565,0.9338417
3.566,0.93369536
3.567,0.93354902
3.568,0.93340268
3.569,0.93325634
3.57,0.93311
3.571,0.93296366
3.572,0.93281732
3.573,0.93267098
3.574,0.93252464
3.575,0.9323783
3.576,0.93223196
3.577,0.93208562
3.578,0.93193928
3.579,0.93179294
3.58,0.9316466
3.581,0.93128814
3.582,0.93092968
3.583,0.93057122
3.584,0.93021277
3.585,0.92985431
3.586,0.92949585
3.587,0.92913739
3.588,0.92877894
3.589,0.92842048
3.59,0.92806202
3.591,0.92770356
3.592,0.9273451
3.593,0.92698665
3.594,0.92662819
3.595,0.92626973
3.596,0.92591127
3.597,0.92555281
3.598,0.92519436
3.599,0.9248359
3.6,0.92447744
3.601,0.92430191
3.602,0.92412638
3.603,0.92395084
3.604,0.92377531
3.605,0.92359978
3.606,0.92342425
3.607,0.92324871
3.608,0.92307318
3.609,0.92289765
3.61,0.92272212
3.611,0.92254658
3.612,0.92237105
3.613,0.92219552
3.614,0.92201998
3.615,0.92184445
3.616,0.92166892
3.617,0.92149339
3.618,0.92131785
3.619,0.92114232
3.62,0.92096679
3.621,0.92049102
3.622,0.92001525
3.623,0.91953948
3.624,0.91906372
3.625,0.91858795
3.626,0.91811218
3.627,0.91763641
3.628,0.91716064
3.629,0.91668487
3.63,0.91620911
3.631,0.91573334
3.632,0.91525757
3.633,0.9147818
3.634,0.91430603
3.635,0.91383026
3.636,0.9133545
3.637,0.91287873
3.638,0.91240296
3.639,0.91192719
3.64,0.91145142
3.641,0.9112389
3.642,0.91102638
3.643,0.91081386
3.644,0.91060134
3.645,0.91038882
3.646,0.9101763
3.647,0.90996378
3.648,0.90975126
3.649,0.90953874
3.65,0.90932622
3.651,0.9091137
3.652,0.90890118
3.653,0.90868866
3.654,0.90847614
3.655,0.90826361
3.656,0.90805109
3.657,0.90783857
3.658,0.90762605
3.659,0.90741353
3.66,0.90720101
3.661,0.90659566
3.662,0.9059903
3.663,0.90538494
3.664,0.90477958
3.665,0.90417423
3.666,0.90356887
3.667,0.90296351
3.668,0.90235816
3.669,0.9017528
3.67,0.90114744
3.671,0.90054209
3.672,0.89993673
3.673,0.89933137
3.674,0.89872602
3.675,0.89812066
3.676,0.8975153
3.677,0.89690995
3.678,0.89630459
3.679,0.89569923
3.68,0.89509388
3.681,0.89488632
3.682,0.89467877
3.683,0.89447121
3.684,0.89426366
3.685,0.8940561
3.686,0.89384855
3.687,0.893641
3.688,0.89343344
3.689,0.89322589
3.69,0.89301833
3.691,0.89281078
3.692,0.89260323
3.693,0.89239567
3.694,0.89218812
3.695,0.89198056
3.696,0.89177301
3.697,0.89156545
3.698,0.8913579
3.699,0.89115035
3.7,0.89094279
3.701,0.89026887
3.702,0.88959494
3.703,0.88892101
3.704,0.88824709
3.705,0.88757316
3.706,0.88689924
3.707,0.88622531
3.708,0.88555139
3.709,0.88487746
3.71,0.88420353
3.711,0.88352961
3.712,0.88285568
3.713,0.88218176
3.714,0.88150783
3.715,0.88083391
3.716,0.88015998
3.717,0.87948605
3.718,0.87881213
3.719,0.8781382
3.72,0.87746428
3.721,0.87718992
3.722,0.87691555
3.723,0.87664119
3.724,0.87636683
3.725,0.87609247
3.726,0.87581811
3.727,0.87554375
3.728,0.87526939
3.729,0.87499503
3.73,0.87472066
3.731,0.8744463
3.732,0.87417194
3.733,0.87389758
3.734,0.87362322
3.735,0.87334886
3.736,0.8730745
3.737,0.87280013
3.738,0.87252577
3.739,0.87225141
3.74,0.87197705
3.741,0.87131326
3.742,0.87064947
3.743,0.86998569
3.744,0.8693219
3.745,0.86865811
3.746,0.86799432
3.747,0.86733053
3.748,0.86666674
3.749,0.86600295
3.75,0.86533917
3.751,0.86467538
3.752,0.86401159
3.753,0.8633478
3.754,0.86268401
3.755,0.86202022
3.756,0.86135643
3.757,0.86069265
3.758,0.86002886
3.759,0.85936507
3.76,0.85870128
3.761,0.85835726
3.762,0.85801324
3.763,0.85766923
3.764,0.85732521
3.765,0.85698119
3.766,0.85663717
3.767,0.85629316
3.768,0.85594914
3.769,0.85560512
3.77,0.8552611
3.771,0.85491708
3.772,0.85457307
3.773,0.85422905
3.774,0.85388503
3.775,0.85354101
3.776,0.85319699
3.777,0.85285298
3.778,0.85250896
3.779,0.85216494
3.78,0.85182092
3.781,0.85118068
3.782,0.85054044
3.783,0.8499002
3.784,0.84925996
3.785,0.84861972
3.786,0.84797948
3.787,0.84733924
3.788,0.846699
3.789,0.84605876
3.79,0.84541852
3.791,0.84477828
3.792,0.84413803
3.793,0.84349779
3.794,0.84285755
3.795,0.84221731
3.796,0.84157707
3.797,0.84093683
3.798,0.84029659
3.799,0.83965635
3.8,0.83901611
3.801,0.83861225
3.802,0.8382084
3.803,0.83780454
3.804,0.83740069
3.805,0.83699683
3.806,0.83659298
3.807,0.83618912
3.808,0.83578527
3.809,0.83538141
3.81,0.83497755
3.811,0.8345737
3.812,0.83416984
3.813,0.83376599
3.814,0.83336213
3.815,0.83295828
3.816,0.83255442
3.817,0.83215057
3.818,0.83174671
3.819,0.83134286
3.82,0.830939
3.821,0.83018373
3.822,0.82942847
3.823,0.8286732
3.824,0.82791793
3.825,0.82716266
3.826,0.8264074
3.827,0.82565213
3.828,0.82489686
3.829,0.82414159
3.83,0.82338633
3.831,0.82263106
3.832,0.82187579
3.833,0.82112053
3.834,0.82036526
3.835,0.81960999
3.836,0.81885472
3.837,0.81809946
3.838,0.81734419
3.839,0.81658892
3.84,0.81583366
3.841,0.81528091
3.842,0.81472816
3.843,0.81417542
3.844,0.81362267
3.845,0.81306993
3.846,0.81251718
3.847,0.81196444
3.848,0.81141169
3.849,0.81085895
3.85,0.8103062
3.851,0.80975346
3.852,0.80920071
3.853,0.80864797
3.854,0.80809522
3.855,0.80754248
3.856,0.80698973
3.857,0.80643699
3.858,0.80588424
3.859,0.8053315
3.86,0.80477875
3.861,0.80387175
3.862,0.80296474
3.863,0.80205773
3.864,0.80115072
3.865,0.80024372
3.866,0.79933671
3.867,0.7984297
3.868,0.7975227
3.869,0.79661569
3.87,0.79570868
3.871,0.79480168
3.872,0.79389467
3.873,0.79298766
3.874,0.79208065
3.875,0.79117365
3.876,0.79026664
3.877,0.78935963
3.878,0.78845263
3.879,0.78754562
3.88,0.78663861
3.881,0.78602871
3.882,0.78541881
3.883,0.78480892
3.884,0.78419902
3.885,0.78358912
3.886,0.78297922
3.887,0.78236932
3.888,0.78175942
3.889,0.78114952
3.89,0.78053962
3.891,0.77992972
3.892,0.77931982
3.893,0.77870992
3.894,0.77810003
3.895,0.77749013
3.896,0.77688023
3.897,0.77627033
3.898,0.77566043
3.899,0.77505053
3.9,0.77444063
3.901,0.77343738
3.902,0.77243414
3.903,0.77143089
3.904,0.77042764
3.905,0.76942439
3.906,0.76842114
3.907,0.7674179
3.908,0.76641465
3.909,0.7654114
3.91,0.76440815
3.911,0.7634049
3.912,0.76240166
3.913,0.76139841
3.914,0.76039516
3.915,0.75939191
3.916,0.75838866
3.917,0.75738542
3.918,0.75638217
3.919,0.75537892
3.92,0.75437567
3.921,0.75367304
3.922,0.7529704
3.923,0.75226777
3.924,0.75156513
3.925,0.7508625
3.926,0.75015986
3.927,0.74945723
3.928,0.7487546
3.929,0.74805196
3.93,0.74734933
3.931,0.74664669
3.932,0.74594406
3.933,0.74524142
3.934,0.74453879
3.935,0.74383615
3.936,0.74313352
3.937,0.74243089
3.938,0.74172825
3.939,0.74102562
3.94,0.74032298
3.941,0.73927612
3.942,0.73822927
3.943,0.73718241
3.944,0.73613555
3.945,0.73508869
3.946,0.73404184
3.947,0.73299498
3.948,0.73194812
3.949,0.73090126
3.95,0.72985441
3.951,0.72880755
3.952,0.72776069
3.953,0.72671383
3.954,0.72566698
3.955,0.72462012
3.956,0.72357326
3.957,0.7225264
3.958,0.72147955
3.959,0.72043269
3.96,0.71938583
3.961,0.71863142
3.962,0.717877
3.963,0.71712259
3.964,0.71636817
3.965,0.71561376
3.966,0.71485934
3.967,0.71410493
3.968,0.71335051
3.969,0.7125961
3.97,0.71184168
3.971,0.71108727
3.972,0.71033285
3.973,0.70957844
3.974,0.70882403
3.975,0.70806961
3.976,0.7073152
3.977,0.70656078
3.978,0.70580637
3.979,0.70505195
3.98,0.70429754
3.981,0.70242132
3.982,0.7005451
3.983,0.69866888
3.984,0.69679267
3.985,0.69491645
3.986,0.69304023
3.987,0.69116401
3.988,0.6892878
3.989,0.68741158
3.99,0.68553536
3.991,0.68365914
3.992,0.68178292
3.993,0.67990671
3.994,0.67803049
3.995,0.67615427
3.996,0.67427805
3.997,0.67240184
3.998,0.67052562
3.999,0.6686494
4,0.66677318
4.001,0.66598831
4.002,0.66520344
4.003,0.66441857
4.004,0.6636337
4.005,0.66284883
4.006,0.66206396
4.007,0.66127909
4.008,0.66049422
4.009,0.65970935
4.01,0.65892448
4.011,0.65813961
4.012,0.65735474
4.013,0.65656987
4.014,0.655785
4.015,0.65500013
4.016,0.65421526
4.017,0.65343039
4.018,0.65264552
4.019,0.65186065
4.02,0.65107578
4.021,0.64981267
4.022,0.64854956
4.023,0.64728645
4.024,0.64602335
4.025,0.64476024
4.026,0.64349713
4.027,0.64223402
4.028,0.64097091
4.029,0.6397078
4.03,0.63844469
4.031,0.63718158
4.032,0.63591847
4.033,0.63465536
4.034,0.63339225
4.035,0.63212914
4.036,0.63086603
4.037,0.62960292
4.038,0.62833981
4.039,0.6270767
4.04,0.62581359
4.041,0.62506922
4.042,0.62432484
4.043,0.62358046
4.044,0.62283609
4.045,0.62209171
4.046,0.62134734
4.047,0.62060296
4.048,0.61985858
4.049,0.61911421
4.05,0.61836983
4.051,0.61762546
4.052,0.61688108
4.053,0.61613671
4.054,0.61539233
4.055,0.61464795
4.056,0.61390358
4.057,0.6131592
4.058,0.61241483
4.059,0.61167045
4.06,0.61092608
4.061,0.6094957
4.062,0.60806532
4.063,0.60663495
4.064,0.60520457
4.065,0.60377419
4.066,0.60234382
4.067,0.60091344
4.068,0.59948307
4.069,0.59805269
4.07,0.59662231
4.071,0.59519194
4.072,0.59376156
4.073,0.59233118
4.074,0.59090081
4.075,0.58947043
4.076,0.58804006
4.077,0.58660968
4.078,0.5851793
4.079,0.58374893
4.08,0.58231855
4.081,0.58139814
4.082,0.58047773
4.083,0.57955731
4.084,0.5786369
4.085,0.57771649
4.086,0.57679607
4.087,0.57587566
4.088,0.57495525
4.089,0.57403483
4.09,0.57311442
4.091,0.57219401
4.092,0.57127359
4.093,0.57035318
4.094,0.56943277
4.095,0.56851236
4.096,0.56759194
4.097,0.56667153
4.098,0.56575112
4.099,0.5648307
4.1,0.56391029
4.101,0.56235633
4.102,0.56080238
4.103,0.55924842
4.104,0.55769446
4.105,0.5561405
4.106,0.55458655
4.107,0.55303259
4.108,0.55147863
4.109,0.54992468
4.11,0.54837072
4.111,0.54681676
4.112,0.54526281
4.113,0.54370885
4.114,0.54215489
4.115,0.54060093
4.116,0.53904698
4.117,0.53749302
4.118,0.53593906
4.119,0.53438511
4.12,0.53283115
4.121,0.5317845
4.122,0.53073785
4.123,0.52969119
4.124,0.52864454
4.125,0.52759789
4.126,0.52655124
4.127,0.52550459
4.128,0.52445793
4.129,0.52341128
4.13,0.52236463
4.131,0.52131798
4.132,0.52027133
4.133,0.51922468
4.134,0.51817802
4.135,0.51713137
4.136,0.51608472
4.137,0.51503807
4.138,0.51399142
4.139,0.51294477
4.14,0.51189811
4.141,0.51026531
4.142,0.5086325
4.143,0.5069997
4.144,0.50536689
4.145,0.50373408
4.146,0.50210128
4.147,0.50046847
4.148,0.49883566
4.149,0.49720286
4.15,0.49557005
4.151,0.49393725
4.152,0.49230444
4.153,0.49067163
4.154,0.48903883
4.155,0.48740602
4.156,0.48577321
4.157,0.48414041
4.158,0.4825076
4.159,0.4808748
4.16,0.47924199
4.161,0.47842407
4.162,0.47760615
4.163,0.47678823
4.164,0.47597031
4.165,0.47515239
4.166,0.47433447
4.167,0.47351655
4.168,0.47269863
4.169,0.47188071
4.17,0.47106279
4.171,0.47024487
4.172,0.46942695
4.173,0.46860903
4.174,0.46779111
4.175,0.46697319
4.176,0.46615527
4.177,0.46533735
4.178,0.46451943
4.179,0.46370151
4.18,0.46288359
4.181,0.4589404
4.182,0.45499722
4.183,0.45105403
4.184,0.44711085
4.185,0.44316766
4.186,0.43922448
4.187,0.43528129
4.188,0.43133811
4.189,0.42739492
4.19,0.42345174
4.191,0.41950855
4.192,0.41556537
4.193,0.41162219
4.194,0.407679
4.195,0.40373582
4.196,0.39979263
4.197,0.39584945
4.198,0.39190626
4.199,0.38796308
4.2,0.38401989
4.201,0.3850108
4.202,0.38600171
4.203,0.38699262
4.204,0.38798353
4.205,0.38897444
4.206,0.38996535
4.207,0.39095626
4.208,0.39194717
4.209,0.39293808
4.21,0.39392899
4.211,0.3949199
4.212,0.39591081
4.213,0.39690172
4.214,0.39789263
4.215,0.39888354
4.216,0.39987445
4.217,0.40086536
4.218,0.40185627
4.219,0.40284718
4.22,0.40383809
4.221,0.4033214
4.222,0.40280472
4.223,0.40228803
4.224,0.40177134
4.225,0.40125465
4.226,0.40073796
4.227,0.40022127
4.228,0.39970458
4.229,0.39918789
4.23,0.3986712
4.231,0.39815451
4.232,0.39763782
4.233,0.39712113
4.234,0.39660444
4.235,0.39608775
4.236,0.39557106
4.237,0.39505438
4.238,0.39453769
4.239,0.394021
4.24,0.39350431
4.241,0.39194485
4.242,0.39038539
4.243,0.38882593
4.244,0.38726647
4.245,0.38570701
4.246,0.38414755
4.247,0.38258809
4.248,0.38102863
4.249,0.37946917
4.25,0.3779097
4.251,0.37635024
4.252,0.37479078
4.253,0.37323132
4.254,0.37167186
4.255,0.3701124
4.256,0.36855294
4.257,0.36699348
4.258,0.36543402
4.259,0.36387456
4.26,0.3623151
4.261,0.36142441
4.262,0.36053372
4.263,0.35964303
4.264,0.35875233
4.265,0.35786164
4.266,0.35697095
4.267,0.35608026
4.268,0.35518957
4.269,0.35429887
4.27,0.35340818
4.271,0.35251749
4.272,0.3516268
4.273,0.35073611
4.274,0.34984541
4.275,0.34895472
4.276,0.34806403
4.277,0.34717334
4.278,0.34628265
4.279,0.34539195
4.28,0.34450126
4.281,0.34293592
4.282,0.34137057
4.283,0.33980522
4.284,0.33823988
4.285,0.33667453
4.286,0.33510919
4.287,0.33354384
4.288,0.33197849
4.289,0.33041315
4.29,0.3288478
4.291,0.32728246
4.292,0.32571711
4.293,0.32415176
4.294,0.32258642
4.295,0.32102107
4.296,0.31945573
4.297,0.31789038
4.298,0.31632503
4.299,0.31475969
4.3,0.31319434
4.301,0
4.302,0
4.303,0
4.304,0
4.305,0
4.306,0
4.307,0
4.308,0
4.309,0
4.31,0
4.311,0
4.312,0
4.313,0
4.314,0
4.315,0
4.316,0
4.317,0
4.318,0
4.319,0
4.32,0
4.321,0
4.322,0
4.323,0
4.324,0
4.325,0
4.326,0
4.327,0
4.328,0
4.329,0
4.33,0
4.331,0
4.332,0
4.333,0
4.334,0
4.335,0
4.336,0
4.337,0
4.338,0
4.339,0
4.34,0
4.341,0
4.342,0
4.343,0
4.344,0
4.345,0
4.346,0
4.347,0
4.348,0
4.349,0
4.35,0
4.351,0
4.352,0
4.353,0
4.354,0
4.355,0
4.356,0
4.357,0
4.358,0
4.359,0
4.36,0
4.361,0
4.362,0
4.363,0
4.364,0
4.365,0
4.366,0
4.367,0
4.368,0
4.369,0
4.37,0
4.371,0
4.372,0
4.373,0
4.374,0
4.375,0
4.376,0
4.377,0
4.378,0
4.379,0
4.38,0
4.381,0
4.382,0
4.383,0
4.384,0
4.385,0
4.386,0
4.387,0
4.388,0
4.389,0
4.39,0
4.391,0
4.392,0
4.393,0
4.394,0
4.395,0
4.396,0
4.397,0
4.398,0
4.399,0
4.4,0
4.401,0
4.402,0
4.403,0
4.404,0
4.405,0
4.406,0
4.407,0
4.408,0
4.409,0
4.41,0
4.411,0
4.412,0
4.413,0
4.414,0
4.415,0
4.416,0
4.417,0
4.418,0
4.419,0
4.42,0
4.421,0
4.422,0
4.423,0
4.424,0
4.425,0
4.426,0
4.427,0
4.428,0
4.429,0
4.43,0
4.431,0
4.432,0
4.433,0
4.434,0
4.435,0
4.436,0
4.437,0
4.438,0
4.439,0
4.44,0
4.441,0
4.442,0
4.443,0
4.444,0
4.445,0
4.446,0
4.447,0
4.448,0
4.449,0
4.45,0
4.451,0
4.452,0
4.453,0
4.454,0
4.455,0
4.456,0
4.457,0
4.458,0
4.459,0
4.46,0
4.461,0
4.462,0
4.463,0
4.464,0
4.465,0
4.466,0
4.467,0
4.468,0
4.469,0
4.47,0
4.471,0
4.472,0
4.473,0
4.474,0
4.475,0
4.476,0
4.477,0
4.478,0
4.479,0
4.48,0
4.481,0
4.482,0
4.483,0
4.484,0
4.485,0
4.486,0
4.487,0
4.488,0
4.489,0
4.49,0
4.491,0
4.492,0
4.493,0
4.494,0
4.495,0
4.496,0
4.497,0
4.498,0
4.499,0
4.5,0
4.501,0
4.502,0
4.503,0
4.504,0
4.505,0
4.506,0
4.507,0
4.508,0
4.509,0
4.51,0
4.511,0
4.512,0
4.513,0
4.514,0
4.515,0
4.516,0
4.517,0
4.518,0
4.519,0
4.52,0
4.521,0
4.522,0
4.523,0
4.524,0
4.525,0
4.526,0
4.527,0
4.528,0
4.529,0
4.53,0
4.531,0
4.532,0
4.533,0
4.534,0
4.535,0
4.536,0
4.537,0
4.538,0
4.539,0
4.54,0
4.541,0
4.542,0
4.543,0
4.544,0
4.545,0
4.546,0
4.547,0
4.548,0
4.549,0
4.55,0
4.551,0
4.552,0
4.553,0
4.554,0
4.555,0
4.556,0
4.557,0
4.558,0
4.559,0
4.56,0
4.561,0
4.562,0
4.563,0
4.564,0
4.565,0
4.566,0
4.567,0
4.568,0
4.569,0
4.57,0
4.571,0
4.572,0
4.573,0
4.574,0
4.575,0
4.576,0
4.577,0
4.578,0
4.579,0
4.58,0
4.581,0
4.582,0
4.583,0
4.584,0
4.585,0
4.586,0
4.587,0
4.588,0
4.589,0
4.59,0
4.591,0
4.592,0
4.593,0
4.594,0
4.595,0
4.596,0
4.597,0
4.598,0
4.599,0
4.6,0
4.601,0
4.602,0
4.603,0
4.604,0
4.605,0
4.606,0
4.607,0
4.608,0
4.609,0
4.61,0
4.611,0
4.612,0
4.613,0
4.614,0
4.615,0
4.616,0
4.617,0
4.618,0
4.619,0
4.62,0
4.621,0
4.622,0
4.623,0
4.624,0
4.625,0
4.626,0
4.627,0
4.628,0
4.629,0
4.63,0
4.631,0
4.632,0
4.633,0
4.634,0
4.635,0
4.636,0
4.637,0
4.638,0
4.639,0
4.64,0
4.641,0
4.642,0
4.643,0
4.644,0
4.645,0
4.646,0
4.647,0
4.648,0
4.649,0
4.65,0
4.651,0
4.652,0
4.653,0
4.654,0
4.655,0
4.656,0
4.657,0
4.658,0
4.659,0
4.66,0
4.661,0
4.662,0
4.663,0
4.664,0
4.665,0
4.666,0
4.667,0
4.668,0
4.669,0
4.67,0
4.671,0
4.672,0
4.673,0
4.674,0
4.675,0
4.676,0
4.677,0
4.678,0
4.679,0
4.68,0
4.681,0
4.682,0
4.683,0
4.684,0
4.685,0
4.686,0
4.687,0
4.688,0
4.689,0
4.69,0
4.691,0
4.692,0
4.693,0
4.694,0
4.695,0
4.696,0
4.697,0
4.698,0
4.699,0
4.7,0
4.701,0
4.702,0
4.703,0
4.704,0
4.705,0
4.706,0
4.707,0
4.708,0
4.709,0
4.71,0
4.711,0
4.712,0
4.713,0
4.714,0
4.715,0
4.716,0
4.717,0
4.718,0
4.719,0
4.72,0
4.721,0
4.722,0
4.723,0
4.724,0
4.725,0
4.726,0
4.727,0
4.728,0
4.729,0
4.73,0
4.731,0
4.732,0
4.733,0
4.734,0
4.735,0
4.736,0
4.737,0
4.738,0
4.739,0
4.74,0
4.741,0
4.742,0
4.743,0
4.744,0
4.745,0
4.746,0
4.747,0
4.748,0
4.749,0
4.75,0
4.751,0
4.752,0
4.753,0
4.754,0
4.755,0
4.756,0
4.757,0
4.758,0
4.759,0
4.76,0
4.761,0
4.762,0
4.763,0
4.764,0
4.765,0
4.766,0
4.767,0
4.768,0
4.769,0
4.77,0
4.771,0
4.772,0
4.773,0
4.774,0
4.775,0
4.776,0
4.777,0
4.778,0
4.779,0
4.78,0
4.781,0
4.782,0
4.783,0
4.784,0
4.785,0
4.786,0
4.787,0
4.788,0
4.789,0
4.79,0
4.791,0
4.792,0
4.793,0
4.794,0
4.795,0
4.796,0
4.797,0
4.798,0
4.799,0
4.8,0
4.801,0
4.802,0
4.803,0
4.804,0
4.805,0
4.806,0
4.807,0
4.808,0
4.809,0
4.81,0
4.811,0
4.812,0
4.813,0
4.814,0
4.815,0
4.816,0
4.817,0
4.818,0
4.819,0
4.82,0
4.821,0
4.822,0
4.823,0
4.824,0
4.825,0
4.826,0
4.827,0
4.828,0
4.829,0
4.83,0
4.831,0
4.832,0
4.833,0
4.834,0
4.835,0
4.836,0
4.837,0
4.838,0
4.839,0
4.84,0
4.841,0
4.842,0
4.843,0
4.844,0
4.845,0
4.846,0
4.847,0
4.848,0
4.849,0
4.85,0
4.851,0
4.852,0
4.853,0
4.854,0
4.855,0
4.856,0
4.857,0
4.858,0
4.859,0
4.86,0
4.861,0
4.862,0
4.863,0
4.864,0
4.865,0
4.866,0
4.867,0
4.868,0
4.869,0
4.87,0
4.871,0
4.872,0
4.873,0
4.874,0
4.875,0
4.876,0
4.877,0
4.878,0
4.879,0
4.88,0
4.881,0
4.882,0
4.883,0
4.884,0
4.885,0
4.886,0
4.887,0
4.888,0
4.889,0
4.89,0
4.891,0
4.892,0
4.893,0
4.894,0
4.895,0
4.896,0
4.897,0
4.898,0
4.899,0
4.9,0
4.901,0
4.902,0
4.903,0
4.904,0
4.905,0
4.906,0
4.907,0
4.908,0
4.909,0
4.91,0
4.911,0
4.912,0
4.913,0
4.914,0
4.915,0
4.916,0
4.917,0
4.918,0
4.919,0
4.92,0
4.921,0
4.922,0
4.923,0
4.924,0
4.925,0
4.926,0
4.927,0
4.928,0
4.929,0
4.93,0
4.931,0
4.932,0
4.933,0
4.934,0
4.935,0
4.936,0
4.937,0
4.938,0
4.939,0
4.94,0
4.941,0
4.942,0
4.943,0
4.944,0
4.945,0
4.946,0
4.947,0
4.948,0
4.949,0
4.95,0
4.951,0
4.952,0
4.953,0
4.954,0
4.955,0
4.956,0
4.957,0
4.958,0
4.959,0
4.96,0
4.961,0
4.962,0
4.963,0
4.964,0
4.965,0
4.966,0
4.967,0
4.968,0
4.969,0
4.97,0
4.971,0
4.972,0
4.973,0
4.974,0
4.975,0
4.976,0
4.977,0
4.978,0
4.979,0
4.98,0
4.981,0
4.982,0
4.983,0
4.984,0
4.985,0
4.986,0
4.987,0
4.988,0
4.989,0
4.99,0
4.991,0
4.992,0
4.993,0
4.994,0
4.995,0
4.996,0
4.997,0
4.998,0
4.999,0
5,0