Wavelength,NFIRAOSS
0.9,0.80837049
0.901,0.80702492
0.902,0.80702492
0.903,0.80702492
0.904,0.80702492
0.905,0.80702492
0.906,0.80546038
0.907,0.80546038
0.908,0.80546038
0.909,0.80546038
0.91,0.80546038
0.911,0.80476801
0.912,0.80476801
0.913,0.80476801
0.914,0.80476801
0.915,0.80476801
0.916,0.8029698
0.917,0.8029698
0.918,0.8029698
0.919,0.8029698
0.92,0.8029698
0.921,0.80133662
0.922,0.80133662
0.923,0.80133662
0.924,0.80133662
0.925,0.80133662
0.926,0.79938933
0.927,0.79938933
0.928,0.79938933
0.929,0.79938933
0.93,0.79938933
0.931,0.79626781
0.932,0.79626781
0.933,0.79626781
0.934,0.79626781
0.935,0.79626781
0.936,0.79134445
0.937,0.79134445
0.938,0.79134445
0.939,0.79134445
0.94,0.78646252
0.941,0.78646252
0.942,0.78646252
0.943,0.78646252
0.944,0.78646252
0.945,0.78264466
0.946,0.78264466
0.947,0.78264466
0.948,0.78264466
0.949,0.78264466
0.95,0.77993392
0.951,0.77993392
0.952,0.77993392
0.953,0.77993392
0.954,0.77993392
0.955,0.77901243
0.956,0.77901243
0.957,0.77901243
0.958,0.77901243
0.959,0.77901243
0.96,0.77886696
0.961,0.77886696
0.962,0.77886696
0.963,0.77886696
0.964,0.77886696
0.965,0.7782017
0.966,0.7782017
0.967,0.7782017
0.968,0.7782017
0.969,0.7782017
0.97,0.77677141
0.971,0.77677141
0.972,0.77677141
0.973,0.77677141
0.974,0.77677141
0.975,0.77364511
0.976,0.77364511
0.977,0.77364511
0.978,0.77364511
0.979,0.77364511
0.98,0.76870228
0.981,0.76870228
0.982,0.76870228
0.983,0.76870228
0.984,0.76870228
0.985,0.76337294
0.986,0.76337294
0.987,0.76337294
0.988,0.76337294
0.989,0.76337294
0.99,0.75930565
0.991,0.75930565
0.992,0.75930565
0.993,0.75930565
0.994,0.75930565
0.995,0.75639606
0.996,0.75639606
0.997,0.75639606
0.998,0.75639606
0.999,0.75639606
1,0.75639606
1.001,0.75789044
1.002,0.75789044
1.003,0.75789044
1.004,0.75789044
1.005,0.75789044
1.006,0.75994003
1.007,0.75994003
1.008,0.75994003
1.009,0.75994003
1.01,0.75994003
1.011,0.76229655
1.012,0.76229655
1.013,0.76229655
1.014,0.76229655
1.015,0.76229655
1.016,0.76372276
1.017,0.76372276
1.018,0.76372276
1.019,0.76372276
1.02,0.76372276
1.021,0.76379483
1.022,0.76379483
1.023,0.76379483
1.024,0.76379483
1.025,0.76379483
1.026,0.76329732
1.027,0.76329732
1.028,0.76329732
1.029,0.76329732
1.03,0.76329732
1.031,0.76323023
1.032,0.76323023
1.033,0.76323023
1.034,0.76323023
1.035,0.76323023
1.036,0.76408086
1.037,0.76408086
1.038,0.76408086
1.039,0.76408086
1.04,0.76408086
1.041,0.76529938
1.042,0.76529938
1.043,0.76529938
1.044,0.76529938
1.045,0.76529938
1.046,0.76741333
1.047,0.76741333
1.048,0.76741333
1.049,0.76741333
1.05,0.76741333
1.051,0.77146705
1.052,0.77146705
1.053,0.77146705
1.054,0.77146705
1.055,0.77146705
1.056,0.77516462
1.057,0.77516462
1.058,0.77516462
1.059,0.77516462
1.06,0.77516462
1.061,0.77807806
1.062,0.77807806
1.063,0.77807806
1.064,0.77807806
1.065,0.77807806
1.066,0.7796533
1.067,0.7796533
1.068,0.7796533
1.069,0.7796533
1.07,0.7796533
1.071,0.78081187
1.072,0.78081187
1.073,0.78081187
1.074,0.78081187
1.075,0.78081187
1.076,0.78234071
1.077,0.78234071
1.078,0.78234071
1.079,0.78234071
1.08,0.78234071
1.081,0.78419662
1.082,0.78419662
1.083,0.78419662
1.084,0.78419662
1.085,0.78419662
1.086,0.78672988
1.087,0.78672988
1.088,0.78672988
1.089,0.78672988
1.09,0.78672988
1.091,0.79060243
1.092,0.79060243
1.093,0.79060243
1.094,0.79060243
1.095,0.79060243
1.096,0.7958244
1.097,0.7958244
1.098,0.7958244
1.099,0.7958244
1.1,0.7958244
1.101,0.80061786
1.102,0.80061786
1.103,0.80061786
1.104,0.80061786
1.105,0.80061786
1.106,0.80485683
1.107,0.80485683
1.108,0.80485683
1.109,0.80485683
1.11,0.80485683
1.111,0.80875347
1.112,0.80875347
1.113,0.80875347
1.114,0.80875347
1.115,0.80875347
1.116,0.81228383
1.117,0.81228383
1.118,0.81228383
1.119,0.81228383
1.12,0.81228383
1.121,0.81434533
1.122,0.81434533
1.123,0.81434533
1.124,0.81434533
1.125,0.81434533
1.126,0.81595701
1.127,0.81595701
1.128,0.81595701
1.129,0.81595701
1.13,0.81595701
1.131,0.8178673
1.132,0.8178673
1.133,0.8178673
1.134,0.8178673
1.135,0.8178673
1.136,0.82022437
1.137,0.82022437
1.138,0.82022437
1.139,0.82022437
1.14,0.82022437
1.141,0.82376088
1.142,0.82376088
1.143,0.82376088
1.144,0.82376088
1.145,0.82376088
1.146,0.82778273
1.147,0.82778273
1.148,0.82778273
1.149,0.82778273
1.15,0.82778273
1.151,0.83083514
1.152,0.83083514
1.153,0.83083514
1.154,0.83083514
1.155,0.83083514
1.156,0.83458735
1.157,0.83458735
1.158,0.83458735
1.159,0.83458735
1.16,0.83458735
1.161,0.83825347
1.162,0.83825347
1.163,0.83825347
1.164,0.83825347
1.165,0.83825347
1.166,0.84067779
1.167,0.84067779
1.168,0.84067779
1.169,0.84067779
1.17,0.84067779
1.171,0.84168264
1.172,0.84168264
1.173,0.84168264
1.174,0.84168264
1.175,0.84168264
1.176,0.84244126
1.177,0.84244126
1.178,0.84244126
1.179,0.84244126
1.18,0.84244126
1.181,0.84346961
1.182,0.84346961
1.183,0.84346961
1.184,0.84346961
1.185,0.84346961
1.186,0.84352261
1.187,0.84352261
1.188,0.84352261
1.189,0.84352261
1.19,0.84352261
1.191,0.84371
1.192,0.84371
1.193,0.84371
1.194,0.84371
1.195,0.84371
1.196,0.84413654
1.197,0.84413654
1.198,0.84413654
1.199,0.84413654
1.2,0.84413654
1.201,0.84633351
1.202,0.84633351
1.203,0.84633351
1.204,0.84633351
1.205,0.84633351
1.206,0.84887287
1.207,0.84887287
1.208,0.84887287
1.209,0.84887287
1.21,0.84887287
1.211,0.85182051
1.212,0.85182051
1.213,0.85182051
1.214,0.85182051
1.215,0.85182051
1.216,0.85529434
1.217,0.85529434
1.218,0.85529434
1.219,0.85529434
1.22,0.85529434
1.221,0.85908341
1.222,0.85908341
1.223,0.85908341
1.224,0.85908341
1.225,0.85908341
1.226,0.86120461
1.227,0.86120461
1.228,0.86120461
1.229,0.86120461
1.23,0.86120461
1.231,0.86270791
1.232,0.86270791
1.233,0.86270791
1.234,0.86270791
1.235,0.86270791
1.236,0.86311065
1.237,0.86311065
1.238,0.86311065
1.239,0.86311065
1.24,0.86311065
1.241,0.86271359
1.242,0.86271359
1.243,0.86271359
1.244,0.86271359
1.245,0.86271359
1.246,0.86193185
1.247,0.86193185
1.248,0.86193185
1.249,0.86193185
1.25,0.86193185
1.251,0.86084663
1.252,0.86084663
1.253,0.86084663
1.254,0.86084663
1.255,0.86084663
1.256,0.85958379
1.257,0.85958379
1.258,0.85958379
1.259,0.85958379
1.26,0.85958379
1.261,0.85880981
1.262,0.85880981
1.263,0.85880981
1.264,0.85880981
1.265,0.85880981
1.266,0.8597857
1.267,0.8597857
1.268,0.8597857
1.269,0.8597857
1.27,0.8597857
1.271,0.8607611
1.272,0.8607611
1.273,0.8607611
1.274,0.8607611
1.275,0.8607611
1.276,0.86225198
1.277,0.86225198
1.278,0.86225198
1.279,0.86225198
1.28,0.86225198
1.281,0.86476767
1.282,0.86476767
1.283,0.86476767
1.284,0.86476767
1.285,0.86476767
1.286,0.86745244
1.287,0.86745244
1.288,0.86745244
1.289,0.86745244
1.29,0.86745244
1.291,0.8696045
1.292,0.8696045
1.293,0.8696045
1.294,0.8696045
1.295,0.8696045
1.296,0.87183594
1.297,0.87183594
1.298,0.87183594
1.299,0.87183594
1.3,0.87183594
1.301,0.87281922
1.302,0.87281922
1.303,0.87281922
1.304,0.87281922
1.305,0.87281922
1.306,0.87237022
1.307,0.87237022
1.308,0.87237022
1.309,0.87237022
1.31,0.87237022
1.311,0.87180179
1.312,0.87180179
1.313,0.87180179
1.314,0.87180179
1.315,0.87180179
1.316,0.87104473
1.317,0.87104473
1.318,0.87104473
1.319,0.87104473
1.32,0.87104473
1.321,0.86922826
1.322,0.86922826
1.323,0.86922826
1.324,0.86922826
1.325,0.86922826
1.326,0.8675395
1.327,0.8675395
1.328,0.8675395
1.329,0.8675395
1.33,0.8675395
1.331,0.86687248
1.332,0.86687248
1.333,0.86687248
1.334,0.86687248
1.335,0.86687248
1.336,0.86639514
1.337,0.86639514
1.338,0.86639514
1.339,0.86639514
1.34,0.86639514
1.341,0.86591405
1.342,0.86591405
1.343,0.86591405
1.344,0.86591405
1.345,0.86591405
1.346,0.86700948
1.347,0.86700948
1.348,0.86700948
1.349,0.86700948
1.35,0.86700948
1.351,0.86836432
1.352,0.86836432
1.353,0.86836432
1.354,0.86836432
1.355,0.86836432
1.356,0.86928155
1.357,0.86928155
1.358,0.86928155
1.359,0.86928155
1.36,0.86928155
1.361,0.87114395
1.362,0.87114395
1.363,0.87114395
1.364,0.87114395
1.365,0.87114395
1.366,0.87195915
1.367,0.87195915
1.368,0.87195915
1.369,0.87195915
1.37,0.87195915
1.371,0.87095198
1.372,0.87095198
1.373,0.87095198
1.374,0.87095198
1.375,0.87095198
1.376,0.86956076
1.377,0.86956076
1.378,0.86956076
1.379,0.86956076
1.38,0.86956076
1.381,0.86915894
1.382,0.86915894
1.383,0.86915894
1.384,0.86915894
1.385,0.86915894
1.386,0.86963751
1.387,0.86963751
1.388,0.86963751
1.389,0.86963751
1.39,0.86963751
1.391,0.87054288
1.392,0.87054288
1.393,0.87054288
1.394,0.87054288
1.395,0.87054288
1.396,0.87052285
1.397,0.87052285
1.398,0.87052285
1.399,0.87052285
1.4,0.87052285
1.401,0.86944907
1.402,0.86944907
1.403,0.86944907
1.404,0.86944907
1.405,0.86944907
1.406,0.86859624
1.407,0.86859624
1.408,0.86859624
1.409,0.86859624
1.41,0.86859624
1.411,0.86817266
1.412,0.86817266
1.413,0.86817266
1.414,0.86817266
1.415,0.86817266
1.416,0.86719278
1.417,0.86719278
1.418,0.86719278
1.419,0.86719278
1.42,0.86719278
1.421,0.86699582
1.422,0.86699582
1.423,0.86699582
1.424,0.86699582
1.425,0.86699582
1.426,0.86771551
1.427,0.86771551
1.428,0.86771551
1.429,0.86771551
1.43,0.86771551
1.431,0.86839561
1.432,0.86839561
1.433,0.86839561
1.434,0.86839561
1.435,0.86839561
1.436,0.86957406
1.437,0.86957406
1.438,0.86957406
1.439,0.86957406
1.44,0.86957406
1.441,0.87143504
1.442,0.87143504
1.443,0.87143504
1.444,0.87143504
1.445,0.87143504
1.446,0.87303754
1.447,0.87303754
1.448,0.87303754
1.449,0.87303754
1.45,0.87303754
1.451,0.8744394
1.452,0.8744394
1.453,0.8744394
1.454,0.8744394
1.455,0.8744394
1.456,0.87606996
1.457,0.87606996
1.458,0.87606996
1.459,0.87606996
1.46,0.87606996
1.461,0.87753284
1.462,0.87753284
1.463,0.87753284
1.464,0.87753284
1.465,0.87753284
1.466,0.87779438
1.467,0.87779438
1.468,0.87779438
1.469,0.87779438
1.47,0.87779438
1.471,0.87841367
1.472,0.87841367
1.473,0.87841367
1.474,0.87841367
1.475,0.87841367
1.476,0.87822535
1.477,0.87822535
1.478,0.87822535
1.479,0.87822535
1.48,0.87822535
1.481,0.87720711
1.482,0.87720711
1.483,0.87720711
1.484,0.87720711
1.485,0.87720711
1.486,0.87613318
1.487,0.87613318
1.488,0.87613318
1.489,0.87613318
1.49,0.87613318
1.491,0.87543488
1.492,0.87543488
1.493,0.87543488
1.494,0.87543488
1.495,0.87543488
1.496,0.8740652
1.497,0.8740652
1.498,0.8740652
1.499,0.8740652
1.5,0.8740652
1.501,0.87284386
1.502,0.87284386
1.503,0.87284386
1.504,0.87284386
1.505,0.87284386
1.506,0.87238505
1.507,0.87238505
1.508,0.87238505
1.509,0.87238505
1.51,0.87238505
1.511,0.87187054
1.512,0.87187054
1.513,0.87187054
1.514,0.87187054
1.515,0.87187054
1.516,0.87191735
1.517,0.87191735
1.518,0.87191735
1.519,0.87191735
1.52,0.87191735
1.521,0.87274834
1.522,0.87274834
1.523,0.87274834
1.524,0.87274834
1.525,0.87274834
1.526,0.87409365
1.527,0.87409365
1.528,0.87409365
1.529,0.87409365
1.53,0.87409365
1.531,0.87522429
1.532,0.87522429
1.533,0.87522429
1.534,0.87522429
1.535,0.87522429
1.536,0.87702288
1.537,0.87702288
1.538,0.87702288
1.539,0.87702288
1.54,0.87702288
1.541,0.87937794
1.542,0.87937794
1.543,0.87937794
1.544,0.87937794
1.545,0.87937794
1.546,0.88148881
1.547,0.88148881
1.548,0.88148881
1.549,0.88148881
1.55,0.88148881
1.551,0.88302818
1.552,0.88302818
1.553,0.88302818
1.554,0.88302818
1.555,0.88302818
1.556,0.8852034
1.557,0.8852034
1.558,0.8852034
1.559,0.8852034
1.56,0.8852034
1.561,0.88656373
1.562,0.88656373
1.563,0.88656373
1.564,0.88656373
1.565,0.88656373
1.566,0.88754635
1.567,0.88754635
1.568,0.88754635
1.569,0.88754635
1.57,0.88754635
1.571,0.88841574
1.572,0.88841574
1.573,0.88841574
1.574,0.88841574
1.575,0.88841574
1.576,0.88823749
1.577,0.88823749
1.578,0.88823749
1.579,0.88823749
1.58,0.88823749
1.581,0.88784496
1.582,0.88784496
1.583,0.88784496
1.584,0.88784496
1.585,0.88784496
1.586,0.88747541
1.587,0.88747541
1.588,0.88747541
1.589,0.88747541
1.59,0.88747541
1.591,0.88698946
1.592,0.88698946
1.593,0.88698946
1.594,0.88698946
1.595,0.88698946
1.596,0.88581297
1.597,0.88581297
1.598,0.88581297
1.599,0.88581297
1.6,0.88581297
1.601,0.8846712
1.602,0.8846712
1.603,0.8846712
1.604,0.8846712
1.605,0.8846712
1.606,0.88391698
1.607,0.88391698
1.608,0.88391698
1.609,0.88391698
1.61,0.88391698
1.611,0.88289412
1.612,0.88289412
1.613,0.88289412
1.614,0.88289412
1.615,0.88289412
1.616,0.88230006
1.617,0.88230006
1.618,0.88230006
1.619,0.88230006
1.62,0.88230006
1.621,0.88223327
1.622,0.88223327
1.623,0.88223327
1.624,0.88223327
1.625,0.88223327
1.626,0.88218783
1.627,0.88218783
1.628,0.88218783
1.629,0.88218783
1.63,0.88218783
1.631,0.88250423
1.632,0.88250423
1.633,0.88250423
1.634,0.88250423
1.635,0.88250423
1.636,0.88373311
1.637,0.88373311
1.638,0.88373311
1.639,0.88373311
1.64,0.88373311
1.641,0.88463074
1.642,0.88463074
1.643,0.88463074
1.644,0.88463074
1.645,0.88463074
1.646,0.88501337
1.647,0.88501337
1.648,0.88501337
1.649,0.88501337
1.65,0.88501337
1.651,0.88631615
1.652,0.88631615
1.653,0.88631615
1.654,0.88631615
1.655,0.88631615
1.656,0.88812457
1.657,0.88812457
1.658,0.88812457
1.659,0.88812457
1.66,0.88812457
1.661,0.88926021
1.662,0.88926021
1.663,0.88926021
1.664,0.88926021
1.665,0.88926021
1.666,0.88997613
1.667,0.88997613
1.668,0.88997613
1.669,0.88997613
1.67,0.88997613
1.671,0.89140904
1.672,0.89140904
1.673,0.89140904
1.674,0.89140904
1.675,0.89140904
1.676,0.89195816
1.677,0.89195816
1.678,0.89195816
1.679,0.89195816
1.68,0.89195816
1.681,0.89238959
1.682,0.89238959
1.683,0.89238959
1.684,0.89238959
1.685,0.89238959
1.686,0.89267503
1.687,0.89267503
1.688,0.89267503
1.689,0.89267503
1.69,0.89267503
1.691,0.89237328
1.692,0.89237328
1.693,0.89237328
1.694,0.89237328
1.695,0.89237328
1.696,0.89200496
1.697,0.89200496
1.698,0.89200496
1.699,0.89200496
1.7,0.89200496
1.701,0.8913959
1.702,0.8913959
1.703,0.8913959
1.704,0.8913959
1.705,0.8913959
1.706,0.89069959
1.707,0.89069959
1.708,0.89069959
1.709,0.89069959
1.71,0.89069959
1.711,0.88920175
1.712,0.88920175
1.713,0.88920175
1.714,0.88920175
1.715,0.88920175
1.716,0.8883608
1.717,0.8883608
1.718,0.8883608
1.719,0.8883608
1.72,0.8883608
1.721,0.8873879
1.722,0.8873879
1.723,0.8873879
1.724,0.8873879
1.725,0.8873879
1.726,0.88657712
1.727,0.88657712
1.728,0.88657712
1.729,0.88657712
1.73,0.88657712
1.731,0.8853195
1.732,0.8853195
1.733,0.8853195
1.734,0.8853195
1.735,0.8853195
1.736,0.88497586
1.737,0.88497586
1.738,0.88497586
1.739,0.88497586
1.74,0.88497586
1.741,0.88441371
1.742,0.88441371
1.743,0.88441371
1.744,0.88441371
1.745,0.88441371
1.746,0.88424824
1.747,0.88424824
1.748,0.88424824
1.749,0.88424824
1.75,0.88424824
1.751,0.88448543
1.752,0.88448543
1.753,0.88448543
1.754,0.88448543
1.755,0.88448543
1.756,0.8846542
1.757,0.8846542
1.758,0.8846542
1.759,0.8846542
1.76,0.8846542
1.761,0.88505358
1.762,0.88505358
1.763,0.88505358
1.764,0.88505358
1.765,0.88505358
1.766,0.88640438
1.767,0.88640438
1.768,0.88640438
1.769,0.88640438
1.77,0.88640438
1.771,0.8871646
1.772,0.8871646
1.773,0.8871646
1.774,0.8871646
1.775,0.8871646
1.776,0.88841811
1.777,0.88841811
1.778,0.88841811
1.779,0.88841811
1.78,0.88841811
1.781,0.88940203
1.782,0.88940203
1.783,0.88940203
1.784,0.88940203
1.785,0.88940203
1.786,0.89093124
1.787,0.89093124
1.788,0.89093124
1.789,0.89093124
1.79,0.89093124
1.791,0.89218463
1.792,0.89218463
1.793,0.89218463
1.794,0.89218463
1.795,0.89218463
1.796,0.89329516
1.797,0.89329516
1.798,0.89329516
1.799,0.89329516
1.8,0.89329516
1.801,0.89451171
1.802,0.89451171
1.803,0.89451171
1.804,0.89451171
1.805,0.89451171
1.806,0.89560178
1.807,0.89560178
1.808,0.89560178
1.809,0.89560178
1.81,0.89560178
1.811,0.89671787
1.812,0.89671787
1.813,0.89671787
1.814,0.89671787
1.815,0.89671787
1.816,0.89726895
1.817,0.89726895
1.818,0.89726895
1.819,0.89726895
1.82,0.89726895
1.821,0.89781924
1.822,0.89781924
1.823,0.89781924
1.824,0.89781924
1.825,0.89781924
1.826,0.89830746
1.827,0.89830746
1.828,0.89830746
1.829,0.89830746
1.83,0.89830746
1.831,0.89828716
1.832,0.89828716
1.833,0.89828716
1.834,0.89828716
1.835,0.89828716
1.836,0.89816289
1.837,0.89816289
1.838,0.89816289
1.839,0.89816289
1.84,0.89816289
1.841,0.89803942
1.842,0.89803942
1.843,0.89803942
1.844,0.89803942
1.845,0.89803942
1.846,0.89778802
1.847,0.89778802
1.848,0.89778802
1.849,0.89778802
1.85,0.89778802
1.851,0.89672766
1.852,0.89672766
1.853,0.89672766
1.854,0.89672766
1.855,0.89672766
1.856,0.89603587
1.857,0.89603587
1.858,0.89603587
1.859,0.89603587
1.86,0.89603587
1.861,0.8953264
1.862,0.8953264
1.863,0.8953264
1.864,0.8953264
1.865,0.8953264
1.866,0.89451132
1.867,0.89451132
1.868,0.89451132
1.869,0.89451132
1.87,0.89451132
1.871,0.89381686
1.872,0.89381686
1.873,0.89381686
1.874,0.89381686
1.875,0.89381686
1.876,0.89284808
1.877,0.89284808
1.878,0.89284808
1.879,0.89284808
1.88,0.89284808
1.881,0.89283137
1.882,0.89283137
1.883,0.89283137
1.884,0.89283137
1.885,0.89283137
1.886,0.8925222
1.887,0.8925222
1.888,0.8925222
1.889,0.8925222
1.89,0.8925222
1.891,0.89228211
1.892,0.89228211
1.893,0.89228211
1.894,0.89228211
1.895,0.89228211
1.896,0.89177236
1.897,0.89177236
1.898,0.89177236
1.899,0.89177236
1.9,0.89177236
1.901,0.89242159
1.902,0.89242159
1.903,0.89242159
1.904,0.89242159
1.905,0.89242159
1.906,0.89265072
1.907,0.89265072
1.908,0.89265072
1.909,0.89265072
1.91,0.89265072
1.911,0.89242818
1.912,0.89242818
1.913,0.89242818
1.914,0.89242818
1.915,0.89242818
1.916,0.8932282
1.917,0.8932282
1.918,0.8932282
1.919,0.8932282
1.92,0.8932282
1.921,0.89409482
1.922,0.89409482
1.923,0.89409482
1.924,0.89409482
1.925,0.89409482
1.926,0.89459878
1.927,0.89459878
1.928,0.89459878
1.929,0.89459878
1.93,0.89459878
1.931,0.89526201
1.932,0.89526201
1.933,0.89526201
1.934,0.89526201
1.935,0.89526201
1.936,0.8958783
1.937,0.8958783
1.938,0.8958783
1.939,0.8958783
1.94,0.8958783
1.941,0.89662774
1.942,0.89662774
1.943,0.89662774
1.944,0.89662774
1.945,0.89662774
1.946,0.89745635
1.947,0.89745635
1.948,0.89745635
1.949,0.89745635
1.95,0.89745635
1.951,0.89838058
1.952,0.89838058
1.953,0.89838058
1.954,0.89838058
1.955,0.89838058
1.956,0.89874978
1.957,0.89874978
1.958,0.89874978
1.959,0.89874978
1.96,0.89874978
1.961,0.89945675
1.962,0.89945675
1.963,0.89945675
1.964,0.89945675
1.965,0.89945675
1.966,0.90068492
1.967,0.90068492
1.968,0.90068492
1.969,0.90068492
1.97,0.90068492
1.971,0.90085945
1.972,0.90085945
1.973,0.90085945
1.974,0.90085945
1.975,0.90085945
1.976,0.9007787
1.977,0.9007787
1.978,0.9007787
1.979,0.9007787
1.98,0.9007787
1.981,0.90145298
1.982,0.90145298
1.983,0.90145298
1.984,0.90145298
1.985,0.90145298
1.986,0.90178773
1.987,0.90178773
1.988,0.90178773
1.989,0.90178773
1.99,0.90178773
1.991,0.90167424
1.992,0.90167424
1.993,0.90167424
1.994,0.90167424
1.995,0.90167424
1.996,0.90227849
1.997,0.90227849
1.998,0.90227849
1.999,0.90227849
2,0.90227849
2.001,0.90263499
2.002,0.90263499
2.003,0.90263499
2.004,0.90263499
2.005,0.90263499
2.006,0.90277289
2.007,0.90277289
2.008,0.90277289
2.009,0.90277289
2.01,0.90277289
2.011,0.90203004
2.012,0.90203004
2.013,0.90203004
2.014,0.90203004
2.015,0.90203004
2.016,0.90197455
2.017,0.90197455
2.018,0.90197455
2.019,0.90197455
2.02,0.90197455
2.021,0.90210638
2.022,0.90210638
2.023,0.90210638
2.024,0.90210638
2.025,0.90210638
2.026,0.90181199
2.027,0.90181199
2.028,0.90181199
2.029,0.90181199
2.03,0.90181199
2.031,0.90153868
2.032,0.90153868
2.033,0.90153868
2.034,0.90153868
2.035,0.90153868
2.036,0.90140726
2.037,0.90140726
2.038,0.90140726
2.039,0.90140726
2.04,0.90140726
2.041,0.90145689
2.042,0.90145689
2.043,0.90145689
2.044,0.90145689
2.045,0.90145689
2.046,0.90099378
2.047,0.90099378
2.048,0.90099378
2.049,0.90099378
2.05,0.90099378
2.051,0.90060172
2.052,0.90060172
2.053,0.90060172
2.054,0.90060172
2.055,0.90060172
2.056,0.89995543
2.057,0.89995543
2.058,0.89995543
2.059,0.89995543
2.06,0.89995543
2.061,0.89892874
2.062,0.89892874
2.063,0.89892874
2.064,0.89892874
2.065,0.89892874
2.066,0.8989434
2.067,0.8989434
2.068,0.8989434
2.069,0.8989434
2.07,0.8989434
2.071,0.8985512
2.072,0.8985512
2.073,0.8985512
2.074,0.8985512
2.075,0.8985512
2.076,0.8973161
2.077,0.8973161
2.078,0.8973161
2.079,0.8973161
2.08,0.8973161
2.081,0.89693058
2.082,0.89693058
2.083,0.89693058
2.084,0.89693058
2.085,0.89693058
2.086,0.89726155
2.087,0.89726155
2.088,0.89726155
2.089,0.89726155
2.09,0.89726155
2.091,0.89637727
2.092,0.89637727
2.093,0.89637727
2.094,0.89637727
2.095,0.89637727
2.096,0.8955937
2.097,0.8955937
2.098,0.8955937
2.099,0.8955937
2.1,0.8955937
2.101,0.89476722
2.102,0.89476722
2.103,0.89476722
2.104,0.89476722
2.105,0.89476722
2.106,0.89411671
2.107,0.89411671
2.108,0.89411671
2.109,0.89411671
2.11,0.89411671
2.111,0.89327125
2.112,0.89327125
2.113,0.89327125
2.114,0.89327125
2.115,0.89327125
2.116,0.89184715
2.117,0.89184715
2.118,0.89184715
2.119,0.89184715
2.12,0.89184715
2.121,0.89095876
2.122,0.89095876
2.123,0.89095876
2.124,0.89095876
2.125,0.89095876
2.126,0.88986584
2.127,0.88986584
2.128,0.88986584
2.129,0.88986584
2.13,0.88986584
2.131,0.8888366
2.132,0.8888366
2.133,0.8888366
2.134,0.8888366
2.135,0.8888366
2.136,0.88760641
2.137,0.88760641
2.138,0.88760641
2.139,0.88760641
2.14,0.88760641
2.141,0.88584048
2.142,0.88584048
2.143,0.88584048
2.144,0.88584048
2.145,0.88584048
2.146,0.88438532
2.147,0.88438532
2.148,0.88438532
2.149,0.88438532
2.15,0.88438532
2.151,0.88214956
2.152,0.88214956
2.153,0.88214956
2.154,0.88214956
2.155,0.88214956
2.156,0.87928997
2.157,0.87928997
2.158,0.87928997
2.159,0.87928997
2.16,0.87928997
2.161,0.87580331
2.162,0.87580331
2.163,0.87580331
2.164,0.87580331
2.165,0.87580331
2.166,0.87291285
2.167,0.87291285
2.168,0.87291285
2.169,0.87291285
2.17,0.87291285
2.171,0.86974564
2.172,0.86974564
2.173,0.86974564
2.174,0.86974564
2.175,0.86974564
2.176,0.86615811
2.177,0.86615811
2.178,0.86615811
2.179,0.86615811
2.18,0.86615811
2.181,0.86165817
2.182,0.86165817
2.183,0.86165817
2.184,0.86165817
2.185,0.86165817
2.186,0.85666241
2.187,0.85666241
2.188,0.85666241
2.189,0.85666241
2.19,0.85666241
2.191,0.85087981
2.192,0.85087981
2.193,0.85087981
2.194,0.85087981
2.195,0.85087981
2.196,0.84403153
2.197,0.84403153
2.198,0.84403153
2.199,0.84403153
2.2,0.84403153
2.201,0.84018877
2.202,0.84018877
2.203,0.84018877
2.204,0.84018877
2.205,0.84018877
2.206,0.83714709
2.207,0.83714709
2.208,0.83714709
2.209,0.83714709
2.21,0.83714709
2.211,0.83649594
2.212,0.83649594
2.213,0.83649594
2.214,0.83649594
2.215,0.83649594
2.216,0.83674175
2.217,0.83674175
2.218,0.83674175
2.219,0.83674175
2.22,0.83674175
2.221,0.83741188
2.222,0.83741188
2.223,0.83741188
2.224,0.83741188
2.225,0.83741188
2.226,0.83764464
2.227,0.83764464
2.228,0.83764464
2.229,0.83764464
2.23,0.83764464
2.231,0.83777894
2.232,0.83777894
2.233,0.83777894
2.234,0.83777894
2.235,0.83777894
2.236,0.83783151
2.237,0.83783151
2.238,0.83783151
2.239,0.83783151
2.24,0.83783151
2.241,0.83802027
2.242,0.83802027
2.243,0.83802027
2.244,0.83802027
2.245,0.83802027
2.246,0.83767158
2.247,0.83767158
2.248,0.83767158
2.249,0.83767158
2.25,0.83767158
2.251,0.83950017
2.252,0.83950017
2.253,0.83950017
2.254,0.83950017
2.255,0.83950017
2.256,0.84158531
2.257,0.84158531
2.258,0.84158531
2.259,0.84158531
2.26,0.84158531
2.261,0.84335332
2.262,0.84335332
2.263,0.84335332
2.264,0.84335332
2.265,0.84335332
2.266,0.84496878
2.267,0.84496878
2.268,0.84496878
2.269,0.84496878
2.27,0.84496878
2.271,0.84733078
2.272,0.84733078
2.273,0.84733078
2.274,0.84733078
2.275,0.84733078
2.276,0.84867599
2.277,0.84867599
2.278,0.84867599
2.279,0.84867599
2.28,0.84867599
2.281,0.84962368
2.282,0.84962368
2.283,0.84962368
2.284,0.84962368
2.285,0.84962368
2.286,0.85118029
2.287,0.85118029
2.288,0.85118029
2.289,0.85118029
2.29,0.85118029
2.291,0.85233542
2.292,0.85233542
2.293,0.85233542
2.294,0.85233542
2.295,0.85233542
2.296,0.85270946
2.297,0.85270946
2.298,0.85270946
2.299,0.85270946
2.3,0.85270946
2.301,0.85135031
2.302,0.85135031
2.303,0.85135031
2.304,0.85135031
2.305,0.85135031
2.306,0.85046312
2.307,0.85046312
2.308,0.85046312
2.309,0.85046312
2.31,0.85046312
2.311,0.84877322
2.312,0.84877322
2.313,0.84877322
2.314,0.84877322
2.315,0.84877322
2.316,0.8470719
2.317,0.8470719
2.318,0.8470719
2.319,0.8470719
2.32,0.8470719
2.321,0.84583606
2.322,0.84583606
2.323,0.84583606
2.324,0.84583606
2.325,0.84583606
2.326,0.84379324
2.327,0.84379324
2.328,0.84379324
2.329,0.84379324
2.33,0.84379324
2.331,0.84137693
2.332,0.84137693
2.333,0.84137693
2.334,0.84137693
2.335,0.84137693
2.336,0.84006421
2.337,0.84006421
2.338,0.84006421
2.339,0.84006421
2.34,0.84006421
2.341,0.8379136
2.342,0.8379136
2.343,0.8379136
2.344,0.8379136
2.345,0.8379136
2.346,0.83513077
2.347,0.83513077
2.348,0.83513077
2.349,0.83513077
2.35,0.83513077
2.351,0.83185474
2.352,0.83185474
2.353,0.83185474
2.354,0.83185474
2.355,0.83185474
2.356,0.82990171
2.357,0.82990171
2.358,0.82990171
2.359,0.82990171
2.36,0.82990171
2.361,0.82622877
2.362,0.82622877
2.363,0.82622877
2.364,0.82622877
2.365,0.82622877
2.366,0.82311333
2.367,0.82311333
2.368,0.82311333
2.369,0.82311333
2.37,0.82311333
2.371,0.82084189
2.372,0.82084189
2.373,0.82084189
2.374,0.82084189
2.375,0.82084189
2.376,0.81770394
2.377,0.81770394
2.378,0.81770394
2.379,0.81770394
2.38,0.81770394
2.381,0.81496149
2.382,0.81496149
2.383,0.81496149
2.384,0.81496149
2.385,0.81496149
2.386,0.81240666
2.387,0.81240666
2.388,0.81240666
2.389,0.81240666
2.39,0.81240666
2.391,0.81016278
2.392,0.81016278
2.393,0.81016278
2.394,0.81016278
2.395,0.81016278
2.396,0.8068237
2.397,0.8068237
2.398,0.8068237
2.399,0.8068237
2.4,0.8068237
2.401,0.80414337
2.402,0.80414337
2.403,0.80414337
2.404,0.80414337
2.405,0.80414337
2.406,0.80178441
2.407,0.80178441
2.408,0.80178441
2.409,0.80178441
2.41,0.80178441
2.411,0.79834584
2.412,0.79834584
2.413,0.79834584
2.414,0.79834584
2.415,0.79834584
2.416,0.79513254
2.417,0.79513254
2.418,0.79513254
2.419,0.79513254
2.42,0.79513254
2.421,0.79258108
2.422,0.79258108
2.423,0.79258108
2.424,0.79258108
2.425,0.79258108
2.426,0.78976885
2.427,0.78976885
2.428,0.78976885
2.429,0.78976885
2.43,0.78976885
2.431,0.78649804
2.432,0.78649804
2.433,0.78649804
2.434,0.78649804
2.435,0.78649804
2.436,0.78368082
2.437,0.78368082
2.438,0.78368082
2.439,0.78368082
2.44,0.78368082
2.441,0.78035879
2.442,0.78035879
2.443,0.78035879
2.444,0.78035879
2.445,0.78035879
2.446,0.77693917
2.447,0.77693917
2.448,0.77693917
2.449,0.77693917
2.45,0.77693917
2.451,0.77347472
2.452,0.77347472
2.453,0.77347472
2.454,0.77347472
2.455,0.77347472
2.456,0.76935937
2.457,0.76935937
2.458,0.76935937
2.459,0.76935937
2.46,0.76935937
2.461,0.76495965
2.462,0.76495965
2.463,0.76495965
2.464,0.76495965
2.465,0.76495965
2.466,0.76062469
2.467,0.76062469
2.468,0.76062469
2.469,0.76062469
2.47,0.76062469
2.471,0.75545357
2.472,0.75545357
2.473,0.75545357
2.474,0.75545357
2.475,0.75545357
2.476,0.74990578
2.477,0.74990578
2.478,0.74990578
2.479,0.74990578
2.48,0.74990578
2.481,0.74374519
2.482,0.74374519
2.483,0.74374519
2.484,0.74374519
2.485,0.74374519
2.486,0.73755926
2.487,0.73755926
2.488,0.73755926
2.489,0.73755926
2.49,0.73755926
2.491,0.730163
2.492,0.730163
2.493,0.730163
2.494,0.730163
2.495,0.730163
2.496,0.730163
2.497,0.730163
2.498,0.730163
2.499,0.730163
2.5,0.730163
2.501,0.730163
2.502,0.730163
2.503,0.730163
2.504,0.730163
2.505,0.730163
2.506,0.730163
2.507,0.730163
2.508,0.730163
2.509,0.730163
2.51,0.730163
2.511,0.730163
2.512,0.730163
2.513,0.730163
2.514,0.730163
2.515,0.730163
2.516,0.730163
2.517,0.730163
2.518,0.730163
2.519,0.730163
2.52,0.730163
2.521,0.730163
2.522,0.730163
2.523,0.730163
2.524,0.730163
2.525,0.730163
2.526,0.730163
2.527,0.730163
2.528,0.730163
2.529,0.730163
2.53,0.730163
2.531,0.730163
2.532,0.730163
2.533,0.730163
2.534,0.730163
2.535,0.730163
2.536,0.730163
2.537,0.730163
2.538,0.730163
2.539,0.730163
2.54,0.730163
2.541,0.730163
2.542,0.730163
2.543,0.730163
2.544,0.730163
2.545,0.730163
2.546,0.730163
2.547,0.730163
2.548,0.730163
2.549,0.730163
2.55,0.730163
2.551,0.730163
2.552,0.730163
2.553,0.730163
2.554,0.730163
2.555,0.730163
2.556,0.730163
2.557,0.730163
2.558,0.730163
2.559,0.730163
2.56,0.730163
2.561,0.730163
2.562,0.730163
2.563,0.730163
2.564,0.730163
2.565,0.730163
2.566,0.730163
2.567,0.730163
2.568,0.730163
2.569,0.730163
2.57,0.730163
2.571,0.730163
2.572,0.730163
2.573,0.730163
2.574,0.730163
2.575,0.730163
2.576,0.730163
2.577,0.730163
2.578,0.730163
2.579,0.730163
2.58,0.730163
2.581,0.730163
2.582,0.730163
2.583,0.730163
2.584,0.730163
2.585,0.730163
2.586,0.730163
2.587,0.730163
2.588,0.730163
2.589,0.730163
2.59,0.730163
2.591,0.730163
2.592,0.730163
2.593,0.730163
2.594,0.730163
2.595,0.730163
2.596,0.730163
2.597,0.730163
2.598,0.730163
2.599,0.730163
2.6,0.730163
2.601,0.730163
2.602,0.730163
2.603,0.730163
2.604,0.730163
2.605,0.730163
2.606,0.730163
2.607,0.730163
2.608,0.730163
2.609,0.730163
2.61,0.730163
2.611,0.730163
2.612,0.730163
2.613,0.730163
2.614,0.730163
2.615,0.730163
2.616,0.730163
2.617,0.730163
2.618,0.730163
2.619,0.730163
2.62,0.730163
2.621,0.730163
2.622,0.730163
2.623,0.730163
2.624,0.730163
2.625,0.730163
2.626,0.730163
2.627,0.730163
2.628,0.730163
2.629,0.730163
2.63,0.730163
2.631,0.730163
2.632,0.730163
2.633,0.730163
2.634,0.730163
2.635,0.730163
2.636,0.730163
2.637,0.730163
2.638,0.730163
2.639,0.730163
2.64,0.730163
2.641,0.730163
2.642,0.730163
2.643,0.730163
2.644,0.730163
2.645,0.730163
2.646,0.730163
2.647,0.730163
2.648,0.730163
2.649,0.730163
2.65,0.730163
2.651,0.730163
2.652,0.730163
2.653,0.730163
2.654,0.730163
2.655,0.730163
2.656,0.730163
2.657,0.730163
2.658,0.730163
2.659,0.730163
2.66,0.730163
2.661,0.730163
2.662,0.730163
2.663,0.730163
2.664,0.730163
2.665,0.730163
2.666,0.730163
2.667,0.730163
2.668,0.730163
2.669,0.730163
2.67,0.730163
2.671,0.730163
2.672,0.730163
2.673,0.730163
2.674,0.730163
2.675,0.730163
2.676,0.730163
2.677,0.730163
2.678,0.730163
2.679,0.730163
2.68,0.730163
2.681,0.730163
2.682,0.730163
2.683,0.730163
2.684,0.730163
2.685,0.730163
2.686,0.730163
2.687,0.730163
2.688,0.730163
2.689,0.730163
2.69,0.730163
2.691,0.730163
2.692,0.730163
2.693,0.730163
2.694,0.730163
2.695,0.730163
2.696,0.730163
2.697,0.730163
2.698,0.730163
2.699,0.730163
2.7,0.730163
2.701,0.730163
2.702,0.730163
2.703,0.730163
2.704,0.730163
2.705,0.730163
2.706,0.730163
2.707,0.730163
2.708,0.730163
2.709,0.730163
2.71,0.730163
2.711,0.730163
2.712,0.730163
2.713,0.730163
2.714,0.730163
2.715,0.730163
2.716,0.730163
2.717,0.730163
2.718,0.730163
2.719,0.730163
2.72,0.730163
2.721,0.730163
2.722,0.730163
2.723,0.730163
2.724,0.730163
2.725,0.730163
2.726,0.730163
2.727,0.730163
2.728,0.730163
2.729,0.730163
2.73,0.730163
2.731,0.730163
2.732,0.730163
2.733,0.730163
2.734,0.730163
2.735,0.730163
2.736,0.730163
2.737,0.730163
2.738,0.730163
2.739,0.730163
2.74,0.730163
2.741,0.730163
2.742,0.730163
2.743,0.730163
2.744,0.730163
2.745,0.730163
2.746,0.730163
2.747,0.730163
2.748,0.730163
2.749,0.730163
2.75,0.730163
2.751,0.730163
2.752,0.730163
2.753,0.730163
2.754,0.730163
2.755,0.730163
2.756,0.730163
2.757,0.730163
2.758,0.730163
2.759,0.730163
2.76,0.730163
2.761,0.730163
2.762,0.730163
2.763,0.730163
2.764,0.730163
2.765,0.730163
2.766,0.730163
2.767,0.730163
2.768,0.730163
2.769,0.730163
2.77,0.730163
2.771,0.730163
2.772,0.730163
2.773,0.730163
2.774,0.730163
2.775,0.730163
2.776,0.730163
2.777,0.730163
2.778,0.730163
2.779,0.730163
2.78,0.730163
2.781,0.730163
2.782,0.730163
2.783,0.730163
2.784,0.730163
2.785,0.730163
2.786,0.730163
2.787,0.730163
2.788,0.730163
2.789,0.730163
2.79,0.730163
2.791,0.730163
2.792,0.730163
2.793,0.730163
2.794,0.730163
2.795,0.730163
2.796,0.730163
2.797,0.730163
2.798,0.730163
2.799,0.730163
2.8,0.730163
2.801,0.730163
2.802,0.730163
2.803,0.730163
2.804,0.730163
2.805,0.730163
2.806,0.730163
2.807,0.730163
2.808,0.730163
2.809,0.730163
2.81,0.730163
2.811,0.730163
2.812,0.730163
2.813,0.730163
2.814,0.730163
2.815,0.730163
2.816,0.730163
2.817,0.730163
2.818,0.730163
2.819,0.730163
2.82,0.730163
2.821,0.730163
2.822,0.730163
2.823,0.730163
2.824,0.730163
2.825,0.730163
2.826,0.730163
2.827,0.730163
2.828,0.730163
2.829,0.730163
2.83,0.730163
2.831,0.730163
2.832,0.730163
2.833,0.730163
2.834,0.730163
2.835,0.730163
2.836,0.730163
2.837,0.730163
2.838,0.730163
2.839,0.730163
2.84,0.730163
2.841,0.730163
2.842,0.730163
2.843,0.730163
2.844,0.730163
2.845,0.730163
2.846,0.730163
2.847,0.730163
2.848,0.730163
2.849,0.730163
2.85,0.730163
2.851,0.730163
2.852,0.730163
2.853,0.730163
2.854,0.730163
2.855,0.730163
2.856,0.730163
2.857,0.730163
2.858,0.730163
2.859,0.730163
2.86,0.730163
2.861,0.730163
2.862,0.730163
2.863,0.730163
2.864,0.730163
2.865,0.730163
2.866,0.730163
2.867,0.730163
2.868,0.730163
2.869,0.730163
2.87,0.730163
2.871,0.730163
2.872,0.730163
2.873,0.730163
2.874,0.730163
2.875,0.730163
2.876,0.730163
2.877,0.730163
2.878,0.730163
2.879,0.730163
2.88,0.730163
2.881,0.730163
2.882,0.730163
2.883,0.730163
2.884,0.730163
2.885,0.730163
2.886,0.730163
2.887,0.730163
2.888,0.730163
2.889,0.730163
2.89,0.730163
2.891,0.730163
2.892,0.730163
2.893,0.730163
2.894,0.730163
2.895,0.730163
2.896,0.730163
2.897,0.730163
2.898,0.730163
2.899,0.730163
2.9,0.730163
2.901,0.730163
2.902,0.730163
2.903,0.730163
2.904,0.730163
2.905,0.730163
2.906,0.730163
2.907,0.730163
2.908,0.730163
2.909,0.730163
2.91,0.730163
2.911,0.730163
2.912,0.730163
2.913,0.730163
2.914,0.730163
2.915,0.730163
2.916,0.730163
2.917,0.730163
2.918,0.730163
2.919,0.730163
2.92,0.730163
2.921,0.730163
2.922,0.730163
2.923,0.730163
2.924,0.730163
2.925,0.730163
2.926,0.730163
2.927,0.730163
2.928,0.730163
2.929,0.730163
2.93,0.730163
2.931,0.730163
2.932,0.730163
2.933,0.730163
2.934,0.730163
2.935,0.730163
2.936,0.730163
2.937,0.730163
2.938,0.730163
2.939,0.730163
2.94,0.730163
2.941,0.730163
2.942,0.730163
2.943,0.730163
2.944,0.730163
2.945,0.730163
2.946,0.730163
2.947,0.730163
2.948,0.730163
2.949,0.730163
2.95,0.730163
2.951,0.730163
2.952,0.730163
2.953,0.730163
2.954,0.730163
2.955,0.730163
2.956,0.730163
2.957,0.730163
2.958,0.730163
2.959,0.730163
2.96,0.730163
2.961,0.730163
2.962,0.730163
2.963,0.730163
2.964,0.730163
2.965,0.730163
2.966,0.730163
2.967,0.730163
2.968,0.730163
2.969,0.730163
2.97,0.730163
2.971,0.730163
2.972,0.730163
2.973,0.730163
2.974,0.730163
2.975,0.730163
2.976,0.730163
2.977,0.730163
2.978,0.730163
2.979,0.730163
2.98,0.730163
2.981,0.730163
2.982,0.730163
2.983,0.730163
2.984,0.730163
2.985,0.730163
2.986,0.730163
2.987,0.730163
2.988,0.730163
2.989,0.730163
2.99,0.730163
2.991,0.730163
2.992,0.730163
2.993,0.730163
2.994,0.730163
2.995,0.730163
2.996,0.730163
2.997,0.730163
2.998,0.730163
2.999,0.730163
3,0.730163
3.001,0.730163
3.002,0.730163
3.003,0.730163
3.004,0.730163
3.005,0.730163
3.006,0.730163
3.007,0.730163
3.008,0.730163
3.009,0.730163
3.01,0.730163
3.011,0.730163
3.012,0.730163
3.013,0.730163
3.014,0.730163
3.015,0.730163
3.016,0.730163
3.017,0.730163
3.018,0.730163
3.019,0.730163
3.02,0.730163
3.021,0.730163
3.022,0.730163
3.023,0.730163
3.024,0.730163
3.025,0.730163
3.026,0.730163
3.027,0.730163
3.028,0.730163
3.029,0.730163
3.03,0.730163
3.031,0.730163
3.032,0.730163
3.033,0.730163
3.034,0.730163
3.035,0.730163
3.036,0.730163
3.037,0.730163
3.038,0.730163
3.039,0.730163
3.04,0.730163
3.041,0.730163
3.042,0.730163
3.043,0.730163
3.044,0.730163
3.045,0.730163
3.046,0.730163
3.047,0.730163
3.048,0.730163
3.049,0.730163
3.05,0.730163
3.051,0.730163
3.052,0.730163
3.053,0.730163
3.054,0.730163
3.055,0.730163
3.056,0.730163
3.057,0.730163
3.058,0.730163
3.059,0.730163
3.06,0.730163
3.061,0.730163
3.062,0.730163
3.063,0.730163
3.064,0.730163
3.065,0.730163
3.066,0.730163
3.067,0.730163
3.068,0.730163
3.069,0.730163
3.07,0.730163
3.071,0.730163
3.072,0.730163
3.073,0.730163
3.074,0.730163
3.075,0.730163
3.076,0.730163
3.077,0.730163
3.078,0.730163
3.079,0.730163
3.08,0.730163
3.081,0.730163
3.082,0.730163
3.083,0.730163
3.084,0.730163
3.085,0.730163
3.086,0.730163
3.087,0.730163
3.088,0.730163
3.089,0.730163
3.09,0.730163
3.091,0.730163
3.092,0.730163
3.093,0.730163
3.094,0.730163
3.095,0.730163
3.096,0.730163
3.097,0.730163
3.098,0.730163
3.099,0.730163
3.1,0.730163
3.101,0.730163
3.102,0.730163
3.103,0.730163
3.104,0.730163
3.105,0.730163
3.106,0.730163
3.107,0.730163
3.108,0.730163
3.109,0.730163
3.11,0.730163
3.111,0.730163
3.112,0.730163
3.113,0.730163
3.114,0.730163
3.115,0.730163
3.116,0.730163
3.117,0.730163
3.118,0.730163
3.119,0.730163
3.12,0.730163
3.121,0.730163
3.122,0.730163
3.123,0.730163
3.124,0.730163
3.125,0.730163
3.126,0.730163
3.127,0.730163
3.128,0.730163
3.129,0.730163
3.13,0.730163
3.131,0.730163
3.132,0.730163
3.133,0.730163
3.134,0.730163
3.135,0.730163
3.136,0.730163
3.137,0.730163
3.138,0.730163
3.139,0.730163
3.14,0.730163
3.141,0.730163
3.142,0.730163
3.143,0.730163
3.144,0.730163
3.145,0.730163
3.146,0.730163
3.147,0.730163
3.148,0.730163
3.149,0.730163
3.15,0.730163
3.151,0.730163
3.152,0.730163
3.153,0.730163
3.154,0.730163
3.155,0.730163
3.156,0.730163
3.157,0.730163
3.158,0.730163
3.159,0.730163
3.16,0.730163
3.161,0.730163
3.162,0.730163
3.163,0.730163
3.164,0.730163
3.165,0.730163
3.166,0.730163
3.167,0.730163
3.168,0.730163
3.169,0.730163
3.17,0.730163
3.171,0.730163
3.172,0.730163
3.173,0.730163
3.174,0.730163
3.175,0.730163
3.176,0.730163
3.177,0.730163
3.178,0.730163
3.179,0.730163
3.18,0.730163
3.181,0.730163
3.182,0.730163
3.183,0.730163
3.184,0.730163
3.185,0.730163
3.186,0.730163
3.187,0.730163
3.188,0.730163
3.189,0.730163
3.19,0.730163
3.191,0.730163
3.192,0.730163
3.193,0.730163
3.194,0.730163
3.195,0.730163
3.196,0.730163
3.197,0.730163
3.198,0.730163
3.199,0.730163
3.2,0.730163
3.201,0.730163
3.202,0.730163
3.203,0.730163
3.204,0.730163
3.205,0.730163
3.206,0.730163
3.207,0.730163
3.208,0.730163
3.209,0.730163
3.21,0.730163
3.211,0.730163
3.212,0.730163
3.213,0.730163
3.214,0.730163
3.215,0.730163
3.216,0.730163
3.217,0.730163
3.218,0.730163
3.219,0.730163
3.22,0.730163
3.221,0.730163
3.222,0.730163
3.223,0.730163
3.224,0.730163
3.225,0.730163
3.226,0.730163
3.227,0.730163
3.228,0.730163
3.229,0.730163
3.23,0.730163
3.231,0.730163
3.232,0.730163
3.233,0.730163
3.234,0.730163
3.235,0.730163
3.236,0.730163
3.237,0.730163
3.238,0.730163
3.239,0.730163
3.24,0.730163
3.241,0.730163
3.242,0.730163
3.243,0.730163
3.244,0.730163
3.245,0.730163
3.246,0.730163
3.247,0.730163
3.248,0.730163
3.249,0.730163
3.25,0.730163
3.251,0.730163
3.252,0.730163
3.253,0.730163
3.254,0.730163
3.255,0.730163
3.256,0.730163
3.257,0.730163
3.258,0.730163
3.259,0.730163
3.26,0.730163
3.261,0.730163
3.262,0.730163
3.263,0.730163
3.264,0.730163
3.265,0.730163
3.266,0.730163
3.267,0.730163
3.268,0.730163
3.269,0.730163
3.27,0.730163
3.271,0.730163
3.272,0.730163
3.273,0.730163
3.274,0.730163
3.275,0.730163
3.276,0.730163
3.277,0.730163
3.278,0.730163
3.279,0.730163
3.28,0.730163
3.281,0.730163
3.282,0.730163
3.283,0.730163
3.284,0.730163
3.285,0.730163
3.286,0.730163
3.287,0.730163
3.288,0.730163
3.289,0.730163
3.29,0.730163
3.291,0.730163
3.292,0.730163
3.293,0.730163
3.294,0.730163
3.295,0.730163
3.296,0.730163
3.297,0.730163
3.298,0.730163
3.299,0.730163
3.3,0.730163
3.301,0.730163
3.302,0.730163
3.303,0.730163
3.304,0.730163
3.305,0.730163
3.306,0.730163
3.307,0.730163
3.308,0.730163
3.309,0.730163
3.31,0.730163
3.311,0.730163
3.312,0.730163
3.313,0.730163
3.314,0.730163
3.315,0.730163
3.316,0.730163
3.317,0.730163
3.318,0.730163
3.319,0.730163
3.32,0.730163
3.321,0.730163
3.322,0.730163
3.323,0.730163
3.324,0.730163
3.325,0.730163
3.326,0.730163
3.327,0.730163
3.328,0.730163
3.329,0.730163
3.33,0.730163
3.331,0.730163
3.332,0.730163
3.333,0.730163
3.334,0.730163
3.335,0.730163
3.336,0.730163
3.337,0.730163
3.338,0.730163
3.339,0.730163
3.34,0.730163
3.341,0.730163
3.342,0.730163
3.343,0.730163
3.344,0.730163
3.345,0.730163
3.346,0.730163
3.347,0.730163
3.348,0.730163
3.349,0.730163
3.35,0.730163
3.351,0.730163
3.352,0.730163
3.353,0.730163
3.354,0.730163
3.355,0.730163
3.356,0.730163
3.357,0.730163
3.358,0.730163
3.359,0.730163
3.36,0.730163
3.361,0.730163
3.362,0.730163
3.363,0.730163
3.364,0.730163
3.365,0.730163
3.366,0.730163
3.367,0.730163
3.368,0.730163
3.369,0.730163
3.37,0.730163
3.371,0.730163
3.372,0.730163
3.373,0.730163
3.374,0.730163
3.375,0.730163
3.376,0.730163
3.377,0.730163
3.378,0.730163
3.379,0.730163
3.38,0.730163
3.381,0.730163
3.382,0.730163
3.383,0.730163
3.384,0.730163
3.385,0.730163
3.386,0.730163
3.387,0.730163
3.388,0.730163
3.389,0.730163
3.39,0.730163
3.391,0.730163
3.392,0.730163
3.393,0.730163
3.394,0.730163
3.395,0.730163
3.396,0.730163
3.397,0.730163
3.398,0.730163
3.399,0.730163
3.4,0.730163
3.401,0.730163
3.402,0.730163
3.403,0.730163
3.404,0.730163
3.405,0.730163
3.406,0.730163
3.407,0.730163
3.408,0.730163
3.409,0.730163
3.41,0.730163
3.411,0.730163
3.412,0.730163
3.413,0.730163
3.414,0.730163
3.415,0.730163
3.416,0.730163
3.417,0.730163
3.418,0.730163
3.419,0.730163
3.42,0.730163
3.421,0.730163
3.422,0.730163
3.423,0.730163
3.424,0.730163
3.425,0.730163
3.426,0.730163
3.427,0.730163
3.428,0.730163
3.429,0.730163
3.43,0.730163
3.431,0.730163
3.432,0.730163
3.433,0.730163
3.434,0.730163
3.435,0.730163
3.436,0.730163
3.437,0.730163
3.438,0.730163
3.439,0.730163
3.44,0.730163
3.441,0.730163
3.442,0.730163
3.443,0.730163
3.444,0.730163
3.445,0.730163
3.446,0.730163
3.447,0.730163
3.448,0.730163
3.449,0.730163
3.45,0.730163
3.451,0.730163
3.452,0.730163
3.453,0.730163
3.454,0.730163
3.455,0.730163
3.456,0.730163
3.457,0.730163
3.458,0.730163
3.459,0.730163
3.46,0.730163
3.461,0.730163
3.462,0.730163
3.463,0.730163
3.464,0.730163
3.465,0.730163
3.466,0.730163
3.467,0.730163
3.468,0.730163
3.469,0.730163
3.47,0.730163
3.471,0.730163
3.472,0.730163
3.473,0.730163
3.474,0.730163
3.475,0.730163
3.476,0.730163
3.477,0.730163
3.478,0.730163
3.479,0.730163
3.48,0.730163
3.481,0.730163
3.482,0.730163
3.483,0.730163
3.484,0.730163
3.485,0.730163
3.486,0.730163
3.487,0.730163
3.488,0.730163
3.489,0.730163
3.49,0.730163
3.491,0.730163
3.492,0.730163
3.493,0.730163
3.494,0.730163
3.495,0.730163
3.496,0.730163
3.497,0.730163
3.498,0.730163
3.499,0.730163
3.5,0.730163
3.501,0.730163
3.502,0.730163
3.503,0.730163
3.504,0.730163
3.505,0.730163
3.506,0.730163
3.507,0.730163
3.508,0.730163
3.509,0.730163
3.51,0.730163
3.511,0.730163
3.512,0.730163
3.513,0.730163
3.514,0.730163
3.515,0.730163
3.516,0.730163
3.517,0.730163
3.518,0.730163
3.519,0.730163
3.52,0.730163
3.521,0.730163
3.522,0.730163
3.523,0.730163
3.524,0.730163
3.525,0.730163
3.526,0.730163
3.527,0.730163
3.528,0.730163
3.529,0.730163
3.53,0.730163
3.531,0.730163
3.532,0.730163
3.533,0.730163
3.534,0.730163
3.535,0.730163
3.536,0.730163
3.537,0.730163
3.538,0.730163
3.539,0.730163
3.54,0.730163
3.541,0.730163
3.542,0.730163
3.543,0.730163
3.544,0.730163
3.545,0.730163
3.546,0.730163
3.547,0.730163
3.548,0.730163
3.549,0.730163
3.55,0.730163
3.551,0.730163
3.552,0.730163
3.553,0.730163
3.554,0.730163
3.555,0.730163
3.556,0.730163
3.557,0.730163
3.558,0.730163
3.559,0.730163
3.56,0.730163
3.561,0.730163
3.562,0.730163
3.563,0.730163
3.564,0.730163
3.565,0.730163
3.566,0.730163
3.567,0.730163
3.568,0.730163
3.569,0.730163
3.57,0.730163
3.571,0.730163
3.572,0.730163
3.573,0.730163
3.574,0.730163
3.575,0.730163
3.576,0.730163
3.577,0.730163
3.578,0.730163
3.579,0.730163
3.58,0.730163
3.581,0.730163
3.582,0.730163
3.583,0.730163
3.584,0.730163
3.585,0.730163
3.586,0.730163
3.587,0.730163
3.588,0.730163
3.589,0.730163
3.59,0.730163
3.591,0.730163
3.592,0.730163
3.593,0.730163
3.594,0.730163
3.595,0.730163
3.596,0.730163
3.597,0.730163
3.598,0.730163
3.599,0.730163
3.6,0.730163
3.601,0.730163
3.602,0.730163
3.603,0.730163
3.604,0.730163
3.605,0.730163
3.606,0.730163
3.607,0.730163
3.608,0.730163
3.609,0.730163
3.61,0.730163
3.611,0.730163
3.612,0.730163
3.613,0.730163
3.614,0.730163
3.615,0.730163
3.616,0.730163
3.617,0.730163
3.618,0.730163
3.619,0.730163
3.62,0.730163
3.621,0.730163
3.622,0.730163
3.623,0.730163
3.624,0.730163
3.625,0.730163
3.626,0.730163
3.627,0.730163
3.628,0.730163
3.629,0.730163
3.63,0.730163
3.631,0.730163
3.632,0.730163
3.633,0.730163
3.634,0.730163
3.635,0.730163
3.636,0.730163
3.637,0.730163
3.638,0.730163
3.639,0.730163
3.64,0.730163
3.641,0.730163
3.642,0.730163
3.643,0.730163
3.644,0.730163
3.645,0.730163
3.646,0.730163
3.647,0.730163
3.648,0.730163
3.649,0.730163
3.65,0.730163
3.651,0.730163
3.652,0.730163
3.653,0.730163
3.654,0.730163
3.655,0.730163
3.656,0.730163
3.657,0.730163
3.658,0.730163
3.659,0.730163
3.66,0.730163
3.661,0.730163
3.662,0.730163
3.663,0.730163
3.664,0.730163
3.665,0.730163
3.666,0.730163
3.667,0.730163
3.668,0.730163
3.669,0.730163
3.67,0.730163
3.671,0.730163
3.672,0.730163
3.673,0.730163
3.674,0.730163
3.675,0.730163
3.676,0.730163
3.677,0.730163
3.678,0.730163
3.679,0.730163
3.68,0.730163
3.681,0.730163
3.682,0.730163
3.683,0.730163
3.684,0.730163
3.685,0.730163
3.686,0.730163
3.687,0.730163
3.688,0.730163
3.689,0.730163
3.69,0.730163
3.691,0.730163
3.692,0.730163
3.693,0.730163
3.694,0.730163
3.695,0.730163
3.696,0.730163
3.697,0.730163
3.698,0.730163
3.699,0.730163
3.7,0.730163
3.701,0.730163
3.702,0.730163
3.703,0.730163
3.704,0.730163
3.705,0.730163
3.706,0.730163
3.707,0.730163
3.708,0.730163
3.709,0.730163
3.71,0.730163
3.711,0.730163
3.712,0.730163
3.713,0.730163
3.714,0.730163
3.715,0.730163
3.716,0.730163
3.717,0.730163
3.718,0.730163
3.719,0.730163
3.72,0.730163
3.721,0.730163
3.722,0.730163
3.723,0.730163
3.724,0.730163
3.725,0.730163
3.726,0.730163
3.727,0.730163
3.728,0.730163
3.729,0.730163
3.73,0.730163
3.731,0.730163
3.732,0.730163
3.733,0.730163
3.734,0.730163
3.735,0.730163
3.736,0.730163
3.737,0.730163
3.738,0.730163
3.739,0.730163
3.74,0.730163
3.741,0.730163
3.742,0.730163
3.743,0.730163
3.744,0.730163
3.745,0.730163
3.746,0.730163
3.747,0.730163
3.748,0.730163
3.749,0.730163
3.75,0.730163
3.751,0.730163
3.752,0.730163
3.753,0.730163
3.754,0.730163
3.755,0.730163
3.756,0.730163
3.757,0.730163
3.758,0.730163
3.759,0.730163
3.76,0.730163
3.761,0.730163
3.762,0.730163
3.763,0.730163
3.764,0.730163
3.765,0.730163
3.766,0.730163
3.767,0.730163
3.768,0.730163
3.769,0.730163
3.77,0.730163
3.771,0.730163
3.772,0.730163
3.773,0.730163
3.774,0.730163
3.775,0.730163
3.776,0.730163
3.777,0.730163
3.778,0.730163
3.779,0.730163
3.78,0.730163
3.781,0.730163
3.782,0.730163
3.783,0.730163
3.784,0.730163
3.785,0.730163
3.786,0.730163
3.787,0.730163
3.788,0.730163
3.789,0.730163
3.79,0.730163
3.791,0.730163
3.792,0.730163
3.793,0.730163
3.794,0.730163
3.795,0.730163
3.796,0.730163
3.797,0.730163
3.798,0.730163
3.799,0.730163
3.8,0.730163
3.801,0.730163
3.802,0.730163
3.803,0.730163
3.804,0.730163
3.805,0.730163
3.806,0.730163
3.807,0.730163
3.808,0.730163
3.809,0.730163
3.81,0.730163
3.811,0.730163
3.812,0.730163
3.813,0.730163
3.814,0.730163
3.815,0.730163
3.816,0.730163
3.817,0.730163
3.818,0.730163
3.819,0.730163
3.82,0.730163
3.821,0.730163
3.822,0.730163
3.823,0.730163
3.824,0.730163
3.825,0.730163
3.826,0.730163
3.827,0.730163
3.828,0.730163
3.829,0.730163
3.83,0.730163
3.831,0.730163
3.832,0.730163
3.833,0.730163
3.834,0.730163
3.835,0.730163
3.836,0.730163
3.837,0.730163
3.838,0.730163
3.839,0.730163
3.84,0.730163
3.841,0.730163
3.842,0.730163
3.843,0.730163
3.844,0.730163
3.845,0.730163
3.846,0.730163
3.847,0.730163
3.848,0.730163
3.849,0.730163
3.85,0.730163
3.851,0.730163
3.852,0.730163
3.853,0.730163
3.854,0.730163
3.855,0.730163
3.856,0.730163
3.857,0.730163
3.858,0.730163
3.859,0.730163
3.86,0.730163
3.861,0.730163
3.862,0.730163
3.863,0.730163
3.864,0.730163
3.865,0.730163
3.866,0.730163
3.867,0.730163
3.868,0.730163
3.869,0.730163
3.87,0.730163
3.871,0.730163
3.872,0.730163
3.873,0.730163
3.874,0.730163
3.875,0.730163
3.876,0.730163
3.877,0.730163
3.878,0.730163
3.879,0.730163
3.88,0.730163
3.881,0.730163
3.882,0.730163
3.883,0.730163
3.884,0.730163
3.885,0.730163
3.886,0.730163
3.887,0.730163
3.888,0.730163
3.889,0.730163
3.89,0.730163
3.891,0.730163
3.892,0.730163
3.893,0.730163
3.894,0.730163
3.895,0.730163
3.896,0.730163
3.897,0.730163
3.898,0.730163
3.899,0.730163
3.9,0.730163
3.901,0.730163
3.902,0.730163
3.903,0.730163
3.904,0.730163
3.905,0.730163
3.906,0.730163
3.907,0.730163
3.908,0.730163
3.909,0.730163
3.91,0.730163
3.911,0.730163
3.912,0.730163
3.913,0.730163
3.914,0.730163
3.915,0.730163
3.916,0.730163
3.917,0.730163
3.918,0.730163
3.919,0.730163
3.92,0.730163
3.921,0.730163
3.922,0.730163
3.923,0.730163
3.924,0.730163
3.925,0.730163
3.926,0.730163
3.927,0.730163
3.928,0.730163
3.929,0.730163
3.93,0.730163
3.931,0.730163
3.932,0.730163
3.933,0.730163
3.934,0.730163
3.935,0.730163
3.936,0.730163
3.937,0.730163
3.938,0.730163
3.939,0.730163
3.94,0.730163
3.941,0.730163
3.942,0.730163
3.943,0.730163
3.944,0.730163
3.945,0.730163
3.946,0.730163
3.947,0.730163
3.948,0.730163
3.949,0.730163
3.95,0.730163
3.951,0.730163
3.952,0.730163
3.953,0.730163
3.954,0.730163
3.955,0.730163
3.956,0.730163
3.957,0.730163
3.958,0.730163
3.959,0.730163
3.96,0.730163
3.961,0.730163
3.962,0.730163
3.963,0.730163
3.964,0.730163
3.965,0.730163
3.966,0.730163
3.967,0.730163
3.968,0.730163
3.969,0.730163
3.97,0.730163
3.971,0.730163
3.972,0.730163
3.973,0.730163
3.974,0.730163
3.975,0.730163
3.976,0.730163
3.977,0.730163
3.978,0.730163
3.979,0.730163
3.98,0.730163
3.981,0.730163
3.982,0.730163
3.983,0.730163
3.984,0.730163
3.985,0.730163
3.986,0.730163
3.987,0.730163
3.988,0.730163
3.989,0.730163
3.99,0.730163
3.991,0.730163
3.992,0.730163
3.993,0.730163
3.994,0.730163
3.995,0.730163
3.996,0.730163
3.997,0.730163
3.998,0.730163
3.999,0.730163
4,0.730163
4.001,0.730163
4.002,0.730163
4.003,0.730163
4.004,0.730163
4.005,0.730163
4.006,0.730163
4.007,0.730163
4.008,0.730163
4.009,0.730163
4.01,0.730163
4.011,0.730163
4.012,0.730163
4.013,0.730163
4.014,0.730163
4.015,0.730163
4.016,0.730163
4.017,0.730163
4.018,0.730163
4.019,0.730163
4.02,0.730163
4.021,0.730163
4.022,0.730163
4.023,0.730163
4.024,0.730163
4.025,0.730163
4.026,0.730163
4.027,0.730163
4.028,0.730163
4.029,0.730163
4.03,0.730163
4.031,0.730163
4.032,0.730163
4.033,0.730163
4.034,0.730163
4.035,0.730163
4.036,0.730163
4.037,0.730163
4.038,0.730163
4.039,0.730163
4.04,0.730163
4.041,0.730163
4.042,0.730163
4.043,0.730163
4.044,0.730163
4.045,0.730163
4.046,0.730163
4.047,0.730163
4.048,0.730163
4.049,0.730163
4.05,0.730163
4.051,0.730163
4.052,0.730163
4.053,0.730163
4.054,0.730163
4.055,0.730163
4.056,0.730163
4.057,0.730163
4.058,0.730163
4.059,0.730163
4.06,0.730163
4.061,0.730163
4.062,0.730163
4.063,0.730163
4.064,0.730163
4.065,0.730163
4.066,0.730163
4.067,0.730163
4.068,0.730163
4.069,0.730163
4.07,0.730163
4.071,0.730163
4.072,0.730163
4.073,0.730163
4.074,0.730163
4.075,0.730163
4.076,0.730163
4.077,0.730163
4.078,0.730163
4.079,0.730163
4.08,0.730163
4.081,0.730163
4.082,0.730163
4.083,0.730163
4.084,0.730163
4.085,0.730163
4.086,0.730163
4.087,0.730163
4.088,0.730163
4.089,0.730163
4.09,0.730163
4.091,0.730163
4.092,0.730163
4.093,0.730163
4.094,0.730163
4.095,0.730163
4.096,0.730163
4.097,0.730163
4.098,0.730163
4.099,0.730163
4.1,0.730163
4.101,0.730163
4.102,0.730163
4.103,0.730163
4.104,0.730163
4.105,0.730163
4.106,0.730163
4.107,0.730163
4.108,0.730163
4.109,0.730163
4.11,0.730163
4.111,0.730163
4.112,0.730163
4.113,0.730163
4.114,0.730163
4.115,0.730163
4.116,0.730163
4.117,0.730163
4.118,0.730163
4.119,0.730163
4.12,0.730163
4.121,0.730163
4.122,0.730163
4.123,0.730163
4.124,0.730163
4.125,0.730163
4.126,0.730163
4.127,0.730163
4.128,0.730163
4.129,0.730163
4.13,0.730163
4.131,0.730163
4.132,0.730163
4.133,0.730163
4.134,0.730163
4.135,0.730163
4.136,0.730163
4.137,0.730163
4.138,0.730163
4.139,0.730163
4.14,0.730163
4.141,0.730163
4.142,0.730163
4.143,0.730163
4.144,0.730163
4.145,0.730163
4.146,0.730163
4.147,0.730163
4.148,0.730163
4.149,0.730163
4.15,0.730163
4.151,0.730163
4.152,0.730163
4.153,0.730163
4.154,0.730163
4.155,0.730163
4.156,0.730163
4.157,0.730163
4.158,0.730163
4.159,0.730163
4.16,0.730163
4.161,0.730163
4.162,0.730163
4.163,0.730163
4.164,0.730163
4.165,0.730163
4.166,0.730163
4.167,0.730163
4.168,0.730163
4.169,0.730163
4.17,0.730163
4.171,0.730163
4.172,0.730163
4.173,0.730163
4.174,0.730163
4.175,0.730163
4.176,0.730163
4.177,0.730163
4.178,0.730163
4.179,0.730163
4.18,0.730163
4.181,0.730163
4.182,0.730163
4.183,0.730163
4.184,0.730163
4.185,0.730163
4.186,0.730163
4.187,0.730163
4.188,0.730163
4.189,0.730163
4.19,0.730163
4.191,0.730163
4.192,0.730163
4.193,0.730163
4.194,0.730163
4.195,0.730163
4.196,0.730163
4.197,0.730163
4.198,0.730163
4.199,0.730163
4.2,0.730163
4.201,0.730163
4.202,0.730163
4.203,0.730163
4.204,0.730163
4.205,0.730163
4.206,0.730163
4.207,0.730163
4.208,0.730163
4.209,0.730163
4.21,0.730163
4.211,0.730163
4.212,0.730163
4.213,0.730163
4.214,0.730163
4.215,0.730163
4.216,0.730163
4.217,0.730163
4.218,0.730163
4.219,0.730163
4.22,0.730163
4.221,0.730163
4.222,0.730163
4.223,0.730163
4.224,0.730163
4.225,0.730163
4.226,0.730163
4.227,0.730163
4.228,0.730163
4.229,0.730163
4.23,0.730163
4.231,0.730163
4.232,0.730163
4.233,0.730163
4.234,0.730163
4.235,0.730163
4.236,0.730163
4.237,0.730163
4.238,0.730163
4.239,0.730163
4.24,0.730163
4.241,0.730163
4.242,0.730163
4.243,0.730163
4.244,0.730163
4.245,0.730163
4.246,0.730163
4.247,0.730163
4.248,0.730163
4.249,0.730163
4.25,0.730163
4.251,0.730163
4.252,0.730163
4.253,0.730163
4.254,0.730163
4.255,0.730163
4.256,0.730163
4.257,0.730163
4.258,0.730163
4.259,0.730163
4.26,0.730163
4.261,0.730163
4.262,0.730163
4.263,0.730163
4.264,0.730163
4.265,0.730163
4.266,0.730163
4.267,0.730163
4.268,0.730163
4.269,0.730163
4.27,0.730163
4.271,0.730163
4.272,0.730163
4.273,0.730163
4.274,0.730163
4.275,0.730163
4.276,0.730163
4.277,0.730163
4.278,0.730163
4.279,0.730163
4.28,0.730163
4.281,0.730163
4.282,0.730163
4.283,0.730163
4.284,0.730163
4.285,0.730163
4.286,0.730163
4.287,0.730163
4.288,0.730163
4.289,0.730163
4.29,0.730163
4.291,0.730163
4.292,0.730163
4.293,0.730163
4.294,0.730163
4.295,0.730163
4.296,0.730163
4.297,0.730163
4.298,0.730163
4.299,0.730163
4.3,0.730163
4.301,0.730163
4.302,0.730163
4.303,0.730163
4.304,0.730163
4.305,0.730163
4.306,0.730163
4.307,0.730163
4.308,0.730163
4.309,0.730163
4.31,0.730163
4.311,0.730163
4.312,0.730163
4.313,0.730163
4.314,0.730163
4.315,0.730163
4.316,0.730163
4.317,0.730163
4.318,0.730163
4.319,0.730163
4.32,0.730163
4.321,0.730163
4.322,0.730163
4.323,0.730163
4.324,0.730163
4.325,0.730163
4.326,0.730163
4.327,0.730163
4.328,0.730163
4.329,0.730163
4.33,0.730163
4.331,0.730163
4.332,0.730163
4.333,0.730163
4.334,0.730163
4.335,0.730163
4.336,0.730163
4.337,0.730163
4.338,0.730163
4.339,0.730163
4.34,0.730163
4.341,0.730163
4.342,0.730163
4.343,0.730163
4.344,0.730163
4.345,0.730163
4.346,0.730163
4.347,0.730163
4.348,0.730163
4.349,0.730163
4.35,0.730163
4.351,0.730163
4.352,0.730163
4.353,0.730163
4.354,0.730163
4.355,0.730163
4.356,0.730163
4.357,0.730163
4.358,0.730163
4.359,0.730163
4.36,0.730163
4.361,0.730163
4.362,0.730163
4.363,0.730163
4.364,0.730163
4.365,0.730163
4.366,0.730163
4.367,0.730163
4.368,0.730163
4.369,0.730163
4.37,0.730163
4.371,0.730163
4.372,0.730163
4.373,0.730163
4.374,0.730163
4.375,0.730163
4.376,0.730163
4.377,0.730163
4.378,0.730163
4.379,0.730163
4.38,0.730163
4.381,0.730163
4.382,0.730163
4.383,0.730163
4.384,0.730163
4.385,0.730163
4.386,0.730163
4.387,0.730163
4.388,0.730163
4.389,0.730163
4.39,0.730163
4.391,0.730163
4.392,0.730163
4.393,0.730163
4.394,0.730163
4.395,0.730163
4.396,0.730163
4.397,0.730163
4.398,0.730163
4.399,0.730163
4.4,0.730163
4.401,0.730163
4.402,0.730163
4.403,0.730163
4.404,0.730163
4.405,0.730163
4.406,0.730163
4.407,0.730163
4.408,0.730163
4.409,0.730163
4.41,0.730163
4.411,0.730163
4.412,0.730163
4.413,0.730163
4.414,0.730163
4.415,0.730163
4.416,0.730163
4.417,0.730163
4.418,0.730163
4.419,0.730163
4.42,0.730163
4.421,0.730163
4.422,0.730163
4.423,0.730163
4.424,0.730163
4.425,0.730163
4.426,0.730163
4.427,0.730163
4.428,0.730163
4.429,0.730163
4.43,0.730163
4.431,0.730163
4.432,0.730163
4.433,0.730163
4.434,0.730163
4.435,0.730163
4.436,0.730163
4.437,0.730163
4.438,0.730163
4.439,0.730163
4.44,0.730163
4.441,0.730163
4.442,0.730163
4.443,0.730163
4.444,0.730163
4.445,0.730163
4.446,0.730163
4.447,0.730163
4.448,0.730163
4.449,0.730163
4.45,0.730163
4.451,0.730163
4.452,0.730163
4.453,0.730163
4.454,0.730163
4.455,0.730163
4.456,0.730163
4.457,0.730163
4.458,0.730163
4.459,0.730163
4.46,0.730163
4.461,0.730163
4.462,0.730163
4.463,0.730163
4.464,0.730163
4.465,0.730163
4.466,0.730163
4.467,0.730163
4.468,0.730163
4.469,0.730163
4.47,0.730163
4.471,0.730163
4.472,0.730163
4.473,0.730163
4.474,0.730163
4.475,0.730163
4.476,0.730163
4.477,0.730163
4.478,0.730163
4.479,0.730163
4.48,0.730163
4.481,0.730163
4.482,0.730163
4.483,0.730163
4.484,0.730163
4.485,0.730163
4.486,0.730163
4.487,0.730163
4.488,0.730163
4.489,0.730163
4.49,0.730163
4.491,0.730163
4.492,0.730163
4.493,0.730163
4.494,0.730163
4.495,0.730163
4.496,0.730163
4.497,0.730163
4.498,0.730163
4.499,0.730163
4.5,0.730163
4.501,0.730163
4.502,0.730163
4.503,0.730163
4.504,0.730163
4.505,0.730163
4.506,0.730163
4.507,0.730163
4.508,0.730163
4.509,0.730163
4.51,0.730163
4.511,0.730163
4.512,0.730163
4.513,0.730163
4.514,0.730163
4.515,0.730163
4.516,0.730163
4.517,0.730163
4.518,0.730163
4.519,0.730163
4.52,0.730163
4.521,0.730163
4.522,0.730163
4.523,0.730163
4.524,0.730163
4.525,0.730163
4.526,0.730163
4.527,0.730163
4.528,0.730163
4.529,0.730163
4.53,0.730163
4.531,0.730163
4.532,0.730163
4.533,0.730163
4.534,0.730163
4.535,0.730163
4.536,0.730163
4.537,0.730163
4.538,0.730163
4.539,0.730163
4.54,0.730163
4.541,0.730163
4.542,0.730163
4.543,0.730163
4.544,0.730163
4.545,0.730163
4.546,0.730163
4.547,0.730163
4.548,0.730163
4.549,0.730163
4.55,0.730163
4.551,0.730163
4.552,0.730163
4.553,0.730163
4.554,0.730163
4.555,0.730163
4.556,0.730163
4.557,0.730163
4.558,0.730163
4.559,0.730163
4.56,0.730163
4.561,0.730163
4.562,0.730163
4.563,0.730163
4.564,0.730163
4.565,0.730163
4.566,0.730163
4.567,0.730163
4.568,0.730163
4.569,0.730163
4.57,0.730163
4.571,0.730163
4.572,0.730163
4.573,0.730163
4.574,0.730163
4.575,0.730163
4.576,0.730163
4.577,0.730163
4.578,0.730163
4.579,0.730163
4.58,0.730163
4.581,0.730163
4.582,0.730163
4.583,0.730163
4.584,0.730163
4.585,0.730163
4.586,0.730163
4.587,0.730163
4.588,0.730163
4.589,0.730163
4.59,0.730163
4.591,0.730163
4.592,0.730163
4.593,0.730163
4.594,0.730163
4.595,0.730163
4.596,0.730163
4.597,0.730163
4.598,0.730163
4.599,0.730163
4.6,0.730163
4.601,0.730163
4.602,0.730163
4.603,0.730163
4.604,0.730163
4.605,0.730163
4.606,0.730163
4.607,0.730163
4.608,0.730163
4.609,0.730163
4.61,0.730163
4.611,0.730163
4.612,0.730163
4.613,0.730163
4.614,0.730163
4.615,0.730163
4.616,0.730163
4.617,0.730163
4.618,0.730163
4.619,0.730163
4.62,0.730163
4.621,0.730163
4.622,0.730163
4.623,0.730163
4.624,0.730163
4.625,0.730163
4.626,0.730163
4.627,0.730163
4.628,0.730163
4.629,0.730163
4.63,0.730163
4.631,0.730163
4.632,0.730163
4.633,0.730163
4.634,0.730163
4.635,0.730163
4.636,0.730163
4.637,0.730163
4.638,0.730163
4.639,0.730163
4.64,0.730163
4.641,0.730163
4.642,0.730163
4.643,0.730163
4.644,0.730163
4.645,0.730163
4.646,0.730163
4.647,0.730163
4.648,0.730163
4.649,0.730163
4.65,0.730163
4.651,0.730163
4.652,0.730163
4.653,0.730163
4.654,0.730163
4.655,0.730163
4.656,0.730163
4.657,0.730163
4.658,0.730163
4.659,0.730163
4.66,0.730163
4.661,0.730163
4.662,0.730163
4.663,0.730163
4.664,0.730163
4.665,0.730163
4.666,0.730163
4.667,0.730163
4.668,0.730163
4.669,0.730163
4.67,0.730163
4.671,0.730163
4.672,0.730163
4.673,0.730163
4.674,0.730163
4.675,0.730163
4.676,0.730163
4.677,0.730163
4.678,0.730163
4.679,0.730163
4.68,0.730163
4.681,0.730163
4.682,0.730163
4.683,0.730163
4.684,0.730163
4.685,0.730163
4.686,0.730163
4.687,0.730163
4.688,0.730163
4.689,0.730163
4.69,0.730163
4.691,0.730163
4.692,0.730163
4.693,0.730163
4.694,0.730163
4.695,0.730163
4.696,0.730163
4.697,0.730163
4.698,0.730163
4.699,0.730163
4.7,0.730163
4.701,0.730163
4.702,0.730163
4.703,0.730163
4.704,0.730163
4.705,0.730163
4.706,0.730163
4.707,0.730163
4.708,0.730163
4.709,0.730163
4.71,0.730163
4.711,0.730163
4.712,0.730163
4.713,0.730163
4.714,0.730163
4.715,0.730163
4.716,0.730163
4.717,0.730163
4.718,0.730163
4.719,0.730163
4.72,0.730163
4.721,0.730163
4.722,0.730163
4.723,0.730163
4.724,0.730163
4.725,0.730163
4.726,0.730163
4.727,0.730163
4.728,0.730163
4.729,0.730163
4.73,0.730163
4.731,0.730163
4.732,0.730163
4.733,0.730163
4.734,0.730163
4.735,0.730163
4.736,0.730163
4.737,0.730163
4.738,0.730163
4.739,0.730163
4.74,0.730163
4.741,0.730163
4.742,0.730163
4.743,0.730163
4.744,0.730163
4.745,0.730163
4.746,0.730163
4.747,0.730163
4.748,0.730163
4.749,0.730163
4.75,0.730163
4.751,0.730163
4.752,0.730163
4.753,0.730163
4.754,0.730163
4.755,0.730163
4.756,0.730163
4.757,0.730163
4.758,0.730163
4.759,0.730163
4.76,0.730163
4.761,0.730163
4.762,0.730163
4.763,0.730163
4.764,0.730163
4.765,0.730163
4.766,0.730163
4.767,0.730163
4.768,0.730163
4.769,0.730163
4.77,0.730163
4.771,0.730163
4.772,0.730163
4.773,0.730163
4.774,0.730163
4.775,0.730163
4.776,0.730163
4.777,0.730163
4.778,0.730163
4.779,0.730163
4.78,0.730163
4.781,0.730163
4.782,0.730163
4.783,0.730163
4.784,0.730163
4.785,0.730163
4.786,0.730163
4.787,0.730163
4.788,0.730163
4.789,0.730163
4.79,0.730163
4.791,0.730163
4.792,0.730163
4.793,0.730163
4.794,0.730163
4.795,0.730163
4.796,0.730163
4.797,0.730163
4.798,0.730163
4.799,0.730163
4.8,0.730163
4.801,0.730163
4.802,0.730163
4.803,0.730163
4.804,0.730163
4.805,0.730163
4.806,0.730163
4.807,0.730163
4.808,0.730163
4.809,0.730163
4.81,0.730163
4.811,0.730163
4.812,0.730163
4.813,0.730163
4.814,0.730163
4.815,0.730163
4.816,0.730163
4.817,0.730163
4.818,0.730163
4.819,0.730163
4.82,0.730163
4.821,0.730163
4.822,0.730163
4.823,0.730163
4.824,0.730163
4.825,0.730163
4.826,0.730163
4.827,0.730163
4.828,0.730163
4.829,0.730163
4.83,0.730163
4.831,0.730163
4.832,0.730163
4.833,0.730163
4.834,0.730163
4.835,0.730163
4.836,0.730163
4.837,0.730163
4.838,0.730163
4.839,0.730163
4.84,0.730163
4.841,0.730163
4.842,0.730163
4.843,0.730163
4.844,0.730163
4.845,0.730163
4.846,0.730163
4.847,0.730163
4.848,0.730163
4.849,0.730163
4.85,0.730163
4.851,0.730163
4.852,0.730163
4.853,0.730163
4.854,0.730163
4.855,0.730163
4.856,0.730163
4.857,0.730163
4.858,0.730163
4.859,0.730163
4.86,0.730163
4.861,0.730163
4.862,0.730163
4.863,0.730163
4.864,0.730163
4.865,0.730163
4.866,0.730163
4.867,0.730163
4.868,0.730163
4.869,0.730163
4.87,0.730163
4.871,0.730163
4.872,0.730163
4.873,0.730163
4.874,0.730163
4.875,0.730163
4.876,0.730163
4.877,0.730163
4.878,0.730163
4.879,0.730163
4.88,0.730163
4.881,0.730163
4.882,0.730163
4.883,0.730163
4.884,0.730163
4.885,0.730163
4.886,0.730163
4.887,0.730163
4.888,0.730163
4.889,0.730163
4.89,0.730163
4.891,0.730163
4.892,0.730163
4.893,0.730163
4.894,0.730163
4.895,0.730163
4.896,0.730163
4.897,0.730163
4.898,0.730163
4.899,0.730163
4.9,0.730163
4.901,0.730163
4.902,0.730163
4.903,0.730163
4.904,0.730163
4.905,0.730163
4.906,0.730163
4.907,0.730163
4.908,0.730163
4.909,0.730163
4.91,0.730163
4.911,0.730163
4.912,0.730163
4.913,0.730163
4.914,0.730163
4.915,0.730163
4.916,0.730163
4.917,0.730163
4.918,0.730163
4.919,0.730163
4.92,0.730163
4.921,0.730163
4.922,0.730163
4.923,0.730163
4.924,0.730163
4.925,0.730163
4.926,0.730163
4.927,0.730163
4.928,0.730163
4.929,0.730163
4.93,0.730163
4.931,0.730163
4.932,0.730163
4.933,0.730163
4.934,0.730163
4.935,0.730163
4.936,0.730163
4.937,0.730163
4.938,0.730163
4.939,0.730163
4.94,0.730163
4.941,0.730163
4.942,0.730163
4.943,0.730163
4.944,0.730163
4.945,0.730163
4.946,0.730163
4.947,0.730163
4.948,0.730163
4.949,0.730163
4.95,0.730163
4.951,0.730163
4.952,0.730163
4.953,0.730163
4.954,0.730163
4.955,0.730163
4.956,0.730163
4.957,0.730163
4.958,0.730163
4.959,0.730163
4.96,0.730163
4.961,0.730163
4.962,0.730163
4.963,0.730163
4.964,0.730163
4.965,0.730163
4.966,0.730163
4.967,0.730163
4.968,0.730163
4.969,0.730163
4.97,0.730163
4.971,0.730163
4.972,0.730163
4.973,0.730163
4.974,0.730163
4.975,0.730163
4.976,0.730163
4.977,0.730163
4.978,0.730163
4.979,0.730163
4.98,0.730163
4.981,0.730163
4.982,0.730163
4.983,0.730163
4.984,0.730163
4.985,0.730163
4.986,0.730163
4.987,0.730163
4.988,0.730163
4.989,0.730163
4.99,0.730163
4.991,0.730163
4.992,0.730163
4.993,0.730163
4.994,0.730163
4.995,0.730163
4.996,0.730163
4.997,0.730163
4.998,0.730163
4.999,0.730163
5,0.730163