wave,throughput
1.9429443876461823,0.0
1.9431395150693553,1.0
1.94333370266839,1.0
1.943526972408727,1.0
1.943719346067733,1.0
1.9439108452347007,1.0
1.9441014913108496,1.0
1.944291305509324,1.0
1.9444803088551956,1.0
1.9446685221854614,1.0
1.944855966149044,1.0
1.9450426612067937,1.0
1.9452286276314852,1.0
1.9454138855078202,1.0
1.945598454732426,1.0
1.9457823550138564,1.0
1.945965605872591,1.0
1.9461482266410357,1.0
1.946330236463522,1.0
1.946511654296308,1.0
1.9466924989075776,1.0
1.9468727888774409,1.0
1.947052542597934,1.0
1.947231778273019,1.0
1.9474105139185844,1.0
1.9475887673624444,1.0
1.9477665562443391,1.0
1.9479438980159356,1.0
1.9481208099408258,1.0
1.948297309094529,1.0
1.9484734123644893,1.0
1.948649136450078,1.0
1.9488244978625915,1.0
1.948999512925253,1.0
1.9491741977732115,1.0
1.949348568353542,1.0
1.9495226404252457,1.0
1.9496964295592498,1.0
1.9498699511384074,1.0
1.9500432203574982,1.0
1.9502162522232278,1.0
1.9503890615542272,1.0
1.9505616629810543,1.0
1.9507340709461927,1.0
1.950906299704052,1.0
1.9510783633209683,1.0
1.9512502756752035,1.0
1.9514220504569453,1.0
1.951593701168308,1.0
1.9517652411233315,1.0
1.951936683447982,1.0
1.9521080410801521,1.0
1.9522793267696599,1.0
1.9524505530782497,1.0
1.9526217323795922,1.0
1.9527928768592837,1.0
1.952963998514847,1.0
1.953135109155731,1.0
1.95330622040331,1.0
1.9534773436908854,1.0
1.9536484902636837,1.0
1.9538196711788582,1.0
1.9539908973054878,1.0
1.9541621793245778,1.0
1.9543335277290592,1.0
1.9545049528237897,1.0
1.9546764647255521,1.0
1.9548480733630564,1.0
1.9550197884769378,1.0
1.955191619619758,1.0
1.9553635761560049,1.0
1.9555356672620916,1.0
1.9557079019263586,1.0
1.9558802889490716,1.0
1.9560528369424224,1.0
1.9562255543305291,1.0
1.956398449349436,1.0
1.956571530047113,1.0
1.9567448042834565,1.0
1.956918279730289,1.0
1.9570919638713589,1.0
1.9572658640023404,1.0
1.9574399872308341,1.0
1.957614340476367,1.0
1.9577889304703915,1.0
1.9579637637562866,1.0
1.9581388466893568,1.0
1.9583141854368333,1.0
1.9584897859778732,1.0
1.9586656541035594,1.0
1.958841795416901,1.0
1.9590182153328333,1.0
1.9591949190782179,1.0
1.9593719116918418,1.0
1.9595491980244184,1.0
1.9597267827385876,1.0
1.9599046703089147,1.0
1.9600828650218913,1.0
1.9602613709759356,1.0
1.960440192081391,1.0
1.9606193320605276,1.0
1.9607987944475413,1.0
1.9609785825885542,1.0
1.9611586996416142,1.0
1.9613391485766958,1.0
1.961519932175699,1.0
1.9617010530324506,1.0
1.9618825135527025,1.0
1.9620643159541333,1.0
1.9622464622663478,1.0
1.9624289543308764,1.0
1.962611793801176,1.0
1.9627949821426292,1.0
1.962978520632545,1.0
1.9631624103601581,1.0
1.9633466522266299,1.0
1.9635312469450472,1.0
1.9637161950404232,1.0
1.9639014968496973,1.0
1.9640871525217345,1.0
1.9642731620173266,1.0
1.9644595251091905,1.0
1.9646462413819703,1.0
1.964833310232235,1.0
1.965020730868481,1.0
1.9652085023111294,1.0
1.9653966233925284,1.0
1.9655850927569518,1.0
1.9657739088605997,1.0
1.9659630699715978,1.0
1.9661525741699983,1.0
1.9663424193477799,1.0
1.9665326032088462,1.0
1.9667231232690279,1.0
1.9669139768560813,1.0
1.967105161109689,1.0
1.9672966729814596,1.0
1.9674885092349277,1.0
1.9676806664455537,1.0
1.9678731410007249,1.0
1.9680659290997538,1.0
1.9682590267538795,1.0
1.9684524297862669,1.0
1.9686461338320074,1.0
1.9688401343381177,1.0
1.969034426563541,1.0
1.9692290055791473,1.0
1.9694238662677312,1.0
1.9696190033240148,1.0
1.9698144112546452,1.0
1.970010084378196,1.0
1.9702060168251672,1.0
1.9704022025379841,1.0
1.970598635270999,1.0
1.9707953085904895,1.0
1.9709922158746596,1.0
1.9711893503136395,1.0
1.971386704909485,1.0
1.971584272476179,1.0
1.9717820456396289,1.0
1.9719800168376695,1.0
1.9721781783200611,1.0
1.9723765221484906,1.0
1.9725750401965698,1.0
1.972773724149838,1.0
1.9729725655057597,1.0
1.9731715555737255,1.0
1.9733706854750526,1.0
1.9735699461429836,1.0
1.9737693283226878,1.0
1.9739688225712602,1.0
1.974168419257722,1.0
1.9743681085630203,1.0
1.9745678804800284,1.0
1.9747677248135458,1.0
1.9749676311802977,1.0
1.9751675890089362,1.0
1.9753675875400385,1.0
1.9755676158261082,1.0
1.9757676627315752,1.0
1.9759677169327954,1.0
1.9761677669180506,1.0
1.9763678009875487,1.0
1.9765678072534238,1.0
1.9767677736397364,0.0
1.993636079212326,0.0
1.993817355913274,1.0
1.9939987083414359,1.0
1.9941801364446532,1.0
1.9943616402136555,1.0
1.9945432196812354,1.0
1.9947248749214244,1.0
1.9949066060486682,1.0
1.9950884132170017,1.0
1.9952702966192246,1.0
1.9954522564860764,1.0
1.9956342930854127,1.0
1.9958164067213795,1.0
1.995998597733589,1.0
1.9961808664962948,1.0
1.9963632134175677,1.0
1.9965456389384706,1.0
1.9967281435322337,1.0
1.9969107277034306,1.0
1.997093391987153,1.0
1.9972761369481862,1.0
1.9974589631801842,1.0
1.997641871304846,1.0
1.99782486197109,1.0
1.9980079358542295,1.0
1.9981910936551484,1.0
1.998374336099476,1.0
1.9985576639367633,1.0
1.9987410779396577,1.0
1.9989245789030778,1.0
1.9991081676433902,1.0
1.9992918449975832,1.0
1.999475611822444,1.0
1.999659468993732,1.0
1.9998434174053559,1.0
2.000027457968548,1.0
2.0002115916110403,1.0
2.000395819276239,1.0
2.0005801419224003,1.0
2.0007645605218065,1.0
2.0009490760599395,1.0
2.001133689534658,1.0
2.0013184019553725,1.0
2.001503214342219,1.0
2.001688127725237,1.0
2.001873143143543,1.0
2.0020582616445055,1.0
2.002243484282922,1.0
2.0024288121201947,1.0
2.002614246223502,1.0
2.0027997876649786,1.0
2.0029854375208886,1.0
2.0031711968708,1.0
2.003357066796762,1.0
2.0035430483824803,1.0
2.0037291427124893,1.0
2.003915350871332,1.0
2.0041016739427318,1.0
2.0042881130087693,1.0
2.004474669149059,1.0
2.0046613434399205,1.0
2.0048481369535596,1.0
2.0050350507572383,1.0
2.005222085912454,1.0
2.0054092434741113,1.0
2.0055965244897016,1.0
2.005783929998475,1.0
2.0059714610306174,1.0
2.006159118606425,1.0
2.0063469037354795,1.0
2.0065348174158246,1.0
2.0067228606331415,1.0
2.0069110343599212,1.0
2.0070993395546446,1.0
2.007287777160953,1.0
2.0074763481068274,1.0
2.007665053303762,1.0
2.00785389364594,1.0
2.0080428700094073,1.0
2.008231983251251,1.0
2.008421234208772,1.0
2.0086106236986625,1.0
2.0088001525161796,1.0
2.0089898214343207,1.0
2.009179631203001,1.0
2.0093695825482256,1.0
2.0095596761712686,1.0
2.0097499127478446,1.0
2.0099402929272867,1.0
2.010130817331721,1.0
2.010321486555242,1.0
2.0105123011630885,1.0
2.0107032616908174,1.0
2.0108943686434806,1.0
2.0110856224947997,1.0
2.0112770236863415,1.0
2.0114685726266934,1.0
2.011660269690639,1.0
2.011852115218333,1.0
2.0120441095144757,1.0
2.01223625284749,1.0
2.0124285454486976,1.0
2.0126209875114904,1.0
2.0128135791905093,1.0
2.0130063206008195,1.0
2.013199211817083,1.0
2.013392252872738,1.0
2.0135854437591707,1.0
2.013778784424892,1.0
2.0139722747747135,1.0
2.0141659146689226,1.0
2.0143597039224566,1.0
2.01455364230408,1.0
2.0147477295355576,1.0
2.0149419652908325,1.0
2.015136349195199,1.0
2.0153308808244796,1.0
2.0155255597041997,1.0
2.015720385308762,1.0
2.0159153570606247,1.0
2.0161104743294733,1.0
2.0163057364313985,1.0
2.0165011426280715,1.0
2.0166966921259166,1.0
2.01689238407529,1.0
2.017088217569654,1.0
2.017284191644751,1.0
2.0174803052777794,1.0
2.0176765573865714,1.0
2.017872946828765,1.0
2.018069472400981,1.0
2.0182661328379985,1.0
2.0184629268119294,1.0
2.0186598529313944,1.0
2.0188569097406983,1.0
2.019054095719005,1.0
2.0192514092795126,1.0
2.0194488487686306,1.0
2.019646412465153,1.0
2.0198440985794344,1.0
2.0200419052525658,1.0
2.02023983055555,1.0
2.020437872488475,1.0
2.0206360289796934,1.0
2.020834297884994,1.0
2.0210326769867777,1.0
2.0212311639932348,1.0
2.0214297565375188,1.0
2.0216284521769223,1.0
2.0218272483920523,1.0
2.0220261425860047,1.0
2.0222251320835407,1.0
2.022424214130262,1.0
2.0226233858917864,1.0
2.0228226444529223,1.0
2.023021986816844,1.0
2.0232214099042687,1.0
2.02342091055263,1.0
2.0236204855152535,1.0
2.0238201314605337,1.0
2.0240198449711078,1.0
2.024219622543031,1.0
2.024419460584953,1.0
2.024619355417293,1.0
2.0248193032714137,1.0
2.0250193002887986,1.0
2.0252193425202267,1.0
2.025419425924947,1.0
2.025619546369855,1.0
2.025819699628667,1.0
2.0260198813810963,1.0
2.026220087212028,1.0
2.026420312610696,1.0
2.026620552969854,1.0
2.026820803584958,1.0
2.0270210596533333,1.0
2.0272213162733563,1.0
2.027421568443628,1.0
2.027621811062147,1.0
2.027822038925489,1.0
2.028022246727978,1.0
2.028222429060865,1.0
2.028422580411501,1.0
2.0286226951625137,1.0
2.028822767590983,0.0
2.047024763461932,0.0
2.0472091104256527,1.0
2.047393678343851,1.0
2.0475784654281193,1.0
2.0477634698985865,1.0
2.0479486899839214,1.0
2.0481341239213338,1.0
2.0483197699565774,1.0
2.0485056263439536,1.0
2.0486916913463133,1.0
2.04887796323506,1.0
2.049064440290152,1.0
2.049251120800105,1.0
2.0494380030619954,1.0
2.049625085381463,1.0
2.049812366072713,1.0
2.0499998434585196,1.0
2.050187515870227,1.0
2.0503753816477546,1.0
2.050563439139597,1.0
2.0507516867028284,1.0
2.0509401227031048,1.0
2.0511287455146676,1.0
2.051317553520344,1.0
2.0515065451115517,1.0
2.051695718688301,1.0
2.0518850726591973,1.0
2.0520746054414443,1.0
2.052264315460845,1.0
2.0524542011518077,1.0
2.0526442609573445,1.0
2.052834493329078,1.0
2.05302489672724,1.0
2.053215469620679,1.0
2.053406210486857,1.0
2.053597117811858,1.0
2.0537881900903865,1.0
2.053979425825772,1.0
2.0541708235299714,1.0
2.054362381723572,1.0
2.054554098935793,1.0
2.05474597370449,1.0
2.0549380045761554,1.0
2.0551301901059236,1.0
2.0553225288575714,1.0
2.055515019403523,1.0
2.05570766032485,1.0
2.0559004502112757,1.0
2.056093387661178,1.0
2.0562864712815916,1.0
2.056479699688211,1.0
2.056673071505391,1.0
2.056866585366154,1.0
2.057060239912188,1.0
2.057254033793851,1.0
2.0574479656701765,1.0
2.05764203420887,1.0
2.057836238086317,1.0
2.0580305759875843,1.0
2.058225046606422,1.0
2.0584196486452657,1.0
2.0586143808152406,1.0
2.0588092418361637,1.0
2.0590042304365457,1.0
2.059199345353595,1.0
2.0593945853332185,1.0
2.0595899491300265,1.0
2.0597854355073344,1.0
2.059981043237164,1.0
2.060176771100249,1.0
2.0603726178860353,1.0
2.0605685823926847,1.0
2.060764663427077,1.0
2.060960859804814,1.0
2.0611571703502203,1.0
2.061353593896347,1.0
2.061550129284976,1.0
2.0617467753666183,1.0
2.0619435310005207,1.0
2.062140395054668,1.0
2.062337366405783,1.0
2.0625344439393327,1.0
2.0627316265495277,1.0
2.0629289131393285,1.0
2.0631263026204434,1.0
2.0633237939133364,1.0
2.0635213859472263,1.0
2.06371907766009,1.0
2.063916867998667,1.0
2.0641147559184594,1.0
2.0643127403837362,1.0
2.0645108203675364,1.0
2.06470899485167,1.0
2.0649072628267224,1.0
2.0651056232920557,1.0
2.065304075255812,1.0
2.0655026177349174,1.0
2.065701249755081,1.0
2.065899970350802,1.0
2.066098778565369,1.0
2.0662976734508645,1.0
2.0664966540681675,1.0
2.0666957194869546,1.0
2.0668948687857047,1.0
2.0670941010517008,1.0
2.0672934153810316,1.0
2.067492810878597,1.0
2.067692286658107,1.0
2.0678918418420884,1.0
2.0680914755618844,1.0
2.0682911869576577,1.0
2.068490975178395,1.0
2.0686908393819086,1.0
2.0688907787348376,1.0
2.069090792412654,1.0
2.0692908795996607,1.0
2.069491039489,1.0
2.06969127128265,1.0
2.069891574191432,1.0
2.070091947435012,1.0
2.0702923902419017,1.0
2.0704929018494633,1.0
2.0706934815039113,1.0
2.070894128460314,1.0
2.0710948419825983,1.0
2.0712956213435514,1.0
2.071496465824824,1.0
2.0716973747169307,1.0
2.071898347319257,1.0
2.0720993829400567,1.0
2.072300480896459,1.0
2.07250164051447,1.0
2.0727028611289726,1.0
2.0729041420837335,1.0
2.0731054827314037,1.0
2.07330688243352,1.0
2.07350834056051,1.0
2.073709856491693,1.0
2.0739114296152845,1.0
2.0741130593283974,1.0
2.074314745037044,1.0
2.074516486156141,1.0
2.074718282109511,1.0
2.074920132329885,1.0
2.075122036258904,1.0
2.0753239933471237,1.0
2.075526003054017,1.0
2.0757280648479757,1.0
2.0759301782063124,1.0
2.0761323426152662,1.0
2.0763345575700014,1.0
2.076536822574614,1.0
2.0767391371421318,1.0
2.076941500794518,1.0
2.077143913062673,1.0
2.0773463734864395,1.0
2.0775488816146024,1.0
2.0777514370048924,1.0
2.07795403922399,1.0
2.078156687847526,1.0
2.0783593824600857,1.0
2.0785621226552107,1.0
2.078764908035403,1.0
2.0789677382121257,1.0
2.079170612805807,1.0
2.0793735314458424,1.0
2.0795764937705976,1.0
2.0797794994274112,1.0
2.0799825480725973,1.0
2.0801856393714475,1.0
2.0803887729982353,1.0
2.0805919486362168,1.0
2.080795165977635,1.0
2.0809984247237203,1.0
2.0812017245846968,1.0
2.0814050652797813,1.0
2.0816084465371874,1.0
2.081811868094129,1.0
2.0820153296968225,1.0
2.082218831100488,1.0
2.0824223720693547,1.0
2.08262595237666,1.0
2.0828295718046563,1.0
2.083033230144611,1.0
2.083236927196809,0.0
2.103409385442543,0.0
2.1036003460877457,1.0
2.10379129298572,1.0
2.1039822439327667,1.0
2.104173215965305,1.0
2.104364225371966,1.0
2.1045552877056863,1.0
2.104746417795806,1.0
2.104937629760161,1.0
2.1051289370171795,1.0
2.105320352297976,1.0
2.1055118876584484,1.0
2.1057035544913694,1.0
2.1058953635384854,1.0
2.1060873249026084,1.0
2.106279448059714,1.0
2.1064717418710326,1.0
2.106664214595148,1.0
2.1068568739000915,1.0
2.1070497268754345,1.0
2.107242780044387,1.0
2.107436039375891,1.0
2.1076295102967135,1.0
2.107823197703546,1.0
2.1080171059750965,1.0
2.1082112389841843,1.0
2.1084056001098355,1.0
2.1086001922493796,1.0
2.108795017830542,1.0
2.1089900788235414,1.0
2.1091853767531825,1.0
2.1093809127109524,1.0
2.1095766873671153,1.0
2.1097727009828087,1.0
2.1099689534221353,1.0
2.1101654441642617,1.0
2.11036217231551,1.0
2.1105591366214567,1.0
2.1107563354790235,1.0
2.110953766948575,1.0
2.111151428766014,1.0
2.1113493183548733,1.0
2.111547432838415,1.0
2.111745769051723,1.0
2.1119443235537987,1.0
2.1121430926396543,1.0
2.1123420723524107,1.0
2.112541258495391,1.0
2.112740646644215,1.0
2.112940232158896,1.0
2.1131400101959334,1.0
2.113339975720409,1.0
2.1135401235180833,1.0
2.1137404482074875,1.0
2.1139409442520214,1.0
2.114141605972047,1.0
2.114342427556983,1.0
2.1145434030774015,1.0
2.114744526497121,1.0
2.1149457916853036,1.0
2.115147192428548,1.0
2.115348722442986,1.0
2.115550375386376,1.0
2.1157521448702,1.0
2.1159540244717565,1.0
2.116156007746257,1.0
2.116358088238921,1.0
2.11656025949707,1.0
2.1167625150822227,1.0
2.1169648485821906,1.0
2.117167253623174,1.0
2.1173697238818536,1.0
2.117572253097489,1.0
2.1177748350840133,1.0
2.1179774637421254,1.0
2.118180133071388,1.0
2.1183828371823203,1.0
2.1185855703084955,1.0
2.118788326818634,1.0
2.1189911012286986,1.0
2.11919388821399,1.0
2.1193966826212414,1.0
2.1195994794807143,1.0
2.1198022740182925,1.0
2.120005061667577,1.0
2.120207838081983,1.0
2.1204105991468323,1.0
2.1206133409914494,1.0
2.120816060001257,1.0
2.1210187528298707,1.0
2.1212214164111938,1.0
2.1214240479715123,1.0
2.1216266450415904,1.0
2.1218292054687646,1.0
2.1220317274290394,1.0
2.1222342094391826,1.0
2.1224366503688192,1.0
2.122639049452528,1.0
2.1228414063019345,1.0
2.123043720917808,1.0
2.1232459937021555,1.0
2.1234482254703173,1.0
2.1236504174630606,1.0
2.1238525713586767,1.0
2.1240546892850745,1.0
2.1242567738318754,1.0
2.1244588280625094,1.0
2.1246608555263093,1.0
2.1248628602706057,1.0
2.1250648468528226,1.0
2.1252668203525724,1.0
2.125468786383749,1.0
2.1256707511066257,1.0
2.1258727212399493,1.0
2.1260747040730332,1.0
2.126276707477855,1.0
2.1264787399211498,1.0
2.1266808104765063,1.0
2.126882928836461,1.0
2.1270851053245936,1.0
2.127287350907622,1.0
2.127489677207498,1.0
2.1276920965134996,1.0
2.12789462179433,1.0
2.1280972667102103,1.0
2.1283000456249734,1.0
2.1285029736181618,1.0
2.128706066497121,1.0
2.1289093408090944,1.0
2.129112813853319,1.0
2.12931650369312,1.0
2.129520429168005,1.0
2.129724609905762,1.0
2.1299290663345496,1.0
2.130133819694997,1.0
2.130338892052296,1.0
2.130544306308296,1.0
2.1307500862136006,1.0
2.1309562563796614,1.0
2.1311628422908733,1.0
2.13136987031667,1.0
2.1315773677236187,1.0
2.131785362687514,1.0
2.131993884305475,1.0
2.132202962608039,1.0
2.132412628571256,1.0
2.1326229141287856,1.0
2.1328338521839894,1.0
2.1330454766220295,1.0
2.13325782232196,1.0
2.1334709251688233,1.0
2.1336848220657463,1.0
2.133899550946034,1.0
2.134115150785265,1.0
2.1343316616133863,1.0
2.1345491245268087,1.0
2.134767581700501,1.0
2.134987076400087,1.0
2.1352076529939366,1.0
2.1354293569652656,1.0
2.135652234924228,1.0
2.1358763346200105,1.0
2.1361017049529294,1.0
2.136328395986524,1.0
2.136556458959652,1.0
2.136785946298586,1.0
2.1370169116291065,1.0
2.1372494097885975,1.0
2.137483496838142,1.0
2.1377192300746173,1.0
2.137956668042788,1.0
2.138195870547404,1.0
2.1384368986652924,1.0
2.1386798147574555,1.0
2.138924682481164,1.0
2.1391715668020512,1.0
2.139420534006211,1.0
2.1396716517122902,1.0
2.1399249888835845,1.0
2.1401806158401335,1.0
2.1404386042708152,1.0
2.140699027245442,1.0
2.140961959226855,1.0
2.14122747608302,1.0
2.1414956550991198,0.0
2.162490731463928,0.0
2.1627131459949283,1.0
2.1629349543759253,1.0
2.16315616837355,1.0
2.1633767997627196,1.0
2.163596860323936,1.0
2.1638163618405866,1.0
2.1640353160962422,1.0
2.164253734871957,1.0
2.164471629943568,1.0
2.1646890130789918,1.0
2.164905896035529,1.0
2.1651222905571577,1.0
2.165338208371837,1.0
2.165553661188803,1.0
2.1657686606958713,1.0
2.165983218556733,1.0
2.166197346408256,1.0
2.1664110558577843,1.0
2.1666243584804366,1.0
2.166837265816404,1.0
2.167049789368253,1.0
2.167261940598221,1.0
2.1674737309255176,1.0
2.167685171723624,1.0
2.16789627431759,1.0
2.168107049981336,1.0
2.1683175099349508,1.0
2.1685276653419914,1.0
2.168737527306781,1.0
2.1689471068717103,1.0
2.169156415014534,1.0
2.1693654626456733,1.0
2.1695742606055126,1.0
2.1697828196616995,1.0
2.169991150506444,1.0
2.1701992637538194,1.0
2.1704071699370577,1.0
2.1706148795058526,1.0
2.170822402823657,1.0
2.1710297501649825,1.0
2.171236931712698,1.0
2.1714439575553306,1.0
2.1716508376843637,1.0
2.171857581991535,1.0
2.1720642002661394,1.0
2.172270702192324,1.0
2.17247709734639,1.0
2.1726833951940905,1.0
2.172889605087932,1.0
2.1730957362644707,1.0
2.1733017978416136,1.0
2.1735077988159173,1.0
2.1737137480598867,1.0
2.1739196543192754,1.0
2.1741255262103842,1.0
2.1743313722173596,1.0
2.1745372006894947,1.0
2.174743019838527,1.0
2.174948837735939,1.0
2.1751546623102556,1.0
2.175360501344345,1.0
2.175566362472717,1.0
2.175772253178823,1.0
2.1759781807923546,1.0
2.176184152486543,1.0
2.1763901752754578,1.0
2.176596256011307,1.0
2.1768024013817366,1.0
2.177008617907128,1.0
2.1772149119378996,1.0
2.1774212896518037,1.0
2.177627757051228,1.0
2.1778343199604926,1.0
2.178040984023151,1.0
2.178247754699289,1.0
2.178454637262823,1.0
2.1786616367988,1.0
2.1788687582006965,1.0
2.179076006167718,1.0
2.1792833852020994,1.0
2.1794908996064013,1.0
2.1796985534808115,1.0
2.179906350720444,1.0
2.180114295012638,1.0
2.1803223898342563,1.0
2.1805306384489858,1.0
2.180739043904637,1.0
2.18094760903044,1.0
2.1811563364343494,1.0
2.181365228500338,1.0
2.1815742873856996,1.0
2.181783515018346,1.0
2.1819929130941085,1.0
2.1822024830740347,1.0
2.1824122261816896,1.0
2.1826221434004536,1.0
2.182832235470823,1.0
2.1830425028877087,1.0
2.183252945897734,1.0
2.183463564496536,1.0
2.183674358426064,1.0
2.183885327171878,1.0
2.18409646996045,1.0
2.18430778575646,1.0
2.184519273260098,1.0
2.184730930904363,1.0
2.1849427568523603,1.0
2.185154748994603,1.0
2.18536690494631,1.0
2.1855792220447046,1.0
2.1857916973463154,1.0
2.186004327624275,1.0
2.1862171093656184,1.0
2.1864300387685827,1.0
2.1866431117399077,1.0
2.1868563238921315,1.0
2.187069670540895,1.0
2.1872831467022356,1.0
2.187496747089891,1.0
2.187710466112596,1.0
2.187924297871382,1.0
2.188138236156876,1.0
2.1883522744466015,1.0
2.188566405902276,1.0
2.188780623367111,1.0
2.1889949193631106,1.0
2.1892092860883716,1.0
2.189423715414382,1.0
2.1896381988833213,1.0
2.189852727705358,1.0
2.1900672927559506,1.0
2.1902818845731455,1.0
2.190496493354877,1.0
2.190711108956267,1.0
2.190925720886922,1.0
2.191140318308236,1.0
2.1913548900306865,1.0
2.191569424511134,1.0
2.1917839098501237,1.0
2.191998333789183,1.0
2.1922126837081195,1.0
2.192426946622323,1.0
2.192641109180063,1.0
2.192855157659788,1.0
2.1930690779674262,1.0
2.1932828556336816,1.0
2.1934964758113367,1.0
2.19370992327255,1.0
2.1939231824061554,1.0
2.194136237214961,1.0
2.1943490713130496,1.0
2.1945616679230775,1.0
2.194774009873572,1.0
2.1949860795962333,1.0
2.195197859123232,1.0
2.1954093300845092,1.0
2.195620473705075,1.0
2.195831270802309,1.0
2.196041701783257,1.0
2.1962517466419333,1.0
2.1964613849566184,1.0
2.196670595887157,1.0
2.196879358172261,1.0
2.197087650126804,1.0
2.1972954496391246,1.0
2.197502734168322,1.0
2.19770948074156,1.0
2.1979156659513603,1.0
2.198121265952907,1.0
2.198326256461342,1.0
2.1985306127490682,1.0
2.1987343096430436,1.0
2.1989373215220858,1.0
2.199139622314167,1.0
2.1993411854937164,1.0
2.1995419840789174,1.0
2.199741990629007,1.0
2.1999411772415773,1.0
2.200139515549871,1.0
2.2003369767200835,1.0
2.2005335314486616,1.0
2.2007291499596016,1.0
2.2009238020017503,1.0
2.2011174568461023,0.0
2.2261641305145465,0.0
2.2263665770859813,1.0
2.2265695224135595,1.0
2.226772943474542,1.0
2.2269768179641027,1.0
2.227181124285758,1.0
2.2273858415417855,1.0
2.227590949523652,1.0
2.2277964287024346,1.0
2.2280022602192475,1.0
2.228208425875663,1.0
2.228414908124138,1.0
2.2286216900584357,1.0
2.228828755404052,1.0
2.2290360885086367,1.0
2.229243674332421,1.0
2.2294514984386375,1.0
2.2296595469839473,1.0
2.2298678067088624,1.0
2.2300762649281705,1.0
2.230284909521358,1.0
2.230493728923035,1.0
2.230702712113358,1.0
2.230911848608456,1.0
2.2311211284508516,1.0
2.231330542199889,1.0
2.231540080922152,1.0
2.2317497361818943,1.0
2.2319595000314596,1.0
2.232169365001707,1.0
2.232379324092434,1.0
2.2325893707628017,1.0
2.232799498921758,1.0
2.2330097029184612,1.0
2.233219977532705,1.0
2.2334303179653423,1.0
2.233640719828708,1.0
2.2338511791370443,1.0
2.2340616922969248,1.0
2.2342722560976767,1.0
2.2344828677018063,1.0
2.234693524635423,1.0
2.234904224778663,1.0
2.2351149663561127,1.0
2.2353257479272335,1.0
2.235536568376785,1.0
2.2357474269052493,1.0
2.235958323019256,1.0
2.2361692565220044,1.0
2.236380227503689,1.0
2.236591236331921,1.0
2.236802283642157,1.0
2.2370133703281176,1.0
2.237224497532215,1.0
2.237435666635975,1.0
2.2376468792504625,1.0
2.2378581372067043,1.0
2.238069442546114,1.0
2.2382807975109147,1.0
2.2384922045345643,1.0
2.238703666232179,1.0
2.238915185390957,1.0
2.2391267649606026,1.0
2.23933840804375,1.0
2.2395501178863886,1.0
2.2397618978682847,1.0
2.239973751493407,1.0
2.240185682380351,1.0
2.2403976942527613,1.0
2.240609790929757,1.0
2.2408219763163544,1.0
2.241034254393893,1.0
2.241246629210458,1.0
2.2414591048713026,1.0
2.2416716855292766,1.0
2.241884375375246,1.0
2.2420971786285193,1.0
2.24231009952727,1.0
2.2425231423189618,1.0
2.2427363112507726,1.0
2.2429496105600175,1.0
2.2431630444645734,1.0
2.243376617153303,1.0
2.2435903327764786,1.0
2.2438041954362054,1.0
2.2440182091768475,1.0
2.2442323779754494,1.0
2.244446705732162,1.0
2.2446611962606653,1.0
2.244875853278592,1.0
2.2450906803979547,1.0
2.245305681115564,1.0
2.2455208588034585,1.0
2.2457362166993255,1.0
2.2459517578969255,1.0
2.246167485336516,1.0
2.2463834017952764,1.0
2.2465995098777314,1.0
2.246815812006174,1.0
2.247032310411092,1.0
2.2472490071215887,1.0
2.24746590395581,1.0
2.2476830025113657,1.0
2.2479003041557557,1.0
2.248117810016793,1.0
2.248335520973027,1.0
2.248553437644168,1.0
2.2487715603815124,1.0
2.248989889258365,1.0
2.2492084240604635,1.0
2.249427164276402,1.0
2.249646109088057,1.0
2.2498652573610083,1.0
2.2500846076349656,1.0
2.250304158114191,1.0
2.2505239066579232,1.0
2.2507438507708026,1.0
2.250963987593294,1.0
2.2511843138921095,1.0
2.251404826050636,1.0
2.251625520059356,1.0
2.2518463915062723,1.0
2.252067435567334,1.0
2.2522886469968566,1.0
2.25251002011795,1.0
2.25273154881294,1.0
2.252953226513792,1.0
2.253175046192537,1.0
2.253397000351695,1.0
2.253619081014697,1.0
2.253841279716311,1.0
2.254063587493066,1.0
2.254285994873675,1.0
2.2545084918694585,1.0
2.2547310679647703,1.0
2.25495371210742,1.0
2.255176412699099,1.0
2.2553991575858,1.0
2.255621934048247,1.0
2.2558447287923133,1.0
2.256067527939451,1.0
2.256290317017111,1.0
2.2565130809491682,1.0
2.256735804046346,1.0
2.25695846999664,1.0
2.257181061855741,1.0
2.257403562037461,1.0
2.2576259523041555,1.0
2.257848213757147,1.0
2.2580703268271516,1.0
2.2582922712647004,1.0
2.2585140261305643,1.0
2.258735569786178,1.0
2.258956879884065,1.0
2.2591779333582593,1.0
2.259398706414731,1.0
2.2596191745218115,1.0
2.2598393124006133,1.0
2.260059094015458,1.0
2.2602784925643,1.0
2.2604974804691476,1.0
2.2607160293664887,1.0
2.260934110097716,1.0
2.261151692699549,1.0
2.2613687463944596,1.0
2.2615852395810934,1.0
2.2618011398246973,1.0
2.262016413847541,1.0
2.2622310275193422,1.0
2.2624449458476885,1.0
2.2626581329684643,1.0
2.262870552136273,1.0
2.2630821657148616,1.0
2.2632929351675437,1.0
2.2635028210476245,1.0
2.263711782988825,1.0
2.263919779695705,1.0
2.2641267689340867,1.0
2.2643327075214814,1.0
2.26453755131751,1.0
2.264741255214329,1.0
2.2649437731270545,1.0
2.265145057984184,1.0
2.2653450617180244,1.0
2.2655437352551124,0.0
2.2932269741154414,0.0
2.293437714067956,1.0
2.2936485937108286,1.0
2.293859613301321,1.0
2.294070773082213,1.0
2.29428207328187,1.0
2.294493514114307,1.0
2.2947050957792583,1.0
2.294916818462242,1.0
2.2951286823346257,1.0
2.295340687553694,1.0
2.2955528342627156,1.0
2.2957651225910083,1.0
2.295977552654005,1.0
2.2961901245533225,1.0
2.2964028383768254,1.0
2.2966156941986937,1.0
2.2968286920794894,1.0
2.297041832066221,1.0
2.2972551141924136,1.0
2.2974685384781712,1.0
2.2976821049302463,1.0
2.2978958135421035,1.0
2.298109664293989,1.0
2.2983236571529932,1.0
2.298537792073122,1.0
2.2987520689953578,1.0
2.2989664878477307,1.0
2.2991810485453805,1.0
2.2993957509906275,1.0
2.2996105950730352,1.0
2.299825580669479,1.0
2.3000407076442118,1.0
2.300255975848929,1.0
2.300471385122839,1.0
2.300686935292724,1.0
2.300902626173011,1.0
2.3011184575658366,1.0
2.301334429261112,1.0
2.301550541036592,1.0
2.3017667926579395,1.0
2.3019831838787916,1.0
2.302199714440829,1.0
2.302416384073838,1.0
2.302633192495781,1.0
2.302850139412859,1.0
2.303067224519582,1.0
2.3032844474988328,1.0
2.303501808021933,1.0
2.3037193057487126,1.0
2.3039369403275716,1.0
2.304154711395551,1.0
2.304372618578397,1.0
2.3045906614906255,1.0
2.3048088397355944,1.0
2.3050271529055624,1.0
2.305245600581762,1.0
2.305464182334461,1.0
2.3056828977230324,1.0
2.3059017462960187,1.0
2.3061207275911997,1.0
2.306339841135657,1.0
2.3065590864458425,1.0
2.3067784630276438,1.0
2.3069979703764503,1.0
2.3072176079772198,1.0
2.3074373753045454,1.0
2.307657271822722,1.0
2.307877296985811,1.0
2.3080974502377094,1.0
2.308317731012213,1.0
2.3085381387330868,1.0
2.3087586728141267,1.0
2.3089793326592303,1.0
2.30920011766246,1.0
2.309421027208111,1.0
2.309642060670778,1.0
2.3098632174154203,1.0
2.310084496797429,1.0
2.310305898162694,1.0
2.310527420847669,1.0
2.3107490641794386,1.0
2.3109708274757845,1.0
2.3111927100452525,1.0
2.311414711187219,1.0
2.311636830191955,1.0
2.3118590663406966,1.0
2.312081418905708,1.0
2.3123038871503483,1.0
2.31252647032914,1.0
2.312749167687834,1.0
2.3129719784634752,1.0
2.31319490188447,1.0
2.3134179371706525,1.0
2.313641083533351,1.0
2.3138643401754537,1.0
2.3140877062914766,1.0
2.3143111810676276,1.0
2.3145347636818756,1.0
2.314758453304014,1.0
2.31498224909573,1.0
2.3152061502106687,1.0
2.315430155794501,1.0
2.315654264984988,1.0
2.3158784769120513,1.0
2.316102790697834,1.0
2.3163272054567723,1.0
2.316551720295658,1.0
2.316776334313707,1.0
2.3170010466026256,1.0
2.3172258562466763,1.0
2.3174507623227436,1.0
2.3176757639004015,1.0
2.31790086004198,1.0
2.318126049802631,1.0
2.3183513322303937,1.0
2.318576706366263,1.0
2.318802171244255,1.0
2.319027725891473,1.0
2.319253369328173,1.0
2.3194791005678344,1.0
2.31970491861722,1.0
2.319930822476447,1.0
2.3201568111390536,1.0
2.320382883592061,1.0
2.3206090388160443,1.0
2.3208352757851975,1.0
2.321061593467399,1.0
2.3212879908242794,1.0
2.321514466811286,1.0
2.3217410203777518,1.0
2.3219676504669593,1.0
2.322194356016208,1.0
2.3224211359568825,1.0
2.3226479892145147,1.0
2.322874914708855,1.0
2.3231019113539353,1.0
2.3233289780581363,1.0
2.323556113724255,1.0
2.323783317249569,1.0
2.324010587525906,1.0
2.3242379234397066,1.0
2.3244653238720927,1.0
2.3246927876989343,1.0
2.3249203137909147,1.0
2.3251479010135974,1.0
2.3253755482274925,1.0
2.325603254288123,1.0
2.3258310180460913,1.0
2.326058838347146,1.0
2.3262867140322476,1.0
2.3265146439376347,1.0
2.326742626894892,1.0
2.3269706617310133,1.0
2.327198747268473,1.0
2.327426882325288,1.0
2.3276550657150854,1.0
2.3278832962471703,1.0
2.328111572726591,1.0
2.3283398939542046,1.0
2.3285682587267456,1.0
2.3287966658368897,1.0
2.329025114073322,1.0
2.329253602220804,1.0
2.329482129060237,1.0
2.329710693368732,1.0
2.329939293919674,1.0
2.330167929482788,1.0
2.330396598824207,1.0
2.3306253007065383,1.0
2.3308540338889285,1.0
2.331082797127131,1.0
2.331311589173571,1.0
2.3315404087774154,1.0
2.331769254684634,1.0
2.33199812563807,1.0
2.3322270203775055,1.0
2.3324559376397263,1.0
2.33268487615859,1.0
2.3329138346650926,1.0
2.3331428118874324,1.0
2.3333718065510793,1.0
2.3336008173788403,1.0
2.333829843090925,1.0
2.3340588824050124,0.0
2.364572138688812,0.0
2.364788884364803,1.0
2.36500576632492,1.0
2.3652227861216804,1.0
2.3654399452458588,1.0
2.365657245127167,1.0
2.3658746871349385,1.0
2.366092272578809,1.0
2.3663100027094,1.0
2.3665278787190016,1.0
2.3667459017422514,1.0
2.3669640728568218,1.0
2.3671823930840983,1.0
2.367400863389864,1.0
2.36761948468498,1.0
2.3678382578260706,1.0
2.3680571836162025,1.0
2.3682762628055687,1.0
2.3684954960921716,1.0
2.3687148841225025,1.0
2.368934427492227,1.0
2.369154126746866,1.0
2.3693739823824767,1.0
2.369593994846338,1.0
2.369814164537629,1.0
2.3700344918081155,1.0
2.3702549769628285,1.0
2.370475620260748,1.0
2.3706964219154862,1.0
2.370917382095969,1.0
2.3711385009271173,1.0
2.3713597784905316,1.0
2.3715812148251723,1.0
2.3718028099280426,1.0
2.372024563754871,1.0
2.3722464762207935,1.0
2.3724685472010365,1.0
2.372690776531597,1.0
2.3729131640099292,1.0
2.3731357093956205,1.0
2.3733584124110796,1.0
2.373581272742216,1.0
2.373804290039123,1.0
2.3740274639167596,1.0
2.3742507939556328,1.0
2.37447427970248,1.0
2.3746979206709526,1.0
2.3749217163422958,1.0
2.375145666166033,1.0
2.3753697695606464,1.0
2.375594025914262,1.0
2.3758184345853284,1.0
2.3760429949033015,1.0
2.3762677061693265,1.0
2.376492567656919,1.0
2.376717578612649,1.0
2.376942738256822,1.0
2.3771680457841615,1.0
2.3773935003644917,1.0
2.377619101143419,1.0
2.3778448472430163,1.0
2.378070737762502,1.0
2.3782967717789254,1.0
2.378522948347847,1.0
2.378749266504023,1.0
2.378975725262084,1.0
2.379202323617221,1.0
2.3794290605458657,1.0
2.3796559350063737,1.0
2.379882945939706,1.0
2.3801100922701113,1.0
2.3803373729058093,1.0
2.380564786739672,1.0
2.3807923326499076,1.0
2.381020009500739,1.0
2.3812478161430914,1.0
2.3814757514152705,1.0
2.3817038141436457,1.0
2.381932003143335,1.0
2.3821603172188826,1.0
2.3823887551649454,1.0
2.382617315766973,1.0
2.3828459978018923,1.0
2.383074800038786,1.0
2.383303721239578,1.0
2.3835327601597154,1.0
2.383761915548849,1.0
2.3839911861515177,1.0
2.3842205707078303,1.0
2.384450067954146,1.0
2.38467967662376,1.0
2.3849093954475817,1.0
2.385139223154821,1.0
2.3853691584736683,1.0
2.3855992001319772,1.0
2.3858293468579475,1.0
2.3860595973808056,1.0
2.386289950431489,1.0
2.3865204047433286,1.0
2.3867509590527285,1.0
2.386981612099851,1.0
2.3872123626292976,1.0
2.387443209390791,1.0
2.3876741511398594,1.0
2.3879051866385157,1.0
2.388136314655942,1.0
2.388367533969172,1.0
2.388598843363772,1.0
2.3888302416345244,1.0
2.3890617275861086,1.0
2.3892933000337844,1.0
2.389524957804075,1.0
2.3897566997354476,1.0
2.389988524678996,1.0
2.3902204314991247,1.0
2.3904524190742285,1.0
2.3906844862973773,1.0
2.390916632076997,1.0
2.3911488553375504,1.0
2.391381155020224,1.0
2.3916135300836063,1.0
2.3918459795043705,1.0
2.392078502277958,1.0
2.392311097419261,1.0
2.3925437639633036,1.0
2.392776500965924,1.0
2.393009307504459,1.0
2.3932421826784225,1.0
2.393475125610192,1.0
2.393708135445688,1.0
2.3939412113550578,1.0
2.3941743525333554,1.0
2.394407558201228,1.0
2.3946408276055946,1.0
2.39487416002033,1.0
2.395107554746946,1.0
2.3953410111152755,1.0
2.3955745284841536,1.0
2.395808106242099,1.0
2.3960417438079977,1.0
2.3962754406317863,1.0
2.396509196195131,1.0
2.3967430100121128,1.0
2.3969768816299086,1.0
2.3972108106294745,1.0
2.397444796626226,1.0
2.3976788392707227,1.0
2.397912938249349,1.0
2.3981470932849973,1.0
2.3983813041377493,1.0
2.39861557060556,1.0
2.398849892524938,1.0
2.3990842697716293,1.0
2.399318702261299,1.0
2.399553189950213,1.0
2.399787732835922,1.0
2.4000223309579423,1.0
2.400256984398438,1.0
2.400491693282905,1.0
2.4007264577808516,1.0
2.4009612781064806,1.0
2.4011961545193734,1.0
2.4014310873251716,1.0
2.401666076876258,1.0
2.4019011235724395,1.0
2.402136227861632,1.0
2.4023713902405373,1.0
2.4026066112553317,1.0
2.402841891502343,1.0
2.4030772316287368,1.0
2.4033126323331944,1.0
2.4035480943666006,1.0
2.403783618532721,1.0
2.4040192056888876,1.0
2.404254856746679,1.0
2.4044905726726045,1.0
2.404726354488785,1.0
2.4049622032736355,1.0
2.4051981201625487,1.0
2.4054341063485754,1.0
2.405670163083108,1.0
2.4059062916765623,1.0
2.4061424934990607,1.0
2.406378769981113,1.0
2.4066151226143004,0.0
2.4405839259911986,0.0
2.440806907770888,1.0
2.441030096204159,1.0
2.441253489349388,1.0
2.441477085283704,1.0
2.4417008821029866,1.0
2.441924877921858,1.0
2.4421490708736817,1.0
2.4423734591105566,1.0
2.4425980408033134,1.0
2.442822814141509,1.0
2.4430477773334243,1.0
2.4432729286060577,1.0
2.443498266205122,1.0
2.4437237883950402,1.0
2.44394949345894,1.0
2.44417537969865,1.0
2.444401445434696,1.0
2.444627689006296,1.0
2.4448541087713562,1.0
2.4450807031064663,1.0
2.4453074704068953,1.0
2.4455344090865867,1.0
2.4457615175781555,1.0
2.4459887943328824,1.0
2.4462162378207095,1.0
2.4464438465302383,1.0
2.446671618968721,1.0
2.4468995536620612,1.0
2.447127649154805,1.0
2.44735590401014,1.0
2.447584316809889,1.0
2.4478128861545065,1.0
2.4480416106630742,1.0
2.4482704889732965,1.0
2.4484995197414965,1.0
2.448728701642611,1.0
2.448958033370187,1.0
2.449187513636376,1.0
2.4494171411719323,1.0
2.449646914726205,1.0
2.449876833067137,1.0
2.450106894981259,1.0
2.450337099273685,1.0
2.450567444768108,1.0
2.4507979303067966,1.0
2.4510285547505903,1.0
2.451259316978894,1.0
2.4514902158896756,1.0
2.4517212503994594,1.0
2.4519524194433244,1.0
2.452183721974898,1.0
2.452415156966351,1.0
2.4526467234083955,1.0
2.45287842031028,1.0
2.453110246699784,1.0
2.4533422016232134,1.0
2.453574284145398,1.0
2.4538064933496857,1.0
2.4540388283379384,1.0
2.4542712882305286,1.0
2.4545038721663333,1.0
2.4547365793027303,1.0
2.454969408815596,1.0
2.4552023598992974,1.0
2.4554354317666904,1.0
2.4556686236491143,1.0
2.4559019347963877,1.0
2.4561353644768054,1.0
2.456368911977131,1.0
2.456602576602596,1.0
2.456836357676893,1.0
2.4570702545421725,1.0
2.457304266559039,1.0
2.457538393106544,1.0
2.4577726335821866,1.0
2.458006987401903,1.0
2.458241454000068,1.0
2.458476032829486,1.0
2.45871072336139,1.0
2.4589455250854346,1.0
2.459180437509694,1.0
2.4594154601606566,1.0
2.4596505925832197,1.0
2.459885834340687,1.0
2.460121185014763,1.0
2.460356644205549,1.0
2.460592211531538,1.0
2.4608278866296134,1.0
2.4610636691550396,1.0
2.4612995587814623,1.0
2.4615355552009017,1.0
2.461771658123748,1.0
2.4620078672787593,1.0
2.462244182413054,1.0
2.46248060329211,1.0
2.462717129699757,1.0
2.462953761438175,1.0
2.463190498327887,1.0
2.4634273402077578,1.0
2.4636642869349874,1.0
2.4639013383851083,1.0
2.464138494451979,1.0
2.4643757550477816,1.0
2.464613120103017,1.0
2.4648505895664994,1.0
2.465088163405354,1.0
2.465325841605011,1.0
2.4655636241692016,1.0
2.4658015111199543,1.0
2.46603950249759,1.0
2.4662775983607172,1.0
2.466515798786229,1.0
2.4667541038692975,1.0
2.4669925137233695,1.0
2.467231028480164,1.0
2.4674696482896645,1.0
2.467708373320118,1.0
2.467947203758029,1.0
2.468186139808154,1.0
2.4684251816935014,1.0
2.4686643296553217,1.0
2.4689035839531064,1.0
2.469142944864583,1.0
2.469382412685712,1.0
2.469621987730679,1.0
2.469861670331894,1.0
2.4701014608399854,1.0
2.470341359623795,1.0
2.470581367070376,1.0
2.470821483584986,1.0
2.4710617095910843,1.0
2.471302045530327,1.0
2.4715424918625626,1.0
2.471783049065828,1.0
2.4720237176363438,1.0
2.47226449808851,1.0
2.472505390954902,1.0
2.472746396786266,1.0
2.4729875161515147,1.0
2.4732287496377223,1.0
2.473470097850121,1.0
2.473711561412098,1.0
2.4739531409651865,1.0
2.4741948371690676,1.0
2.47443665070156,1.0
2.474678582258621,1.0
2.474920632554337,1.0
2.475162802320924,1.0
2.47540509230872,1.0
2.4756475032861815,1.0
2.4758900360398797,1.0
2.476132691374495,1.0
2.476375470112815,1.0
2.476618373095727,1.0
2.4768614011822154,1.0
2.477104555249358,1.0
2.47734783619232,1.0
2.477591244924351,1.0
2.47783478237678,1.0
2.4780784494990113,1.0
2.47832224725852,1.0
2.478566176640847,1.0
2.4788102386495963,1.0
2.4790544343064296,1.0
2.479298764651061,1.0
2.4795432307412555,1.0
2.4797878336528214,1.0
2.4800325744796075,1.0
2.4802774543334993,1.0
2.480522474344414,1.0
2.480767635660296,1.0
2.4810129394471123,1.0
2.4812583868888494,1.0
2.481503979187507,1.0
2.4817497175630963,1.0
2.4819956032536328,1.0
2.482241637515134,1.0
2.4824878216216146,1.0
2.482734156865081,1.0
2.4829806445555285,1.0
2.4832272860209366,1.0
2.483474082607263,1.0
2.4837210356784425,1.0
2.4839681466163794,0.0
