Wavelength,Opticoat Ag
0.9,0.957684341
0.901,0.958990661
0.902,0.960236446
0.903,0.96142901
0.904,0.962575667
0.905,0.963683732
0.906,0.964760519
0.907,0.965813343
0.908,0.966849518
0.909,0.967876358
0.91,0.968901179
0.911,0.969928366
0.912,0.970953436
0.913,0.971970399
0.914,0.972973264
0.915,0.973956043
0.916,0.974912744
0.917,0.975837378
0.918,0.976723955
0.919,0.977566485
0.92,0.978358977
0.921,0.979101665
0.922,0.979803457
0.923,0.980471374
0.924,0.981112437
0.925,0.981733669
0.926,0.98234209
0.927,0.982944722
0.928,0.983548587
0.929,0.984160706
0.93,0.9847881
0.931,0.985426952
0.932,0.986067863
0.933,0.986709484
0.934,0.987350466
0.935,0.987989459
0.936,0.988625114
0.937,0.989256083
0.938,0.989881015
0.939,0.990498562
0.94,0.991107375
0.941,0.991746671
0.942,0.992439742
0.943,0.993161351
0.944,0.993886259
0.945,0.994589228
0.946,0.99524502
0.947,0.995828397
0.948,0.996314122
0.949,0.996676955
0.95,0.996891659
0.951,0.997012945
0.952,0.997114654
0.953,0.99720024
0.954,0.997273158
0.955,0.997336863
0.956,0.997394809
0.957,0.997450453
0.958,0.997507248
0.959,0.997568649
0.96,0.997638112
0.961,0.997712757
0.962,0.997787403
0.963,0.997862048
0.964,0.997936693
0.965,0.998011339
0.966,0.998085984
0.967,0.998160629
0.968,0.998235274
0.969,0.99830992
0.97,0.998384565
0.971,0.998465928
0.972,0.998557742
0.973,0.998655527
0.974,0.998754806
0.975,0.998851098
0.976,0.998939926
0.977,0.999016811
0.978,0.999077273
0.979,0.999116835
0.98,0.999131018
0.981,0.998893854
0.982,0.99823472
0.983,0.99723215
0.984,0.995964679
0.985,0.994510843
0.986,0.992949176
0.987,0.991358214
0.988,0.989816492
0.989,0.988402544
0.99,0.987194907
0.991,0.986091086
0.992,0.984951796
0.993,0.983800378
0.994,0.982660178
0.995,0.981554538
0.996,0.980506803
0.997,0.979540315
0.998,0.97867842
0.999,0.977944461
1,0.977361781
1.001,0.976889901
1.002,0.976467932
1.003,0.976088599
1.004,0.975744629
1.005,0.97542875
1.006,0.975133687
1.007,0.974852168
1.008,0.97457692
1.009,0.974300669
1.01,0.974016142
1.011,0.973708228
1.012,0.973375629
1.013,0.973031794
1.014,0.972690171
1.015,0.972364209
1.016,0.972067356
1.017,0.97181306
1.018,0.97161477
1.019,0.971485934
1.02,0.97144
1.021,0.97144
1.022,0.97144
1.023,0.97144
1.024,0.97144
1.025,0.97144
1.026,0.97144
1.027,0.97144
1.028,0.97144
1.029,0.97144
1.03,0.97144
1.031,0.97144
1.032,0.97144
1.033,0.97144
1.034,0.97144
1.035,0.97144
1.036,0.97144
1.037,0.97144
1.038,0.97144
1.039,0.97144
1.04,0.97144
1.041,0.97144
1.042,0.97144
1.043,0.97144
1.044,0.97144
1.045,0.97144
1.046,0.97144
1.047,0.97144
1.048,0.97144
1.049,0.97144
1.05,0.97144
1.051,0.97144
1.052,0.97144
1.053,0.97144
1.054,0.97144
1.055,0.97144
1.056,0.97144
1.057,0.97144
1.058,0.97144
1.059,0.97144
1.06,0.97144
1.061,0.97144
1.062,0.97144
1.063,0.97144
1.064,0.97144
1.065,0.97144
1.066,0.97144
1.067,0.97144
1.068,0.97144
1.069,0.97144
1.07,0.97144
1.071,0.97144
1.072,0.97144
1.073,0.97144
1.074,0.97144
1.075,0.97144
1.076,0.97144
1.077,0.97144
1.078,0.97144
1.079,0.97144
1.08,0.97144
1.081,0.971445253
1.082,0.971459929
1.083,0.971482407
1.084,0.971511061
1.085,0.97154427
1.086,0.971580409
1.087,0.971617857
1.088,0.971654989
1.089,0.971690182
1.09,0.971721814
1.091,0.971751356
1.092,0.971781314
1.093,0.971811614
1.094,0.971842183
1.095,0.971872948
1.096,0.971903835
1.097,0.971934771
1.098,0.971965683
1.099,0.971996497
1.1,0.972027139
1.101,0.972057671
1.102,0.972088204
1.103,0.972118736
1.104,0.972149269
1.105,0.972179801
1.106,0.972210333
1.107,0.972240866
1.108,0.972271398
1.109,0.972301931
1.11,0.972332463
1.111,0.972365532
1.112,0.972402547
1.113,0.972441816
1.114,0.972481649
1.115,0.972520355
1.116,0.972556242
1.117,0.97258762
1.118,0.972612797
1.119,0.972630083
1.12,0.972637787
1.121,0.972640031
1.122,0.972642063
1.123,0.972643878
1.124,0.972645468
1.125,0.972646829
1.126,0.972647956
1.127,0.972648842
1.128,0.972649481
1.129,0.972649869
1.13,0.97265
1.131,0.97265
1.132,0.97265
1.133,0.97265
1.134,0.97265
1.135,0.97265
1.136,0.97265
1.137,0.97265
1.138,0.97265
1.139,0.97265
1.14,0.97265
1.141,0.97265
1.142,0.97265
1.143,0.97265
1.144,0.97265
1.145,0.97265
1.146,0.97265
1.147,0.97265
1.148,0.97265
1.149,0.97265
1.15,0.97265
1.151,0.972681864
1.152,0.972770946
1.153,0.972907478
1.154,0.973081692
1.155,0.973283822
1.156,0.9735041
1.157,0.973732759
1.158,0.973960031
1.159,0.97417615
1.16,0.974371347
1.161,0.974554808
1.162,0.974741811
1.163,0.974931732
1.164,0.975123945
1.165,0.975317825
1.166,0.975512747
1.167,0.975708086
1.168,0.975903217
1.169,0.976097514
1.17,0.976290352
1.171,0.976482691
1.172,0.976675712
1.173,0.976869123
1.174,0.977062632
1.175,0.977255945
1.176,0.977448771
1.177,0.977640818
1.178,0.977831793
1.179,0.978021403
1.18,0.978209357
1.181,0.978399428
1.182,0.978594026
1.183,0.978790815
1.184,0.978987456
1.185,0.979181613
1.186,0.979370948
1.187,0.979553124
1.188,0.979725804
1.189,0.979886649
1.19,0.980033324
1.191,0.980167047
1.192,0.980291667
1.193,0.980408791
1.194,0.980520025
1.195,0.980626975
1.196,0.980731248
1.197,0.98083445
1.198,0.980938187
1.199,0.981044067
1.2,0.981153694
1.201,0.9812618
1.202,0.98136379
1.203,0.981462286
1.204,0.981559908
1.205,0.981659277
1.206,0.981763014
1.207,0.981873741
1.208,0.981994078
1.209,0.982126645
1.21,0.982274065
1.211,0.982448419
1.212,0.982656184
1.213,0.98289157
1.214,0.983148789
1.215,0.98342205
1.216,0.983705565
1.217,0.983993544
1.218,0.984280198
1.219,0.984559739
1.22,0.984826376
1.221,0.98508522
1.222,0.985345118
1.223,0.985605882
1.224,0.985867328
1.225,0.98612927
1.226,0.986391521
1.227,0.986653896
1.228,0.98691621
1.229,0.987178275
1.23,0.987439907
1.231,0.987699058
1.232,0.987954785
1.233,0.988208555
1.234,0.988461835
1.235,0.988716094
1.236,0.988972799
1.237,0.989233418
1.238,0.989499419
1.239,0.98977227
1.24,0.990053438
1.241,0.990343957
1.242,0.990643102
1.243,0.990949707
1.244,0.991262605
1.245,0.991580627
1.246,0.991902607
1.247,0.992227377
1.248,0.99255377
1.249,0.992880619
1.25,0.993206756
1.251,0.993564436
1.252,0.993972818
1.253,0.994411092
1.254,0.994858448
1.255,0.995294075
1.256,0.995697162
1.257,0.9960469
1.258,0.996322478
1.259,0.996503086
1.26,0.996567913
1.261,0.995989801
1.262,0.994420639
1.263,0.992108191
1.264,0.989300218
1.265,0.986244482
1.266,0.983188746
1.267,0.980380773
1.268,0.978068325
1.269,0.976499163
1.27,0.975921051
1.271,0.976343756
1.272,0.9774911
1.273,0.979181922
1.274,0.981235063
1.275,0.983469363
1.276,0.985703663
1.277,0.987756804
1.278,0.989447626
1.279,0.99059497
1.28,0.991017675
1.281,0.990502492
1.282,0.989084985
1.283,0.986957213
1.284,0.984311238
1.285,0.981339121
1.286,0.978232923
1.287,0.975184705
1.288,0.972386527
1.289,0.970030451
1.29,0.968308537
1.291,0.966956138
1.292,0.965603029
1.293,0.964282909
1.294,0.963029475
1.295,0.961876424
1.296,0.960857454
1.297,0.960006264
1.298,0.95935655
1.299,0.958942009
1.3,0.958796341
1.301,0.958825447
1.302,0.95890734
1.303,0.959033881
1.304,0.95919693
1.305,0.959388348
1.306,0.959599996
1.307,0.959823735
1.308,0.960051426
1.309,0.96027493
1.31,0.960486107
1.311,0.960696869
1.312,0.960923002
1.313,0.961162178
1.314,0.961412069
1.315,0.961670348
1.316,0.961934688
1.317,0.962202759
1.318,0.962472236
1.319,0.96274079
1.32,0.963006093
1.321,0.963260847
1.322,0.963503454
1.323,0.96374014
1.324,0.963977129
1.325,0.964220646
1.326,0.964476915
1.327,0.964752162
1.328,0.965052611
1.329,0.965384487
1.33,0.965754015
1.331,0.966200872
1.332,0.966748112
1.333,0.96737703
1.334,0.968068918
1.335,0.96880507
1.336,0.969566777
1.337,0.970335334
1.338,0.971092033
1.339,0.971818168
1.34,0.972495031
1.341,0.973139382
1.342,0.97378003
1.343,0.974416347
1.344,0.975047702
1.345,0.975673465
1.346,0.976293006
1.347,0.976905695
1.348,0.977510904
1.349,0.978108
1.35,0.978696356
1.351,0.979271538
1.352,0.979831915
1.353,0.980381062
1.354,0.980922552
1.355,0.981459958
1.356,0.981996854
1.357,0.982536812
1.358,0.983083407
1.359,0.983640213
1.36,0.984210801
1.361,0.984798392
1.362,0.985401192
1.363,0.986015261
1.364,0.986636654
1.365,0.98726143
1.366,0.987885647
1.367,0.988505361
1.368,0.98911663
1.369,0.989715512
1.37,0.990298064
1.371,0.990905902
1.372,0.991566411
1.373,0.992254299
1.374,0.992944275
1.375,0.99361105
1.376,0.994229331
1.377,0.994773829
1.378,0.995219253
1.379,0.995540311
1.38,0.995711713
1.381,0.995792225
1.382,0.995859081
1.383,0.995914691
1.384,0.995961463
1.385,0.99600181
1.386,0.996038139
1.387,0.996072862
1.388,0.996108389
1.389,0.996147128
1.39,0.996191491
1.391,0.99623836
1.392,0.996283504
1.393,0.996327662
1.394,0.996371574
1.395,0.996415979
1.396,0.996461615
1.397,0.996509224
1.398,0.996559542
1.399,0.996613311
1.4,0.996671269
1.401,0.996734913
1.402,0.996804686
1.403,0.996879747
1.404,0.996959256
1.405,0.997042371
1.406,0.997128252
1.407,0.997216059
1.408,0.997304949
1.409,0.997394083
1.41,0.997482619
1.411,0.997580753
1.412,0.997695077
1.413,0.997819345
1.414,0.997947309
1.415,0.998072724
1.416,0.998189344
1.417,0.998290921
1.418,0.99837121
1.419,0.998423964
1.42,0.998442937
1.421,0.99844279
1.422,0.998442347
1.423,0.998441611
1.424,0.998440582
1.425,0.998439259
1.426,0.998437644
1.427,0.998435737
1.428,0.998433539
1.429,0.998431049
1.43,0.99842827
1.431,0.998335178
1.432,0.998080735
1.433,0.997693414
1.434,0.997201689
1.435,0.996634034
1.436,0.996018923
1.437,0.995384828
1.438,0.994760226
1.439,0.994173588
1.44,0.993653389
1.441,0.993160073
1.442,0.992642135
1.443,0.992110127
1.444,0.991574602
1.445,0.991046112
1.446,0.990535209
1.447,0.990052445
1.448,0.989608371
1.449,0.989213542
1.45,0.988878507
1.451,0.988582505
1.452,0.98829885
1.453,0.988029209
1.454,0.987775249
1.455,0.98753864
1.456,0.987321048
1.457,0.98712414
1.458,0.986949585
1.459,0.98679905
1.46,0.986674203
1.461,0.986569761
1.462,0.986477855
1.463,0.986396274
1.464,0.986322804
1.465,0.986255233
1.466,0.98619135
1.467,0.986128941
1.468,0.986065795
1.469,0.985999699
1.47,0.985928441
1.471,0.985847153
1.472,0.985755424
1.473,0.985657729
1.474,0.985558543
1.475,0.985462339
1.476,0.985373593
1.477,0.98529678
1.478,0.985236373
1.479,0.985196848
1.48,0.985182678
1.481,0.985183508
1.482,0.985185964
1.483,0.985189998
1.484,0.985195563
1.485,0.985202609
1.486,0.985211088
1.487,0.985220952
1.488,0.985232152
1.489,0.98524464
1.49,0.985258367
1.491,0.98529552
1.492,0.985373511
1.493,0.985485133
1.494,0.985623181
1.495,0.985780447
1.496,0.985949724
1.497,0.986123806
1.498,0.986295486
1.499,0.986457556
1.5,0.986602811
1.501,0.986743671
1.502,0.986894511
1.503,0.987051054
1.504,0.987209023
1.505,0.98736414
1.506,0.987512129
1.507,0.987648712
1.508,0.987769612
1.509,0.987870553
1.51,0.987947256
1.511,0.988009972
1.512,0.988071025
1.513,0.988129252
1.514,0.988183491
1.515,0.988232577
1.516,0.988275347
1.517,0.988310637
1.518,0.988337286
1.519,0.988354127
1.52,0.98836
1.521,0.98836
1.522,0.98836
1.523,0.98836
1.524,0.98836
1.525,0.98836
1.526,0.98836
1.527,0.98836
1.528,0.98836
1.529,0.98836
1.53,0.98836
1.531,0.98836
1.532,0.98836
1.533,0.98836
1.534,0.98836
1.535,0.98836
1.536,0.98836
1.537,0.98836
1.538,0.98836
1.539,0.98836
1.54,0.98836
1.541,0.988356076
1.542,0.988344931
1.543,0.9883275
1.544,0.988304723
1.545,0.988277535
1.546,0.988246876
1.547,0.988213682
1.548,0.98817889
1.549,0.988143439
1.55,0.988108266
1.551,0.988069407
1.552,0.988023169
1.553,0.987970897
1.554,0.987913933
1.555,0.98785362
1.556,0.987791303
1.557,0.987728325
1.558,0.987666029
1.559,0.987605759
1.56,0.987548858
1.561,0.987494032
1.562,0.987439166
1.563,0.987384374
1.564,0.987329769
1.565,0.987275465
1.566,0.987221574
1.567,0.98716821
1.568,0.987115486
1.569,0.987063516
1.57,0.987012413
1.571,0.986962293
1.572,0.986913087
1.573,0.986864636
1.574,0.986816777
1.575,0.986769349
1.576,0.98672219
1.577,0.986675138
1.578,0.986628033
1.579,0.986580713
1.58,0.986533015
1.581,0.986480761
1.582,0.986421795
1.583,0.986358994
1.584,0.986295234
1.585,0.986233391
1.586,0.986176343
1.587,0.986126965
1.588,0.986088134
1.589,0.986062726
1.59,0.986053617
1.591,0.986057711
1.592,0.986069295
1.593,0.986087325
1.594,0.986110756
1.595,0.986138542
1.596,0.986169637
1.597,0.986202998
1.598,0.986237578
1.599,0.986272332
1.6,0.986306216
1.601,0.986342266
1.602,0.986383567
1.603,0.986429145
1.604,0.986478027
1.605,0.98652924
1.606,0.986581809
1.607,0.986634762
1.608,0.986687124
1.609,0.986737923
1.61,0.986786184
1.611,0.986833013
1.612,0.986880038
1.613,0.986927066
1.614,0.986973906
1.615,0.987020368
1.616,0.987066259
1.617,0.987111389
1.618,0.987155565
1.619,0.987198597
1.62,0.987240293
1.621,0.987280563
1.622,0.987319591
1.623,0.987357597
1.624,0.987394798
1.625,0.987431415
1.626,0.987467667
1.627,0.987503772
1.628,0.987539951
1.629,0.987576422
1.63,0.987613404
1.631,0.987650715
1.632,0.987688026
1.633,0.987725338
1.634,0.987762649
1.635,0.98779996
1.636,0.987837271
1.637,0.987874582
1.638,0.987911894
1.639,0.987949205
1.64,0.987986516
1.641,0.988023407
1.642,0.988059644
1.643,0.988095508
1.644,0.988131278
1.645,0.988167235
1.646,0.988203659
1.647,0.98824083
1.648,0.988279028
1.649,0.988318534
1.65,0.988359627
1.651,0.988402748
1.652,0.98844791
1.653,0.988494754
1.654,0.988542918
1.655,0.988592044
1.656,0.988641771
1.657,0.988691738
1.658,0.988741587
1.659,0.988790957
1.66,0.988839488
1.661,0.988887551
1.662,0.988935725
1.663,0.988983963
1.664,0.989032218
1.665,0.989080442
1.666,0.989128589
1.667,0.989176611
1.668,0.989224461
1.669,0.989272092
1.67,0.989319457
1.671,0.989366606
1.672,0.989413618
1.673,0.989460486
1.674,0.989507206
1.675,0.98955377
1.676,0.989600173
1.677,0.989646409
1.678,0.989692472
1.679,0.989738356
1.68,0.989784056
1.681,0.989829505
1.682,0.989874674
1.683,0.989919612
1.684,0.989964369
1.685,0.990008994
1.686,0.990053537
1.687,0.990098047
1.688,0.990142573
1.689,0.990187165
1.69,0.990231873
1.691,0.99027921
1.692,0.990330521
1.693,0.990384104
1.694,0.990438255
1.695,0.99049127
1.696,0.990541446
1.697,0.990587079
1.698,0.990626466
1.699,0.990657904
1.7,0.990679689
1.701,0.990695774
1.702,0.990711101
1.703,0.99072545
1.704,0.990738601
1.705,0.990750333
1.706,0.990760426
1.707,0.990768659
1.708,0.990774813
1.709,0.990778666
1.71,0.99078
1.711,0.99078
1.712,0.99078
1.713,0.99078
1.714,0.99078
1.715,0.99078
1.716,0.99078
1.717,0.99078
1.718,0.99078
1.719,0.99078
1.72,0.99078
1.721,0.99078
1.722,0.99078
1.723,0.99078
1.724,0.99078
1.725,0.99078
1.726,0.99078
1.727,0.99078
1.728,0.99078
1.729,0.99078
1.73,0.99078
1.731,0.990782153
1.732,0.990788305
1.733,0.990797999
1.734,0.990810777
1.735,0.990826181
1.736,0.990843753
1.737,0.990863036
1.738,0.99088357
1.739,0.990904899
1.74,0.990926565
1.741,0.990952038
1.742,0.990984296
1.743,0.991022142
1.744,0.991064378
1.745,0.991109808
1.746,0.991157233
1.747,0.991205456
1.748,0.99125328
1.749,0.991299508
1.75,0.991342942
1.751,0.991385731
1.752,0.991430311
1.753,0.991475913
1.754,0.991521772
1.755,0.991567119
1.756,0.991611187
1.757,0.991653209
1.758,0.991692417
1.759,0.991728043
1.76,0.99175932
1.761,0.991788865
1.762,0.991819195
1.763,0.991849392
1.764,0.991878539
1.765,0.991905719
1.766,0.991930014
1.767,0.991950507
1.768,0.99196628
1.769,0.991976417
1.77,0.99198
1.771,0.99198
1.772,0.99198
1.773,0.99198
1.774,0.99198
1.775,0.99198
1.776,0.99198
1.777,0.99198
1.778,0.99198
1.779,0.99198
1.78,0.99198
1.781,0.99198
1.782,0.99198
1.783,0.99198
1.784,0.99198
1.785,0.99198
1.786,0.99198
1.787,0.99198
1.788,0.99198
1.789,0.99198
1.79,0.99198
1.791,0.99198
1.792,0.99198
1.793,0.99198
1.794,0.99198
1.795,0.99198
1.796,0.99198
1.797,0.99198
1.798,0.99198
1.799,0.99198
1.8,0.99198
1.801,0.99198
1.802,0.99198
1.803,0.99198
1.804,0.99198
1.805,0.99198
1.806,0.99198
1.807,0.99198
1.808,0.99198
1.809,0.99198
1.81,0.99198
1.811,0.99198
1.812,0.99198
1.813,0.99198
1.814,0.99198
1.815,0.99198
1.816,0.99198
1.817,0.99198
1.818,0.99198
1.819,0.99198
1.82,0.99198
1.821,0.991959359
1.822,0.991900942
1.823,0.99181001
1.824,0.991691825
1.825,0.991551646
1.826,0.991394734
1.827,0.991226351
1.828,0.991051756
1.829,0.990876212
1.83,0.990704977
1.831,0.990501312
1.832,0.990237742
1.833,0.989933426
1.834,0.989607524
1.835,0.989279195
1.836,0.988967599
1.837,0.988691895
1.838,0.988471242
1.839,0.9883248
1.84,0.988271728
1.841,0.988274898
1.842,0.988284201
1.843,0.988299329
1.844,0.988319975
1.845,0.98834583
1.846,0.988376585
1.847,0.988411934
1.848,0.988451567
1.849,0.988495177
1.85,0.988542455
1.851,0.988651313
1.852,0.988862572
1.853,0.989150289
1.854,0.989488519
1.855,0.989851321
1.856,0.990212749
1.857,0.99054686
1.858,0.990827712
1.859,0.99102936
1.86,0.99112586
1.861,0.991159737
1.862,0.991190707
1.863,0.991218614
1.864,0.991243303
1.865,0.99126462
1.866,0.991282409
1.867,0.991296514
1.868,0.991306782
1.869,0.991313056
1.87,0.991315182
1.871,0.991256413
1.872,0.991096897
1.873,0.99086182
1.874,0.99057637
1.875,0.990265733
1.876,0.989955095
1.877,0.989669645
1.878,0.989434568
1.879,0.989275052
1.88,0.989216283
1.881,0.989395307
1.882,0.98988123
1.883,0.990597326
1.884,0.991466871
1.885,0.992413142
1.886,0.993359412
1.887,0.994228957
1.888,0.994945053
1.889,0.995430976
1.89,0.99561
1.891,0.99561
1.892,0.99561
1.893,0.99561
1.894,0.99561
1.895,0.99561
1.896,0.99561
1.897,0.99561
1.898,0.99561
1.899,0.99561
1.9,0.99561
1.901,0.995615184
1.902,0.995629807
1.903,0.995652478
1.904,0.995681806
1.905,0.995716397
1.906,0.995754861
1.907,0.995795806
1.908,0.99583784
1.909,0.995879571
1.91,0.995919607
1.911,0.995961484
1.912,0.99600884
1.913,0.996060437
1.914,0.99611504
1.915,0.99617141
1.916,0.996228311
1.917,0.996284505
1.918,0.996338756
1.919,0.996389827
1.92,0.99643648
1.921,0.996482885
1.922,0.996532727
1.923,0.996584048
1.924,0.996634885
1.925,0.99668328
1.926,0.996727272
1.927,0.9967649
1.928,0.996794204
1.929,0.996813224
1.93,0.99682
1.931,0.99682
1.932,0.99682
1.933,0.99682
1.934,0.99682
1.935,0.99682
1.936,0.99682
1.937,0.99682
1.938,0.99682
1.939,0.99682
1.94,0.99682
1.941,0.99682
1.942,0.99682
1.943,0.99682
1.944,0.99682
1.945,0.99682
1.946,0.99682
1.947,0.99682
1.948,0.99682
1.949,0.99682
1.95,0.99682
1.951,0.99682
1.952,0.99682
1.953,0.99682
1.954,0.99682
1.955,0.99682
1.956,0.99682
1.957,0.99682
1.958,0.99682
1.959,0.99682
1.96,0.99682
1.961,0.996819467
1.962,0.996817904
1.963,0.996815368
1.964,0.996811912
1.965,0.996807593
1.966,0.996802466
1.967,0.996796586
1.968,0.996790008
1.969,0.996782787
1.97,0.99677498
1.971,0.99676093
1.972,0.996736201
1.973,0.996702678
1.974,0.996662245
1.975,0.996616786
1.976,0.996568187
1.977,0.996518332
1.978,0.996469104
1.979,0.99642239
1.98,0.996380072
1.981,0.99634049
1.982,0.996300766
1.983,0.996260961
1.984,0.996221136
1.985,0.996181352
1.986,0.996141668
1.987,0.996102147
1.988,0.996062849
1.989,0.996023834
1.99,0.995985163
1.991,0.995943491
1.992,0.995896894
1.993,0.995847565
1.994,0.995797697
1.995,0.995749484
1.996,0.995705118
1.997,0.995666794
1.998,0.995636704
1.999,0.995617042
2,0.99561
2.001,0.99561
2.002,0.99561
2.003,0.99561
2.004,0.99561
2.005,0.99561
2.006,0.99561
2.007,0.99561
2.008,0.99561
2.009,0.99561
2.01,0.99561
2.011,0.99561
2.012,0.99561
2.013,0.99561
2.014,0.99561
2.015,0.99561
2.016,0.99561
2.017,0.99561
2.018,0.99561
2.019,0.99561
2.02,0.99561
2.021,0.99561
2.022,0.99561
2.023,0.99561
2.024,0.99561
2.025,0.99561
2.026,0.99561
2.027,0.99561
2.028,0.99561
2.029,0.99561
2.03,0.99561
2.031,0.99561
2.032,0.99561
2.033,0.99561
2.034,0.99561
2.035,0.99561
2.036,0.99561
2.037,0.99561
2.038,0.99561
2.039,0.99561
2.04,0.99561
2.041,0.995610019
2.042,0.995610075
2.043,0.995610169
2.044,0.9956103
2.045,0.995610469
2.046,0.995610674
2.047,0.995610917
2.048,0.995611197
2.049,0.995611513
2.05,0.995611866
2.051,0.995619256
2.052,0.995639205
2.053,0.995669498
2.054,0.995707917
2.055,0.995752247
2.056,0.99580027
2.057,0.995849772
2.058,0.995898534
2.059,0.995944341
2.06,0.995984977
2.061,0.996022288
2.062,0.996059599
2.063,0.99609691
2.064,0.996134221
2.065,0.996171532
2.066,0.996208844
2.067,0.996246155
2.068,0.996283466
2.069,0.996320777
2.07,0.996358088
2.071,0.996397466
2.072,0.996440059
2.073,0.99648449
2.074,0.99652938
2.075,0.996573351
2.076,0.996615025
2.077,0.996653026
2.078,0.996685973
2.079,0.996712491
2.08,0.9967312
2.081,0.996745306
2.082,0.996758798
2.083,0.996771469
2.084,0.996783115
2.085,0.996793532
2.086,0.996802514
2.087,0.996809857
2.088,0.996815355
2.089,0.996818805
2.09,0.99682
2.091,0.99682
2.092,0.99682
2.093,0.99682
2.094,0.99682
2.095,0.99682
2.096,0.99682
2.097,0.99682
2.098,0.99682
2.099,0.99682
2.1,0.99682
2.101,0.996789435
2.102,0.996703215
2.103,0.99656955
2.104,0.996396653
2.105,0.996192734
2.106,0.995966006
2.107,0.99572468
2.108,0.995476967
2.109,0.995231079
2.11,0.994995227
2.111,0.994725313
2.112,0.994386969
2.113,0.994003007
2.114,0.993596234
2.115,0.993189462
2.116,0.992805499
2.117,0.992467156
2.118,0.992197241
2.119,0.992018565
2.12,0.991953938
2.121,0.991966471
2.122,0.992002449
2.123,0.992059439
2.124,0.992135007
2.125,0.992226721
2.126,0.992332148
2.127,0.992448854
2.128,0.992574407
2.129,0.992706375
2.13,0.992842323
2.131,0.993020798
2.132,0.99327085
2.133,0.9935758
2.134,0.99391897
2.135,0.994283682
2.136,0.994653257
2.137,0.995011017
2.138,0.995340283
2.139,0.995624377
2.14,0.995846622
2.141,0.996023888
2.142,0.996185661
2.143,0.996334183
2.144,0.996471694
2.145,0.996600436
2.146,0.996722651
2.147,0.99684058
2.148,0.996956465
2.149,0.997072547
2.15,0.997191067
2.151,0.997311739
2.152,0.997432195
2.153,0.997551557
2.154,0.997668945
2.155,0.99778348
2.156,0.997894285
2.157,0.99800048
2.158,0.998101185
2.159,0.998195523
2.16,0.998282615
2.161,0.998365192
2.162,0.998446128
2.163,0.998524755
2.164,0.998600406
2.165,0.998672415
2.166,0.998740113
2.167,0.998802834
2.168,0.998859912
2.169,0.998910677
2.17,0.998954464
2.171,0.99899492
2.172,0.999035456
2.173,0.99907505
2.174,0.999112681
2.175,0.999147326
2.176,0.999177964
2.177,0.999203572
2.178,0.999223128
2.179,0.999235612
2.18,0.99924
2.181,0.99924
2.182,0.99924
2.183,0.99924
2.184,0.99924
2.185,0.99924
2.186,0.99924
2.187,0.99924
2.188,0.99924
2.189,0.99924
2.19,0.99924
2.191,0.99924
2.192,0.99924
2.193,0.99924
2.194,0.99924
2.195,0.99924
2.196,0.99924
2.197,0.99924
2.198,0.99924
2.199,0.99924
2.2,0.99924
2.201,0.99924
2.202,0.99924
2.203,0.99924
2.204,0.99924
2.205,0.99924
2.206,0.99924
2.207,0.99924
2.208,0.99924
2.209,0.99924
2.21,0.99924
2.211,0.99924
2.212,0.99924
2.213,0.99924
2.214,0.99924
2.215,0.99924
2.216,0.99924
2.217,0.99924
2.218,0.99924
2.219,0.99924
2.22,0.99924
2.221,0.99924
2.222,0.99924
2.223,0.99924
2.224,0.99924
2.225,0.99924
2.226,0.99924
2.227,0.99924
2.228,0.99924
2.229,0.99924
2.23,0.99924
2.231,0.99924
2.232,0.99924
2.233,0.99924
2.234,0.99924
2.235,0.99924
2.236,0.99924
2.237,0.99924
2.238,0.99924
2.239,0.99924
2.24,0.99924
2.241,0.99924
2.242,0.99924
2.243,0.99924
2.244,0.99924
2.245,0.99924
2.246,0.99924
2.247,0.99924
2.248,0.99924
2.249,0.99924
2.25,0.99924
2.251,0.99924
2.252,0.99924
2.253,0.99924
2.254,0.99924
2.255,0.99924
2.256,0.99924
2.257,0.99924
2.258,0.99924
2.259,0.99924
2.26,0.99924
2.261,0.99924
2.262,0.99924
2.263,0.99924
2.264,0.99924
2.265,0.99924
2.266,0.99924
2.267,0.99924
2.268,0.99924
2.269,0.99924
2.27,0.99924
2.271,0.99924
2.272,0.99924
2.273,0.99924
2.274,0.99924
2.275,0.99924
2.276,0.99924
2.277,0.99924
2.278,0.99924
2.279,0.99924
2.28,0.99924
2.281,0.99910432
2.282,0.998721351
2.283,0.998127198
2.284,0.997357968
2.285,0.996449766
2.286,0.995438698
2.287,0.99436087
2.288,0.993252389
2.289,0.992149359
2.29,0.991087887
2.291,0.989864488
2.292,0.98832194
2.293,0.986565749
2.294,0.984701417
2.295,0.982834447
2.296,0.981070343
2.297,0.979514608
2.298,0.978272745
2.299,0.977450258
2.3,0.977152651
2.301,0.97721912
2.302,0.97740485
2.303,0.977689325
2.304,0.97805203
2.305,0.978472449
2.306,0.978930067
2.307,0.979404368
2.308,0.979874835
2.309,0.980320955
2.31,0.98072221
2.311,0.981132251
2.312,0.981602219
2.313,0.982107831
2.314,0.982624807
2.315,0.983128866
2.316,0.983595726
2.317,0.984001106
2.318,0.984320726
2.319,0.984530304
2.32,0.984605559
2.321,0.984212487
2.322,0.98313291
2.323,0.981516289
2.324,0.979512085
2.325,0.977269757
2.326,0.974938766
2.327,0.972668573
2.328,0.970608638
2.329,0.96890842
2.33,0.967717381
2.331,0.966888926
2.332,0.966163657
2.333,0.965521823
2.334,0.964943677
2.335,0.964409471
2.336,0.963899455
2.337,0.963393882
2.338,0.962873002
2.339,0.962317068
2.34,0.961706331
2.341,0.960989461
2.342,0.960158118
2.343,0.959257038
2.344,0.958330957
2.345,0.957424613
2.346,0.956582741
2.347,0.955850077
2.348,0.955271358
2.349,0.95489132
2.35,0.954754699
2.351,0.954819871
2.352,0.955002721
2.353,0.955284248
2.354,0.955645451
2.355,0.956067332
2.356,0.956530888
2.357,0.957017121
2.358,0.957507029
2.359,0.957981613
2.36,0.958421872
2.361,0.958828138
2.362,0.959221003
2.363,0.959611856
2.364,0.960012085
2.365,0.96043308
2.366,0.960886229
2.367,0.961382921
2.368,0.961934545
2.369,0.962552489
2.37,0.963248143
2.371,0.964157011
2.372,0.965368166
2.373,0.96682335
2.374,0.968464306
2.375,0.970232778
2.376,0.972070506
2.377,0.973919234
2.378,0.975720704
2.379,0.977416659
2.38,0.978948841
2.381,0.980392533
2.382,0.98185098
2.383,0.983307872
2.384,0.984746897
2.385,0.986151742
2.386,0.987506097
2.387,0.988793649
2.388,0.989998088
2.389,0.991103101
2.39,0.992092377
2.391,0.993005199
2.392,0.993888182
2.393,0.994736011
2.394,0.995543369
2.395,0.996304943
2.396,0.997015416
2.397,0.997669474
2.398,0.9982618
2.399,0.998787081
2.4,0.99924
2.401,0.99924
2.402,0.99924
2.403,0.99924
2.404,0.99924
2.405,0.99924
2.406,0.99924
2.407,0.99924
2.408,0.99924
2.409,0.99924
2.41,0.99924
2.411,0.99924
2.412,0.99924
2.413,0.99924
2.414,0.99924
2.415,0.99924
2.416,0.99924
2.417,0.99924
2.418,0.99924
2.419,0.99924
2.42,0.99924
2.421,0.99924
2.422,0.99924
2.423,0.99924
2.424,0.99924
2.425,0.99924
2.426,0.99924
2.427,0.99924
2.428,0.99924
2.429,0.99924
2.43,0.99924
2.431,0.99924
2.432,0.99924
2.433,0.99924
2.434,0.99924
2.435,0.99924
2.436,0.99924
2.437,0.99924
2.438,0.99924
2.439,0.99924
2.44,0.99924
2.441,0.99924
2.442,0.99924
2.443,0.99924
2.444,0.99924
2.445,0.99924
2.446,0.99924
2.447,0.99924
2.448,0.99924
2.449,0.99924
2.45,0.99924
2.451,0.99924
2.452,0.99924
2.453,0.99924
2.454,0.99924
2.455,0.99924
2.456,0.99924
2.457,0.99924
2.458,0.99924
2.459,0.99924
2.46,0.99924
2.461,0.99924
2.462,0.99924
2.463,0.99924
2.464,0.99924
2.465,0.99924
2.466,0.99924
2.467,0.99924
2.468,0.99924
2.469,0.99924
2.47,0.99924
2.471,0.99924
2.472,0.99924
2.473,0.99924
2.474,0.99924
2.475,0.99924
2.476,0.99924
2.477,0.99924
2.478,0.99924
2.479,0.99924
2.48,0.99924
2.481,0.99924
2.482,0.99924
2.483,0.99924
2.484,0.99924
2.485,0.99924
2.486,0.99924
2.487,0.99924
2.488,0.99924
2.489,0.99924
2.49,0.99924
2.491,0.99924
2.492,0.99924
2.493,0.99924
2.494,0.99924
2.495,0.99924
2.496,0.99924
2.497,0.99924
2.498,0.99924
2.499,0.99924
2.5,0.99924
2.501,0.99924
2.502,0.99924
2.503,0.99924
2.504,0.99924
2.505,0.99924
2.506,0.99924
2.507,0.99924
2.508,0.99924
2.509,0.99924
2.51,0.99924
2.511,0.99924
2.512,0.99924
2.513,0.99924
2.514,0.99924
2.515,0.99924
2.516,0.99924
2.517,0.99924
2.518,0.99924
2.519,0.99924
2.52,0.99924
2.521,0.99924
2.522,0.99924
2.523,0.99924
2.524,0.99924
2.525,0.99924
2.526,0.99924
2.527,0.99924
2.528,0.99924
2.529,0.99924
2.53,0.99924
2.531,0.99924
2.532,0.99924
2.533,0.99924
2.534,0.99924
2.535,0.99924
2.536,0.99924
2.537,0.99924
2.538,0.99924
2.539,0.99924
2.54,0.99924
2.541,0.99924
2.542,0.99924
2.543,0.99924
2.544,0.99924
2.545,0.99924
2.546,0.99924
2.547,0.99924
2.548,0.99924
2.549,0.99924
2.55,0.99924
2.551,0.99924
2.552,0.99924
2.553,0.99924
2.554,0.99924
2.555,0.99924
2.556,0.99924
2.557,0.99924
2.558,0.99924
2.559,0.99924
2.56,0.99924
2.561,0.99924
2.562,0.99924
2.563,0.99924
2.564,0.99924
2.565,0.99924
2.566,0.99924
2.567,0.99924
2.568,0.99924
2.569,0.99924
2.57,0.99924
2.571,0.99924
2.572,0.99924
2.573,0.99924
2.574,0.99924
2.575,0.99924
2.576,0.99924
2.577,0.99924
2.578,0.99924
2.579,0.99924
2.58,0.99924
2.581,0.99924
2.582,0.99924
2.583,0.99924
2.584,0.99924
2.585,0.99924
2.586,0.99924
2.587,0.99924
2.588,0.99924
2.589,0.99924
2.59,0.99924
2.591,0.99924
2.592,0.99924
2.593,0.99924
2.594,0.99924
2.595,0.99924
2.596,0.99924
2.597,0.99924
2.598,0.99924
2.599,0.99924
2.6,0.99924
2.601,0.99924
2.602,0.99924
2.603,0.99924
2.604,0.99924
2.605,0.99924
2.606,0.99924
2.607,0.99924
2.608,0.99924
2.609,0.99924
2.61,0.99924
2.611,0.99924
2.612,0.99924
2.613,0.99924
2.614,0.99924
2.615,0.99924
2.616,0.99924
2.617,0.99924
2.618,0.99924
2.619,0.99924
2.62,0.99924
2.621,0.99924
2.622,0.99924
2.623,0.99924
2.624,0.99924
2.625,0.99924
2.626,0.99924
2.627,0.99924
2.628,0.99924
2.629,0.99924
2.63,0.99924
2.631,0.99924
2.632,0.99924
2.633,0.99924
2.634,0.99924
2.635,0.99924
2.636,0.99924
2.637,0.99924
2.638,0.99924
2.639,0.99924
2.64,0.99924
2.641,0.99924
2.642,0.99924
2.643,0.99924
2.644,0.99924
2.645,0.99924
2.646,0.99924
2.647,0.99924
2.648,0.99924
2.649,0.99924
2.65,0.99924
2.651,0.99924
2.652,0.99924
2.653,0.99924
2.654,0.99924
2.655,0.99924
2.656,0.99924
2.657,0.99924
2.658,0.99924
2.659,0.99924
2.66,0.99924
2.661,0.99924
2.662,0.99924
2.663,0.99924
2.664,0.99924
2.665,0.99924
2.666,0.99924
2.667,0.99924
2.668,0.99924
2.669,0.99924
2.67,0.99924
2.671,0.99924
2.672,0.99924
2.673,0.99924
2.674,0.99924
2.675,0.99924
2.676,0.99924
2.677,0.99924
2.678,0.99924
2.679,0.99924
2.68,0.99924
2.681,0.99924
2.682,0.99924
2.683,0.99924
2.684,0.99924
2.685,0.99924
2.686,0.99924
2.687,0.99924
2.688,0.99924
2.689,0.99924
2.69,0.99924
2.691,0.99924
2.692,0.99924
2.693,0.99924
2.694,0.99924
2.695,0.99924
2.696,0.99924
2.697,0.99924
2.698,0.99924
2.699,0.99924
2.7,0.99924
2.701,0.99924
2.702,0.99924
2.703,0.99924
2.704,0.99924
2.705,0.99924
2.706,0.99924
2.707,0.99924
2.708,0.99924
2.709,0.99924
2.71,0.99924
2.711,0.99924
2.712,0.99924
2.713,0.99924
2.714,0.99924
2.715,0.99924
2.716,0.99924
2.717,0.99924
2.718,0.99924
2.719,0.99924
2.72,0.99924
2.721,0.99924
2.722,0.99924
2.723,0.99924
2.724,0.99924
2.725,0.99924
2.726,0.99924
2.727,0.99924
2.728,0.99924
2.729,0.99924
2.73,0.99924
2.731,0.99924
2.732,0.99924
2.733,0.99924
2.734,0.99924
2.735,0.99924
2.736,0.99924
2.737,0.99924
2.738,0.99924
2.739,0.99924
2.74,0.99924
2.741,0.99924
2.742,0.99924
2.743,0.99924
2.744,0.99924
2.745,0.99924
2.746,0.99924
2.747,0.99924
2.748,0.99924
2.749,0.99924
2.75,0.99924
2.751,0.99924
2.752,0.99924
2.753,0.99924
2.754,0.99924
2.755,0.99924
2.756,0.99924
2.757,0.99924
2.758,0.99924
2.759,0.99924
2.76,0.99924
2.761,0.99924
2.762,0.99924
2.763,0.99924
2.764,0.99924
2.765,0.99924
2.766,0.99924
2.767,0.99924
2.768,0.99924
2.769,0.99924
2.77,0.99924
2.771,0.99924
2.772,0.99924
2.773,0.99924
2.774,0.99924
2.775,0.99924
2.776,0.99924
2.777,0.99924
2.778,0.99924
2.779,0.99924
2.78,0.99924
2.781,0.99924
2.782,0.99924
2.783,0.99924
2.784,0.99924
2.785,0.99924
2.786,0.99924
2.787,0.99924
2.788,0.99924
2.789,0.99924
2.79,0.99924
2.791,0.99924
2.792,0.99924
2.793,0.99924
2.794,0.99924
2.795,0.99924
2.796,0.99924
2.797,0.99924
2.798,0.99924
2.799,0.99924
2.8,0.99924
2.801,0.99924
2.802,0.99924
2.803,0.99924
2.804,0.99924
2.805,0.99924
2.806,0.99924
2.807,0.99924
2.808,0.99924
2.809,0.99924
2.81,0.99924
2.811,0.99924
2.812,0.99924
2.813,0.99924
2.814,0.99924
2.815,0.99924
2.816,0.99924
2.817,0.99924
2.818,0.99924
2.819,0.99924
2.82,0.99924
2.821,0.99924
2.822,0.99924
2.823,0.99924
2.824,0.99924
2.825,0.99924
2.826,0.99924
2.827,0.99924
2.828,0.99924
2.829,0.99924
2.83,0.99924
2.831,0.99924
2.832,0.99924
2.833,0.99924
2.834,0.99924
2.835,0.99924
2.836,0.99924
2.837,0.99924
2.838,0.99924
2.839,0.99924
2.84,0.99924
2.841,0.99924
2.842,0.99924
2.843,0.99924
2.844,0.99924
2.845,0.99924
2.846,0.99924
2.847,0.99924
2.848,0.99924
2.849,0.99924
2.85,0.99924
2.851,0.99924
2.852,0.99924
2.853,0.99924
2.854,0.99924
2.855,0.99924
2.856,0.99924
2.857,0.99924
2.858,0.99924
2.859,0.99924
2.86,0.99924
2.861,0.99924
2.862,0.99924
2.863,0.99924
2.864,0.99924
2.865,0.99924
2.866,0.99924
2.867,0.99924
2.868,0.99924
2.869,0.99924
2.87,0.99924
2.871,0.99924
2.872,0.99924
2.873,0.99924
2.874,0.99924
2.875,0.99924
2.876,0.99924
2.877,0.99924
2.878,0.99924
2.879,0.99924
2.88,0.99924
2.881,0.99924
2.882,0.99924
2.883,0.99924
2.884,0.99924
2.885,0.99924
2.886,0.99924
2.887,0.99924
2.888,0.99924
2.889,0.99924
2.89,0.99924
2.891,0.99924
2.892,0.99924
2.893,0.99924
2.894,0.99924
2.895,0.99924
2.896,0.99924
2.897,0.99924
2.898,0.99924
2.899,0.99924
2.9,0.99924
2.901,0.99924
2.902,0.99924
2.903,0.99924
2.904,0.99924
2.905,0.99924
2.906,0.99924
2.907,0.99924
2.908,0.99924
2.909,0.99924
2.91,0.99924
2.911,0.99924
2.912,0.99924
2.913,0.99924
2.914,0.99924
2.915,0.99924
2.916,0.99924
2.917,0.99924
2.918,0.99924
2.919,0.99924
2.92,0.99924
2.921,0.99924
2.922,0.99924
2.923,0.99924
2.924,0.99924
2.925,0.99924
2.926,0.99924
2.927,0.99924
2.928,0.99924
2.929,0.99924
2.93,0.99924
2.931,0.99924
2.932,0.99924
2.933,0.99924
2.934,0.99924
2.935,0.99924
2.936,0.99924
2.937,0.99924
2.938,0.99924
2.939,0.99924
2.94,0.99924
2.941,0.99924
2.942,0.99924
2.943,0.99924
2.944,0.99924
2.945,0.99924
2.946,0.99924
2.947,0.99924
2.948,0.99924
2.949,0.99924
2.95,0.99924
2.951,0.99924
2.952,0.99924
2.953,0.99924
2.954,0.99924
2.955,0.99924
2.956,0.99924
2.957,0.99924
2.958,0.99924
2.959,0.99924
2.96,0.99924
2.961,0.99924
2.962,0.99924
2.963,0.99924
2.964,0.99924
2.965,0.99924
2.966,0.99924
2.967,0.99924
2.968,0.99924
2.969,0.99924
2.97,0.99924
2.971,0.99924
2.972,0.99924
2.973,0.99924
2.974,0.99924
2.975,0.99924
2.976,0.99924
2.977,0.99924
2.978,0.99924
2.979,0.99924
2.98,0.99924
2.981,0.99924
2.982,0.99924
2.983,0.99924
2.984,0.99924
2.985,0.99924
2.986,0.99924
2.987,0.99924
2.988,0.99924
2.989,0.99924
2.99,0.99924
2.991,0.99924
2.992,0.99924
2.993,0.99924
2.994,0.99924
2.995,0.99924
2.996,0.99924
2.997,0.99924
2.998,0.99924
2.999,0.99924
3,0.99924
3.001,0.99924
3.002,0.99924
3.003,0.99924
3.004,0.99924
3.005,0.99924
3.006,0.99924
3.007,0.99924
3.008,0.99924
3.009,0.99924
3.01,0.99924
3.011,0.99924
3.012,0.99924
3.013,0.99924
3.014,0.99924
3.015,0.99924
3.016,0.99924
3.017,0.99924
3.018,0.99924
3.019,0.99924
3.02,0.99924
3.021,0.99924
3.022,0.99924
3.023,0.99924
3.024,0.99924
3.025,0.99924
3.026,0.99924
3.027,0.99924
3.028,0.99924
3.029,0.99924
3.03,0.99924
3.031,0.99924
3.032,0.99924
3.033,0.99924
3.034,0.99924
3.035,0.99924
3.036,0.99924
3.037,0.99924
3.038,0.99924
3.039,0.99924
3.04,0.99924
3.041,0.99924
3.042,0.99924
3.043,0.99924
3.044,0.99924
3.045,0.99924
3.046,0.99924
3.047,0.99924
3.048,0.99924
3.049,0.99924
3.05,0.99924
3.051,0.99924
3.052,0.99924
3.053,0.99924
3.054,0.99924
3.055,0.99924
3.056,0.99924
3.057,0.99924
3.058,0.99924
3.059,0.99924
3.06,0.99924
3.061,0.99924
3.062,0.99924
3.063,0.99924
3.064,0.99924
3.065,0.99924
3.066,0.99924
3.067,0.99924
3.068,0.99924
3.069,0.99924
3.07,0.99924
3.071,0.99924
3.072,0.99924
3.073,0.99924
3.074,0.99924
3.075,0.99924
3.076,0.99924
3.077,0.99924
3.078,0.99924
3.079,0.99924
3.08,0.99924
3.081,0.99924
3.082,0.99924
3.083,0.99924
3.084,0.99924
3.085,0.99924
3.086,0.99924
3.087,0.99924
3.088,0.99924
3.089,0.99924
3.09,0.99924
3.091,0.99924
3.092,0.99924
3.093,0.99924
3.094,0.99924
3.095,0.99924
3.096,0.99924
3.097,0.99924
3.098,0.99924
3.099,0.99924
3.1,0.99924
3.101,0.99924
3.102,0.99924
3.103,0.99924
3.104,0.99924
3.105,0.99924
3.106,0.99924
3.107,0.99924
3.108,0.99924
3.109,0.99924
3.11,0.99924
3.111,0.99924
3.112,0.99924
3.113,0.99924
3.114,0.99924
3.115,0.99924
3.116,0.99924
3.117,0.99924
3.118,0.99924
3.119,0.99924
3.12,0.99924
3.121,0.99924
3.122,0.99924
3.123,0.99924
3.124,0.99924
3.125,0.99924
3.126,0.99924
3.127,0.99924
3.128,0.99924
3.129,0.99924
3.13,0.99924
3.131,0.99924
3.132,0.99924
3.133,0.99924
3.134,0.99924
3.135,0.99924
3.136,0.99924
3.137,0.99924
3.138,0.99924
3.139,0.99924
3.14,0.99924
3.141,0.99924
3.142,0.99924
3.143,0.99924
3.144,0.99924
3.145,0.99924
3.146,0.99924
3.147,0.99924
3.148,0.99924
3.149,0.99924
3.15,0.99924
3.151,0.99924
3.152,0.99924
3.153,0.99924
3.154,0.99924
3.155,0.99924
3.156,0.99924
3.157,0.99924
3.158,0.99924
3.159,0.99924
3.16,0.99924
3.161,0.99924
3.162,0.99924
3.163,0.99924
3.164,0.99924
3.165,0.99924
3.166,0.99924
3.167,0.99924
3.168,0.99924
3.169,0.99924
3.17,0.99924
3.171,0.99924
3.172,0.99924
3.173,0.99924
3.174,0.99924
3.175,0.99924
3.176,0.99924
3.177,0.99924
3.178,0.99924
3.179,0.99924
3.18,0.99924
3.181,0.99924
3.182,0.99924
3.183,0.99924
3.184,0.99924
3.185,0.99924
3.186,0.99924
3.187,0.99924
3.188,0.99924
3.189,0.99924
3.19,0.99924
3.191,0.99924
3.192,0.99924
3.193,0.99924
3.194,0.99924
3.195,0.99924
3.196,0.99924
3.197,0.99924
3.198,0.99924
3.199,0.99924
3.2,0.99924
3.201,0.99924
3.202,0.99924
3.203,0.99924
3.204,0.99924
3.205,0.99924
3.206,0.99924
3.207,0.99924
3.208,0.99924
3.209,0.99924
3.21,0.99924
3.211,0.99924
3.212,0.99924
3.213,0.99924
3.214,0.99924
3.215,0.99924
3.216,0.99924
3.217,0.99924
3.218,0.99924
3.219,0.99924
3.22,0.99924
3.221,0.99924
3.222,0.99924
3.223,0.99924
3.224,0.99924
3.225,0.99924
3.226,0.99924
3.227,0.99924
3.228,0.99924
3.229,0.99924
3.23,0.99924
3.231,0.99924
3.232,0.99924
3.233,0.99924
3.234,0.99924
3.235,0.99924
3.236,0.99924
3.237,0.99924
3.238,0.99924
3.239,0.99924
3.24,0.99924
3.241,0.99924
3.242,0.99924
3.243,0.99924
3.244,0.99924
3.245,0.99924
3.246,0.99924
3.247,0.99924
3.248,0.99924
3.249,0.99924
3.25,0.99924
3.251,0.99924
3.252,0.99924
3.253,0.99924
3.254,0.99924
3.255,0.99924
3.256,0.99924
3.257,0.99924
3.258,0.99924
3.259,0.99924
3.26,0.99924
3.261,0.99924
3.262,0.99924
3.263,0.99924
3.264,0.99924
3.265,0.99924
3.266,0.99924
3.267,0.99924
3.268,0.99924
3.269,0.99924
3.27,0.99924
3.271,0.99924
3.272,0.99924
3.273,0.99924
3.274,0.99924
3.275,0.99924
3.276,0.99924
3.277,0.99924
3.278,0.99924
3.279,0.99924
3.28,0.99924
3.281,0.99924
3.282,0.99924
3.283,0.99924
3.284,0.99924
3.285,0.99924
3.286,0.99924
3.287,0.99924
3.288,0.99924
3.289,0.99924
3.29,0.99924
3.291,0.99924
3.292,0.99924
3.293,0.99924
3.294,0.99924
3.295,0.99924
3.296,0.99924
3.297,0.99924
3.298,0.99924
3.299,0.99924
3.3,0.99924
3.301,0.99924
3.302,0.99924
3.303,0.99924
3.304,0.99924
3.305,0.99924
3.306,0.99924
3.307,0.99924
3.308,0.99924
3.309,0.99924
3.31,0.99924
3.311,0.99924
3.312,0.99924
3.313,0.99924
3.314,0.99924
3.315,0.99924
3.316,0.99924
3.317,0.99924
3.318,0.99924
3.319,0.99924
3.32,0.99924
3.321,0.99924
3.322,0.99924
3.323,0.99924
3.324,0.99924
3.325,0.99924
3.326,0.99924
3.327,0.99924
3.328,0.99924
3.329,0.99924
3.33,0.99924
3.331,0.99924
3.332,0.99924
3.333,0.99924
3.334,0.99924
3.335,0.99924
3.336,0.99924
3.337,0.99924
3.338,0.99924
3.339,0.99924
3.34,0.99924
3.341,0.99924
3.342,0.99924
3.343,0.99924
3.344,0.99924
3.345,0.99924
3.346,0.99924
3.347,0.99924
3.348,0.99924
3.349,0.99924
3.35,0.99924
3.351,0.99924
3.352,0.99924
3.353,0.99924
3.354,0.99924
3.355,0.99924
3.356,0.99924
3.357,0.99924
3.358,0.99924
3.359,0.99924
3.36,0.99924
3.361,0.99924
3.362,0.99924
3.363,0.99924
3.364,0.99924
3.365,0.99924
3.366,0.99924
3.367,0.99924
3.368,0.99924
3.369,0.99924
3.37,0.99924
3.371,0.99924
3.372,0.99924
3.373,0.99924
3.374,0.99924
3.375,0.99924
3.376,0.99924
3.377,0.99924
3.378,0.99924
3.379,0.99924
3.38,0.99924
3.381,0.99924
3.382,0.99924
3.383,0.99924
3.384,0.99924
3.385,0.99924
3.386,0.99924
3.387,0.99924
3.388,0.99924
3.389,0.99924
3.39,0.99924
3.391,0.99924
3.392,0.99924
3.393,0.99924
3.394,0.99924
3.395,0.99924
3.396,0.99924
3.397,0.99924
3.398,0.99924
3.399,0.99924
3.4,0.99924
3.401,0.99924
3.402,0.99924
3.403,0.99924
3.404,0.99924
3.405,0.99924
3.406,0.99924
3.407,0.99924
3.408,0.99924
3.409,0.99924
3.41,0.99924
3.411,0.99924
3.412,0.99924
3.413,0.99924
3.414,0.99924
3.415,0.99924
3.416,0.99924
3.417,0.99924
3.418,0.99924
3.419,0.99924
3.42,0.99924
3.421,0.99924
3.422,0.99924
3.423,0.99924
3.424,0.99924
3.425,0.99924
3.426,0.99924
3.427,0.99924
3.428,0.99924
3.429,0.99924
3.43,0.99924
3.431,0.99924
3.432,0.99924
3.433,0.99924
3.434,0.99924
3.435,0.99924
3.436,0.99924
3.437,0.99924
3.438,0.99924
3.439,0.99924
3.44,0.99924
3.441,0.99924
3.442,0.99924
3.443,0.99924
3.444,0.99924
3.445,0.99924
3.446,0.99924
3.447,0.99924
3.448,0.99924
3.449,0.99924
3.45,0.99924
3.451,0.99924
3.452,0.99924
3.453,0.99924
3.454,0.99924
3.455,0.99924
3.456,0.99924
3.457,0.99924
3.458,0.99924
3.459,0.99924
3.46,0.99924
3.461,0.99924
3.462,0.99924
3.463,0.99924
3.464,0.99924
3.465,0.99924
3.466,0.99924
3.467,0.99924
3.468,0.99924
3.469,0.99924
3.47,0.99924
3.471,0.99924
3.472,0.99924
3.473,0.99924
3.474,0.99924
3.475,0.99924
3.476,0.99924
3.477,0.99924
3.478,0.99924
3.479,0.99924
3.48,0.99924
3.481,0.99924
3.482,0.99924
3.483,0.99924
3.484,0.99924
3.485,0.99924
3.486,0.99924
3.487,0.99924
3.488,0.99924
3.489,0.99924
3.49,0.99924
3.491,0.99924
3.492,0.99924
3.493,0.99924
3.494,0.99924
3.495,0.99924
3.496,0.99924
3.497,0.99924
3.498,0.99924
3.499,0.99924
3.5,0.99924
3.501,0.99924
3.502,0.99924
3.503,0.99924
3.504,0.99924
3.505,0.99924
3.506,0.99924
3.507,0.99924
3.508,0.99924
3.509,0.99924
3.51,0.99924
3.511,0.99924
3.512,0.99924
3.513,0.99924
3.514,0.99924
3.515,0.99924
3.516,0.99924
3.517,0.99924
3.518,0.99924
3.519,0.99924
3.52,0.99924
3.521,0.99924
3.522,0.99924
3.523,0.99924
3.524,0.99924
3.525,0.99924
3.526,0.99924
3.527,0.99924
3.528,0.99924
3.529,0.99924
3.53,0.99924
3.531,0.99924
3.532,0.99924
3.533,0.99924
3.534,0.99924
3.535,0.99924
3.536,0.99924
3.537,0.99924
3.538,0.99924
3.539,0.99924
3.54,0.99924
3.541,0.99924
3.542,0.99924
3.543,0.99924
3.544,0.99924
3.545,0.99924
3.546,0.99924
3.547,0.99924
3.548,0.99924
3.549,0.99924
3.55,0.99924
3.551,0.99924
3.552,0.99924
3.553,0.99924
3.554,0.99924
3.555,0.99924
3.556,0.99924
3.557,0.99924
3.558,0.99924
3.559,0.99924
3.56,0.99924
3.561,0.99924
3.562,0.99924
3.563,0.99924
3.564,0.99924
3.565,0.99924
3.566,0.99924
3.567,0.99924
3.568,0.99924
3.569,0.99924
3.57,0.99924
3.571,0.99924
3.572,0.99924
3.573,0.99924
3.574,0.99924
3.575,0.99924
3.576,0.99924
3.577,0.99924
3.578,0.99924
3.579,0.99924
3.58,0.99924
3.581,0.99924
3.582,0.99924
3.583,0.99924
3.584,0.99924
3.585,0.99924
3.586,0.99924
3.587,0.99924
3.588,0.99924
3.589,0.99924
3.59,0.99924
3.591,0.99924
3.592,0.99924
3.593,0.99924
3.594,0.99924
3.595,0.99924
3.596,0.99924
3.597,0.99924
3.598,0.99924
3.599,0.99924
3.6,0.99924
3.601,0.99924
3.602,0.99924
3.603,0.99924
3.604,0.99924
3.605,0.99924
3.606,0.99924
3.607,0.99924
3.608,0.99924
3.609,0.99924
3.61,0.99924
3.611,0.99924
3.612,0.99924
3.613,0.99924
3.614,0.99924
3.615,0.99924
3.616,0.99924
3.617,0.99924
3.618,0.99924
3.619,0.99924
3.62,0.99924
3.621,0.99924
3.622,0.99924
3.623,0.99924
3.624,0.99924
3.625,0.99924
3.626,0.99924
3.627,0.99924
3.628,0.99924
3.629,0.99924
3.63,0.99924
3.631,0.99924
3.632,0.99924
3.633,0.99924
3.634,0.99924
3.635,0.99924
3.636,0.99924
3.637,0.99924
3.638,0.99924
3.639,0.99924
3.64,0.99924
3.641,0.99924
3.642,0.99924
3.643,0.99924
3.644,0.99924
3.645,0.99924
3.646,0.99924
3.647,0.99924
3.648,0.99924
3.649,0.99924
3.65,0.99924
3.651,0.99924
3.652,0.99924
3.653,0.99924
3.654,0.99924
3.655,0.99924
3.656,0.99924
3.657,0.99924
3.658,0.99924
3.659,0.99924
3.66,0.99924
3.661,0.99924
3.662,0.99924
3.663,0.99924
3.664,0.99924
3.665,0.99924
3.666,0.99924
3.667,0.99924
3.668,0.99924
3.669,0.99924
3.67,0.99924
3.671,0.99924
3.672,0.99924
3.673,0.99924
3.674,0.99924
3.675,0.99924
3.676,0.99924
3.677,0.99924
3.678,0.99924
3.679,0.99924
3.68,0.99924
3.681,0.99924
3.682,0.99924
3.683,0.99924
3.684,0.99924
3.685,0.99924
3.686,0.99924
3.687,0.99924
3.688,0.99924
3.689,0.99924
3.69,0.99924
3.691,0.99924
3.692,0.99924
3.693,0.99924
3.694,0.99924
3.695,0.99924
3.696,0.99924
3.697,0.99924
3.698,0.99924
3.699,0.99924
3.7,0.99924
3.701,0.99924
3.702,0.99924
3.703,0.99924
3.704,0.99924
3.705,0.99924
3.706,0.99924
3.707,0.99924
3.708,0.99924
3.709,0.99924
3.71,0.99924
3.711,0.99924
3.712,0.99924
3.713,0.99924
3.714,0.99924
3.715,0.99924
3.716,0.99924
3.717,0.99924
3.718,0.99924
3.719,0.99924
3.72,0.99924
3.721,0.99924
3.722,0.99924
3.723,0.99924
3.724,0.99924
3.725,0.99924
3.726,0.99924
3.727,0.99924
3.728,0.99924
3.729,0.99924
3.73,0.99924
3.731,0.99924
3.732,0.99924
3.733,0.99924
3.734,0.99924
3.735,0.99924
3.736,0.99924
3.737,0.99924
3.738,0.99924
3.739,0.99924
3.74,0.99924
3.741,0.99924
3.742,0.99924
3.743,0.99924
3.744,0.99924
3.745,0.99924
3.746,0.99924
3.747,0.99924
3.748,0.99924
3.749,0.99924
3.75,0.99924
3.751,0.99924
3.752,0.99924
3.753,0.99924
3.754,0.99924
3.755,0.99924
3.756,0.99924
3.757,0.99924
3.758,0.99924
3.759,0.99924
3.76,0.99924
3.761,0.99924
3.762,0.99924
3.763,0.99924
3.764,0.99924
3.765,0.99924
3.766,0.99924
3.767,0.99924
3.768,0.99924
3.769,0.99924
3.77,0.99924
3.771,0.99924
3.772,0.99924
3.773,0.99924
3.774,0.99924
3.775,0.99924
3.776,0.99924
3.777,0.99924
3.778,0.99924
3.779,0.99924
3.78,0.99924
3.781,0.99924
3.782,0.99924
3.783,0.99924
3.784,0.99924
3.785,0.99924
3.786,0.99924
3.787,0.99924
3.788,0.99924
3.789,0.99924
3.79,0.99924
3.791,0.99924
3.792,0.99924
3.793,0.99924
3.794,0.99924
3.795,0.99924
3.796,0.99924
3.797,0.99924
3.798,0.99924
3.799,0.99924
3.8,0.99924
3.801,0.99924
3.802,0.99924
3.803,0.99924
3.804,0.99924
3.805,0.99924
3.806,0.99924
3.807,0.99924
3.808,0.99924
3.809,0.99924
3.81,0.99924
3.811,0.99924
3.812,0.99924
3.813,0.99924
3.814,0.99924
3.815,0.99924
3.816,0.99924
3.817,0.99924
3.818,0.99924
3.819,0.99924
3.82,0.99924
3.821,0.99924
3.822,0.99924
3.823,0.99924
3.824,0.99924
3.825,0.99924
3.826,0.99924
3.827,0.99924
3.828,0.99924
3.829,0.99924
3.83,0.99924
3.831,0.99924
3.832,0.99924
3.833,0.99924
3.834,0.99924
3.835,0.99924
3.836,0.99924
3.837,0.99924
3.838,0.99924
3.839,0.99924
3.84,0.99924
3.841,0.99924
3.842,0.99924
3.843,0.99924
3.844,0.99924
3.845,0.99924
3.846,0.99924
3.847,0.99924
3.848,0.99924
3.849,0.99924
3.85,0.99924
3.851,0.99924
3.852,0.99924
3.853,0.99924
3.854,0.99924
3.855,0.99924
3.856,0.99924
3.857,0.99924
3.858,0.99924
3.859,0.99924
3.86,0.99924
3.861,0.99924
3.862,0.99924
3.863,0.99924
3.864,0.99924
3.865,0.99924
3.866,0.99924
3.867,0.99924
3.868,0.99924
3.869,0.99924
3.87,0.99924
3.871,0.99924
3.872,0.99924
3.873,0.99924
3.874,0.99924
3.875,0.99924
3.876,0.99924
3.877,0.99924
3.878,0.99924
3.879,0.99924
3.88,0.99924
3.881,0.99924
3.882,0.99924
3.883,0.99924
3.884,0.99924
3.885,0.99924
3.886,0.99924
3.887,0.99924
3.888,0.99924
3.889,0.99924
3.89,0.99924
3.891,0.99924
3.892,0.99924
3.893,0.99924
3.894,0.99924
3.895,0.99924
3.896,0.99924
3.897,0.99924
3.898,0.99924
3.899,0.99924
3.9,0.99924
3.901,0.99924
3.902,0.99924
3.903,0.99924
3.904,0.99924
3.905,0.99924
3.906,0.99924
3.907,0.99924
3.908,0.99924
3.909,0.99924
3.91,0.99924
3.911,0.99924
3.912,0.99924
3.913,0.99924
3.914,0.99924
3.915,0.99924
3.916,0.99924
3.917,0.99924
3.918,0.99924
3.919,0.99924
3.92,0.99924
3.921,0.99924
3.922,0.99924
3.923,0.99924
3.924,0.99924
3.925,0.99924
3.926,0.99924
3.927,0.99924
3.928,0.99924
3.929,0.99924
3.93,0.99924
3.931,0.99924
3.932,0.99924
3.933,0.99924
3.934,0.99924
3.935,0.99924
3.936,0.99924
3.937,0.99924
3.938,0.99924
3.939,0.99924
3.94,0.99924
3.941,0.99924
3.942,0.99924
3.943,0.99924
3.944,0.99924
3.945,0.99924
3.946,0.99924
3.947,0.99924
3.948,0.99924
3.949,0.99924
3.95,0.99924
3.951,0.99924
3.952,0.99924
3.953,0.99924
3.954,0.99924
3.955,0.99924
3.956,0.99924
3.957,0.99924
3.958,0.99924
3.959,0.99924
3.96,0.99924
3.961,0.99924
3.962,0.99924
3.963,0.99924
3.964,0.99924
3.965,0.99924
3.966,0.99924
3.967,0.99924
3.968,0.99924
3.969,0.99924
3.97,0.99924
3.971,0.99924
3.972,0.99924
3.973,0.99924
3.974,0.99924
3.975,0.99924
3.976,0.99924
3.977,0.99924
3.978,0.99924
3.979,0.99924
3.98,0.99924
3.981,0.99924
3.982,0.99924
3.983,0.99924
3.984,0.99924
3.985,0.99924
3.986,0.99924
3.987,0.99924
3.988,0.99924
3.989,0.99924
3.99,0.99924
3.991,0.99924
3.992,0.99924
3.993,0.99924
3.994,0.99924
3.995,0.99924
3.996,0.99924
3.997,0.99924
3.998,0.99924
3.999,0.99924
4,0.99924
4.001,0.99924
4.002,0.99924
4.003,0.99924
4.004,0.99924
4.005,0.99924
4.006,0.99924
4.007,0.99924
4.008,0.99924
4.009,0.99924
4.01,0.99924
4.011,0.99924
4.012,0.99924
4.013,0.99924
4.014,0.99924
4.015,0.99924
4.016,0.99924
4.017,0.99924
4.018,0.99924
4.019,0.99924
4.02,0.99924
4.021,0.99924
4.022,0.99924
4.023,0.99924
4.024,0.99924
4.025,0.99924
4.026,0.99924
4.027,0.99924
4.028,0.99924
4.029,0.99924
4.03,0.99924
4.031,0.99924
4.032,0.99924
4.033,0.99924
4.034,0.99924
4.035,0.99924
4.036,0.99924
4.037,0.99924
4.038,0.99924
4.039,0.99924
4.04,0.99924
4.041,0.99924
4.042,0.99924
4.043,0.99924
4.044,0.99924
4.045,0.99924
4.046,0.99924
4.047,0.99924
4.048,0.99924
4.049,0.99924
4.05,0.99924
4.051,0.99924
4.052,0.99924
4.053,0.99924
4.054,0.99924
4.055,0.99924
4.056,0.99924
4.057,0.99924
4.058,0.99924
4.059,0.99924
4.06,0.99924
4.061,0.99924
4.062,0.99924
4.063,0.99924
4.064,0.99924
4.065,0.99924
4.066,0.99924
4.067,0.99924
4.068,0.99924
4.069,0.99924
4.07,0.99924
4.071,0.99924
4.072,0.99924
4.073,0.99924
4.074,0.99924
4.075,0.99924
4.076,0.99924
4.077,0.99924
4.078,0.99924
4.079,0.99924
4.08,0.99924
4.081,0.99924
4.082,0.99924
4.083,0.99924
4.084,0.99924
4.085,0.99924
4.086,0.99924
4.087,0.99924
4.088,0.99924
4.089,0.99924
4.09,0.99924
4.091,0.99924
4.092,0.99924
4.093,0.99924
4.094,0.99924
4.095,0.99924
4.096,0.99924
4.097,0.99924
4.098,0.99924
4.099,0.99924
4.1,0.99924
4.101,0.99924
4.102,0.99924
4.103,0.99924
4.104,0.99924
4.105,0.99924
4.106,0.99924
4.107,0.99924
4.108,0.99924
4.109,0.99924
4.11,0.99924
4.111,0.99924
4.112,0.99924
4.113,0.99924
4.114,0.99924
4.115,0.99924
4.116,0.99924
4.117,0.99924
4.118,0.99924
4.119,0.99924
4.12,0.99924
4.121,0.99924
4.122,0.99924
4.123,0.99924
4.124,0.99924
4.125,0.99924
4.126,0.99924
4.127,0.99924
4.128,0.99924
4.129,0.99924
4.13,0.99924
4.131,0.99924
4.132,0.99924
4.133,0.99924
4.134,0.99924
4.135,0.99924
4.136,0.99924
4.137,0.99924
4.138,0.99924
4.139,0.99924
4.14,0.99924
4.141,0.99924
4.142,0.99924
4.143,0.99924
4.144,0.99924
4.145,0.99924
4.146,0.99924
4.147,0.99924
4.148,0.99924
4.149,0.99924
4.15,0.99924
4.151,0.99924
4.152,0.99924
4.153,0.99924
4.154,0.99924
4.155,0.99924
4.156,0.99924
4.157,0.99924
4.158,0.99924
4.159,0.99924
4.16,0.99924
4.161,0.99924
4.162,0.99924
4.163,0.99924
4.164,0.99924
4.165,0.99924
4.166,0.99924
4.167,0.99924
4.168,0.99924
4.169,0.99924
4.17,0.99924
4.171,0.99924
4.172,0.99924
4.173,0.99924
4.174,0.99924
4.175,0.99924
4.176,0.99924
4.177,0.99924
4.178,0.99924
4.179,0.99924
4.18,0.99924
4.181,0.99924
4.182,0.99924
4.183,0.99924
4.184,0.99924
4.185,0.99924
4.186,0.99924
4.187,0.99924
4.188,0.99924
4.189,0.99924
4.19,0.99924
4.191,0.99924
4.192,0.99924
4.193,0.99924
4.194,0.99924
4.195,0.99924
4.196,0.99924
4.197,0.99924
4.198,0.99924
4.199,0.99924
4.2,0.99924
4.201,0.99924
4.202,0.99924
4.203,0.99924
4.204,0.99924
4.205,0.99924
4.206,0.99924
4.207,0.99924
4.208,0.99924
4.209,0.99924
4.21,0.99924
4.211,0.99924
4.212,0.99924
4.213,0.99924
4.214,0.99924
4.215,0.99924
4.216,0.99924
4.217,0.99924
4.218,0.99924
4.219,0.99924
4.22,0.99924
4.221,0.99924
4.222,0.99924
4.223,0.99924
4.224,0.99924
4.225,0.99924
4.226,0.99924
4.227,0.99924
4.228,0.99924
4.229,0.99924
4.23,0.99924
4.231,0.99924
4.232,0.99924
4.233,0.99924
4.234,0.99924
4.235,0.99924
4.236,0.99924
4.237,0.99924
4.238,0.99924
4.239,0.99924
4.24,0.99924
4.241,0.99924
4.242,0.99924
4.243,0.99924
4.244,0.99924
4.245,0.99924
4.246,0.99924
4.247,0.99924
4.248,0.99924
4.249,0.99924
4.25,0.99924
4.251,0.99924
4.252,0.99924
4.253,0.99924
4.254,0.99924
4.255,0.99924
4.256,0.99924
4.257,0.99924
4.258,0.99924
4.259,0.99924
4.26,0.99924
4.261,0.99924
4.262,0.99924
4.263,0.99924
4.264,0.99924
4.265,0.99924
4.266,0.99924
4.267,0.99924
4.268,0.99924
4.269,0.99924
4.27,0.99924
4.271,0.99924
4.272,0.99924
4.273,0.99924
4.274,0.99924
4.275,0.99924
4.276,0.99924
4.277,0.99924
4.278,0.99924
4.279,0.99924
4.28,0.99924
4.281,0.99924
4.282,0.99924
4.283,0.99924
4.284,0.99924
4.285,0.99924
4.286,0.99924
4.287,0.99924
4.288,0.99924
4.289,0.99924
4.29,0.99924
4.291,0.99924
4.292,0.99924
4.293,0.99924
4.294,0.99924
4.295,0.99924
4.296,0.99924
4.297,0.99924
4.298,0.99924
4.299,0.99924
4.3,0.99924
4.301,0.99924
4.302,0.99924
4.303,0.99924
4.304,0.99924
4.305,0.99924
4.306,0.99924
4.307,0.99924
4.308,0.99924
4.309,0.99924
4.31,0.99924
4.311,0.99924
4.312,0.99924
4.313,0.99924
4.314,0.99924
4.315,0.99924
4.316,0.99924
4.317,0.99924
4.318,0.99924
4.319,0.99924
4.32,0.99924
4.321,0.99924
4.322,0.99924
4.323,0.99924
4.324,0.99924
4.325,0.99924
4.326,0.99924
4.327,0.99924
4.328,0.99924
4.329,0.99924
4.33,0.99924
4.331,0.99924
4.332,0.99924
4.333,0.99924
4.334,0.99924
4.335,0.99924
4.336,0.99924
4.337,0.99924
4.338,0.99924
4.339,0.99924
4.34,0.99924
4.341,0.99924
4.342,0.99924
4.343,0.99924
4.344,0.99924
4.345,0.99924
4.346,0.99924
4.347,0.99924
4.348,0.99924
4.349,0.99924
4.35,0.99924
4.351,0.99924
4.352,0.99924
4.353,0.99924
4.354,0.99924
4.355,0.99924
4.356,0.99924
4.357,0.99924
4.358,0.99924
4.359,0.99924
4.36,0.99924
4.361,0.99924
4.362,0.99924
4.363,0.99924
4.364,0.99924
4.365,0.99924
4.366,0.99924
4.367,0.99924
4.368,0.99924
4.369,0.99924
4.37,0.99924
4.371,0.99924
4.372,0.99924
4.373,0.99924
4.374,0.99924
4.375,0.99924
4.376,0.99924
4.377,0.99924
4.378,0.99924
4.379,0.99924
4.38,0.99924
4.381,0.99924
4.382,0.99924
4.383,0.99924
4.384,0.99924
4.385,0.99924
4.386,0.99924
4.387,0.99924
4.388,0.99924
4.389,0.99924
4.39,0.99924
4.391,0.99924
4.392,0.99924
4.393,0.99924
4.394,0.99924
4.395,0.99924
4.396,0.99924
4.397,0.99924
4.398,0.99924
4.399,0.99924
4.4,0.99924
4.401,0.99924
4.402,0.99924
4.403,0.99924
4.404,0.99924
4.405,0.99924
4.406,0.99924
4.407,0.99924
4.408,0.99924
4.409,0.99924
4.41,0.99924
4.411,0.99924
4.412,0.99924
4.413,0.99924
4.414,0.99924
4.415,0.99924
4.416,0.99924
4.417,0.99924
4.418,0.99924
4.419,0.99924
4.42,0.99924
4.421,0.99924
4.422,0.99924
4.423,0.99924
4.424,0.99924
4.425,0.99924
4.426,0.99924
4.427,0.99924
4.428,0.99924
4.429,0.99924
4.43,0.99924
4.431,0.99924
4.432,0.99924
4.433,0.99924
4.434,0.99924
4.435,0.99924
4.436,0.99924
4.437,0.99924
4.438,0.99924
4.439,0.99924
4.44,0.99924
4.441,0.99924
4.442,0.99924
4.443,0.99924
4.444,0.99924
4.445,0.99924
4.446,0.99924
4.447,0.99924
4.448,0.99924
4.449,0.99924
4.45,0.99924
4.451,0.99924
4.452,0.99924
4.453,0.99924
4.454,0.99924
4.455,0.99924
4.456,0.99924
4.457,0.99924
4.458,0.99924
4.459,0.99924
4.46,0.99924
4.461,0.99924
4.462,0.99924
4.463,0.99924
4.464,0.99924
4.465,0.99924
4.466,0.99924
4.467,0.99924
4.468,0.99924
4.469,0.99924
4.47,0.99924
4.471,0.99924
4.472,0.99924
4.473,0.99924
4.474,0.99924
4.475,0.99924
4.476,0.99924
4.477,0.99924
4.478,0.99924
4.479,0.99924
4.48,0.99924
4.481,0.99924
4.482,0.99924
4.483,0.99924
4.484,0.99924
4.485,0.99924
4.486,0.99924
4.487,0.99924
4.488,0.99924
4.489,0.99924
4.49,0.99924
4.491,0.99924
4.492,0.99924
4.493,0.99924
4.494,0.99924
4.495,0.99924
4.496,0.99924
4.497,0.99924
4.498,0.99924
4.499,0.99924
4.5,0.99924
4.501,0.99924
4.502,0.99924
4.503,0.99924
4.504,0.99924
4.505,0.99924
4.506,0.99924
4.507,0.99924
4.508,0.99924
4.509,0.99924
4.51,0.99924
4.511,0.99924
4.512,0.99924
4.513,0.99924
4.514,0.99924
4.515,0.99924
4.516,0.99924
4.517,0.99924
4.518,0.99924
4.519,0.99924
4.52,0.99924
4.521,0.99924
4.522,0.99924
4.523,0.99924
4.524,0.99924
4.525,0.99924
4.526,0.99924
4.527,0.99924
4.528,0.99924
4.529,0.99924
4.53,0.99924
4.531,0.99924
4.532,0.99924
4.533,0.99924
4.534,0.99924
4.535,0.99924
4.536,0.99924
4.537,0.99924
4.538,0.99924
4.539,0.99924
4.54,0.99924
4.541,0.99924
4.542,0.99924
4.543,0.99924
4.544,0.99924
4.545,0.99924
4.546,0.99924
4.547,0.99924
4.548,0.99924
4.549,0.99924
4.55,0.99924
4.551,0.99924
4.552,0.99924
4.553,0.99924
4.554,0.99924
4.555,0.99924
4.556,0.99924
4.557,0.99924
4.558,0.99924
4.559,0.99924
4.56,0.99924
4.561,0.99924
4.562,0.99924
4.563,0.99924
4.564,0.99924
4.565,0.99924
4.566,0.99924
4.567,0.99924
4.568,0.99924
4.569,0.99924
4.57,0.99924
4.571,0.99924
4.572,0.99924
4.573,0.99924
4.574,0.99924
4.575,0.99924
4.576,0.99924
4.577,0.99924
4.578,0.99924
4.579,0.99924
4.58,0.99924
4.581,0.99924
4.582,0.99924
4.583,0.99924
4.584,0.99924
4.585,0.99924
4.586,0.99924
4.587,0.99924
4.588,0.99924
4.589,0.99924
4.59,0.99924
4.591,0.99924
4.592,0.99924
4.593,0.99924
4.594,0.99924
4.595,0.99924
4.596,0.99924
4.597,0.99924
4.598,0.99924
4.599,0.99924
4.6,0.99924
4.601,0.99924
4.602,0.99924
4.603,0.99924
4.604,0.99924
4.605,0.99924
4.606,0.99924
4.607,0.99924
4.608,0.99924
4.609,0.99924
4.61,0.99924
4.611,0.99924
4.612,0.99924
4.613,0.99924
4.614,0.99924
4.615,0.99924
4.616,0.99924
4.617,0.99924
4.618,0.99924
4.619,0.99924
4.62,0.99924
4.621,0.99924
4.622,0.99924
4.623,0.99924
4.624,0.99924
4.625,0.99924
4.626,0.99924
4.627,0.99924
4.628,0.99924
4.629,0.99924
4.63,0.99924
4.631,0.99924
4.632,0.99924
4.633,0.99924
4.634,0.99924
4.635,0.99924
4.636,0.99924
4.637,0.99924
4.638,0.99924
4.639,0.99924
4.64,0.99924
4.641,0.99924
4.642,0.99924
4.643,0.99924
4.644,0.99924
4.645,0.99924
4.646,0.99924
4.647,0.99924
4.648,0.99924
4.649,0.99924
4.65,0.99924
4.651,0.99924
4.652,0.99924
4.653,0.99924
4.654,0.99924
4.655,0.99924
4.656,0.99924
4.657,0.99924
4.658,0.99924
4.659,0.99924
4.66,0.99924
4.661,0.99924
4.662,0.99924
4.663,0.99924
4.664,0.99924
4.665,0.99924
4.666,0.99924
4.667,0.99924
4.668,0.99924
4.669,0.99924
4.67,0.99924
4.671,0.99924
4.672,0.99924
4.673,0.99924
4.674,0.99924
4.675,0.99924
4.676,0.99924
4.677,0.99924
4.678,0.99924
4.679,0.99924
4.68,0.99924
4.681,0.99924
4.682,0.99924
4.683,0.99924
4.684,0.99924
4.685,0.99924
4.686,0.99924
4.687,0.99924
4.688,0.99924
4.689,0.99924
4.69,0.99924
4.691,0.99924
4.692,0.99924
4.693,0.99924
4.694,0.99924
4.695,0.99924
4.696,0.99924
4.697,0.99924
4.698,0.99924
4.699,0.99924
4.7,0.99924
4.701,0.99924
4.702,0.99924
4.703,0.99924
4.704,0.99924
4.705,0.99924
4.706,0.99924
4.707,0.99924
4.708,0.99924
4.709,0.99924
4.71,0.99924
4.711,0.99924
4.712,0.99924
4.713,0.99924
4.714,0.99924
4.715,0.99924
4.716,0.99924
4.717,0.99924
4.718,0.99924
4.719,0.99924
4.72,0.99924
4.721,0.99924
4.722,0.99924
4.723,0.99924
4.724,0.99924
4.725,0.99924
4.726,0.99924
4.727,0.99924
4.728,0.99924
4.729,0.99924
4.73,0.99924
4.731,0.99924
4.732,0.99924
4.733,0.99924
4.734,0.99924
4.735,0.99924
4.736,0.99924
4.737,0.99924
4.738,0.99924
4.739,0.99924
4.74,0.99924
4.741,0.99924
4.742,0.99924
4.743,0.99924
4.744,0.99924
4.745,0.99924
4.746,0.99924
4.747,0.99924
4.748,0.99924
4.749,0.99924
4.75,0.99924
4.751,0.99924
4.752,0.99924
4.753,0.99924
4.754,0.99924
4.755,0.99924
4.756,0.99924
4.757,0.99924
4.758,0.99924
4.759,0.99924
4.76,0.99924
4.761,0.99924
4.762,0.99924
4.763,0.99924
4.764,0.99924
4.765,0.99924
4.766,0.99924
4.767,0.99924
4.768,0.99924
4.769,0.99924
4.77,0.99924
4.771,0.99924
4.772,0.99924
4.773,0.99924
4.774,0.99924
4.775,0.99924
4.776,0.99924
4.777,0.99924
4.778,0.99924
4.779,0.99924
4.78,0.99924
4.781,0.99924
4.782,0.99924
4.783,0.99924
4.784,0.99924
4.785,0.99924
4.786,0.99924
4.787,0.99924
4.788,0.99924
4.789,0.99924
4.79,0.99924
4.791,0.99924
4.792,0.99924
4.793,0.99924
4.794,0.99924
4.795,0.99924
4.796,0.99924
4.797,0.99924
4.798,0.99924
4.799,0.99924
4.8,0.99924
4.801,0.99924
4.802,0.99924
4.803,0.99924
4.804,0.99924
4.805,0.99924
4.806,0.99924
4.807,0.99924
4.808,0.99924
4.809,0.99924
4.81,0.99924
4.811,0.99924
4.812,0.99924
4.813,0.99924
4.814,0.99924
4.815,0.99924
4.816,0.99924
4.817,0.99924
4.818,0.99924
4.819,0.99924
4.82,0.99924
4.821,0.99924
4.822,0.99924
4.823,0.99924
4.824,0.99924
4.825,0.99924
4.826,0.99924
4.827,0.99924
4.828,0.99924
4.829,0.99924
4.83,0.99924
4.831,0.99924
4.832,0.99924
4.833,0.99924
4.834,0.99924
4.835,0.99924
4.836,0.99924
4.837,0.99924
4.838,0.99924
4.839,0.99924
4.84,0.99924
4.841,0.99924
4.842,0.99924
4.843,0.99924
4.844,0.99924
4.845,0.99924
4.846,0.99924
4.847,0.99924
4.848,0.99924
4.849,0.99924
4.85,0.99924
4.851,0.99924
4.852,0.99924
4.853,0.99924
4.854,0.99924
4.855,0.99924
4.856,0.99924
4.857,0.99924
4.858,0.99924
4.859,0.99924
4.86,0.99924
4.861,0.99924
4.862,0.99924
4.863,0.99924
4.864,0.99924
4.865,0.99924
4.866,0.99924
4.867,0.99924
4.868,0.99924
4.869,0.99924
4.87,0.99924
4.871,0.99924
4.872,0.99924
4.873,0.99924
4.874,0.99924
4.875,0.99924
4.876,0.99924
4.877,0.99924
4.878,0.99924
4.879,0.99924
4.88,0.99924
4.881,0.99924
4.882,0.99924
4.883,0.99924
4.884,0.99924
4.885,0.99924
4.886,0.99924
4.887,0.99924
4.888,0.99924
4.889,0.99924
4.89,0.99924
4.891,0.99924
4.892,0.99924
4.893,0.99924
4.894,0.99924
4.895,0.99924
4.896,0.99924
4.897,0.99924
4.898,0.99924
4.899,0.99924
4.9,0.99924
4.901,0.99924
4.902,0.99924
4.903,0.99924
4.904,0.99924
4.905,0.99924
4.906,0.99924
4.907,0.99924
4.908,0.99924
4.909,0.99924
4.91,0.99924
4.911,0.99924
4.912,0.99924
4.913,0.99924
4.914,0.99924
4.915,0.99924
4.916,0.99924
4.917,0.99924
4.918,0.99924
4.919,0.99924
4.92,0.99924
4.921,0.99924
4.922,0.99924
4.923,0.99924
4.924,0.99924
4.925,0.99924
4.926,0.99924
4.927,0.99924
4.928,0.99924
4.929,0.99924
4.93,0.99924
4.931,0.99924
4.932,0.99924
4.933,0.99924
4.934,0.99924
4.935,0.99924
4.936,0.99924
4.937,0.99924
4.938,0.99924
4.939,0.99924
4.94,0.99924
4.941,0.99924
4.942,0.99924
4.943,0.99924
4.944,0.99924
4.945,0.99924
4.946,0.99924
4.947,0.99924
4.948,0.99924
4.949,0.99924
4.95,0.99924
4.951,0.99924
4.952,0.99924
4.953,0.99924
4.954,0.99924
4.955,0.99924
4.956,0.99924
4.957,0.99924
4.958,0.99924
4.959,0.99924
4.96,0.99924
4.961,0.99924
4.962,0.99924
4.963,0.99924
4.964,0.99924
4.965,0.99924
4.966,0.99924
4.967,0.99924
4.968,0.99924
4.969,0.99924
4.97,0.99924
4.971,0.99924
4.972,0.99924
4.973,0.99924
4.974,0.99924
4.975,0.99924
4.976,0.99924
4.977,0.99924
4.978,0.99924
4.979,0.99924
4.98,0.99924
4.981,0.99924
4.982,0.99924
4.983,0.99924
4.984,0.99924
4.985,0.99924
4.986,0.99924
4.987,0.99924
4.988,0.99924
4.989,0.99924
4.99,0.99924
4.991,0.99924
4.992,0.99924
4.993,0.99924
4.994,0.99924
4.995,0.99924
4.996,0.99924
4.997,0.99924
4.998,0.99924
4.999,0.99924
5,0.99924