Wavelength,Protected Au
0.9,0.971
0.901,0.971055166
0.902,0.971111541
0.903,0.971169074
0.904,0.971227715
0.905,0.971287413
0.906,0.971348117
0.907,0.971409779
0.908,0.971472347
0.909,0.971535771
0.91,0.9716
0.911,0.971665638
0.912,0.971733108
0.913,0.971802085
0.914,0.971872246
0.915,0.971943269
0.916,0.972014831
0.917,0.972086608
0.918,0.972158277
0.919,0.972229515
0.92,0.9723
0.921,0.972370485
0.922,0.972441723
0.923,0.972513392
0.924,0.972585169
0.925,0.972656731
0.926,0.972727754
0.927,0.972797915
0.928,0.972866892
0.929,0.972934362
0.93,0.973
0.931,0.973063738
0.932,0.973125908
0.933,0.973186785
0.934,0.973246646
0.935,0.973305769
0.936,0.973364431
0.937,0.973422908
0.938,0.973481477
0.939,0.973540415
0.94,0.9736
0.941,0.97366
0.942,0.97372
0.943,0.97378
0.944,0.97384
0.945,0.9739
0.946,0.97396
0.947,0.97402
0.948,0.97408
0.949,0.97414
0.95,0.9742
0.951,0.974259585
0.952,0.974318523
0.953,0.974377092
0.954,0.974435569
0.955,0.974494231
0.956,0.974553354
0.957,0.974613215
0.958,0.974674092
0.959,0.974736262
0.96,0.9748
0.961,0.974866123
0.962,0.974934831
0.963,0.975005477
0.964,0.975077415
0.965,0.97515
0.966,0.975222585
0.967,0.975294523
0.968,0.975365169
0.969,0.975433877
0.97,0.9755
0.971,0.975564818
0.972,0.975629748
0.973,0.975694345
0.974,0.975758166
0.975,0.975820769
0.976,0.975881711
0.977,0.975940548
0.978,0.975996837
0.979,0.976050135
0.98,0.9761
0.981,0.976146994
0.982,0.976192069
0.983,0.97623536
0.984,0.976277006
0.985,0.976317143
0.986,0.976355909
0.987,0.97639344
0.988,0.976429874
0.989,0.976465349
0.99,0.9765
0.991,0.976536171
0.992,0.976575086
0.993,0.9766152
0.994,0.976654971
0.995,0.976692857
0.996,0.976727314
0.997,0.9767568
0.998,0.976779771
0.999,0.976794686
1,0.9768
1.001,0.9768
1.002,0.9768
1.003,0.9768
1.004,0.9768
1.005,0.9768
1.006,0.9768
1.007,0.9768
1.008,0.9768
1.009,0.9768
1.01,0.9768
1.011,0.9768
1.012,0.9768
1.013,0.9768
1.014,0.9768
1.015,0.9768
1.016,0.9768
1.017,0.9768
1.018,0.9768
1.019,0.9768
1.02,0.9768
1.021,0.9768028
1.022,0.9768104
1.023,0.9768216
1.024,0.9768352
1.025,0.97685
1.026,0.9768648
1.027,0.9768784
1.028,0.9768896
1.029,0.9768972
1.03,0.9769
1.031,0.9769
1.032,0.9769
1.033,0.9769
1.034,0.9769
1.035,0.9769
1.036,0.9769
1.037,0.9769
1.038,0.9769
1.039,0.9769
1.04,0.9769
1.041,0.9769
1.042,0.9769
1.043,0.9769
1.044,0.9769
1.045,0.9769
1.046,0.9769
1.047,0.9769
1.048,0.9769
1.049,0.9769
1.05,0.9769
1.051,0.9769028
1.052,0.9769104
1.053,0.9769216
1.054,0.9769352
1.055,0.97695
1.056,0.9769648
1.057,0.9769784
1.058,0.9769896
1.059,0.9769972
1.06,0.977
1.061,0.977
1.062,0.977
1.063,0.977
1.064,0.977
1.065,0.977
1.066,0.977
1.067,0.977
1.068,0.977
1.069,0.977
1.07,0.977
1.071,0.977
1.072,0.977
1.073,0.977
1.074,0.977
1.075,0.977
1.076,0.977
1.077,0.977
1.078,0.977
1.079,0.977
1.08,0.977
1.081,0.977
1.082,0.977
1.083,0.977
1.084,0.977
1.085,0.977
1.086,0.977
1.087,0.977
1.088,0.977
1.089,0.977
1.09,0.977
1.091,0.977
1.092,0.977
1.093,0.977
1.094,0.977
1.095,0.977
1.096,0.977
1.097,0.977
1.098,0.977
1.099,0.977
1.1,0.977
1.101,0.977
1.102,0.977
1.103,0.977
1.104,0.977
1.105,0.977
1.106,0.977
1.107,0.977
1.108,0.977
1.109,0.977
1.11,0.977
1.111,0.9770028
1.112,0.9770104
1.113,0.9770216
1.114,0.9770352
1.115,0.97705
1.116,0.9770648
1.117,0.9770784
1.118,0.9770896
1.119,0.9770972
1.12,0.9771
1.121,0.9771
1.122,0.9771
1.123,0.9771
1.124,0.9771
1.125,0.9771
1.126,0.9771
1.127,0.9771
1.128,0.9771
1.129,0.9771
1.13,0.9771
1.131,0.9771
1.132,0.9771
1.133,0.9771
1.134,0.9771
1.135,0.9771
1.136,0.9771
1.137,0.9771
1.138,0.9771
1.139,0.9771
1.14,0.9771
1.141,0.9771
1.142,0.9771
1.143,0.9771
1.144,0.9771
1.145,0.9771
1.146,0.9771
1.147,0.9771
1.148,0.9771
1.149,0.9771
1.15,0.9771
1.151,0.9771028
1.152,0.9771104
1.153,0.9771216
1.154,0.9771352
1.155,0.97715
1.156,0.9771648
1.157,0.9771784
1.158,0.9771896
1.159,0.9771972
1.16,0.9772
1.161,0.9772
1.162,0.9772
1.163,0.9772
1.164,0.9772
1.165,0.9772
1.166,0.9772
1.167,0.9772
1.168,0.9772
1.169,0.9772
1.17,0.9772
1.171,0.9772028
1.172,0.9772104
1.173,0.9772216
1.174,0.9772352
1.175,0.97725
1.176,0.9772648
1.177,0.9772784
1.178,0.9772896
1.179,0.9772972
1.18,0.9773
1.181,0.9773
1.182,0.9773
1.183,0.9773
1.184,0.9773
1.185,0.9773
1.186,0.9773
1.187,0.9773
1.188,0.9773
1.189,0.9773
1.19,0.9773
1.191,0.9773019
1.192,0.9773072
1.193,0.9773153
1.194,0.9773256
1.195,0.9773375
1.196,0.9773504
1.197,0.9773637
1.198,0.9773768
1.199,0.9773891
1.2,0.9774
1.201,0.9774109
1.202,0.9774232
1.203,0.9774363
1.204,0.9774496
1.205,0.9774625
1.206,0.9774744
1.207,0.9774847
1.208,0.9774928
1.209,0.9774981
1.21,0.9775
1.211,0.9775
1.212,0.9775
1.213,0.9775
1.214,0.9775
1.215,0.9775
1.216,0.9775
1.217,0.9775
1.218,0.9775
1.219,0.9775
1.22,0.9775
1.221,0.9775
1.222,0.9775
1.223,0.9775
1.224,0.9775
1.225,0.9775
1.226,0.9775
1.227,0.9775
1.228,0.9775
1.229,0.9775
1.23,0.9775
1.231,0.9775028
1.232,0.9775104
1.233,0.9775216
1.234,0.9775352
1.235,0.97755
1.236,0.9775648
1.237,0.9775784
1.238,0.9775896
1.239,0.9775972
1.24,0.9776
1.241,0.9776
1.242,0.9776
1.243,0.9776
1.244,0.9776
1.245,0.9776
1.246,0.9776
1.247,0.9776
1.248,0.9776
1.249,0.9776
1.25,0.9776
1.251,0.9776028
1.252,0.9776104
1.253,0.9776216
1.254,0.9776352
1.255,0.97765
1.256,0.9776648
1.257,0.9776784
1.258,0.9776896
1.259,0.9776972
1.26,0.9777
1.261,0.9777
1.262,0.9777
1.263,0.9777
1.264,0.9777
1.265,0.9777
1.266,0.9777
1.267,0.9777
1.268,0.9777
1.269,0.9777
1.27,0.9777
1.271,0.9777028
1.272,0.9777104
1.273,0.9777216
1.274,0.9777352
1.275,0.97775
1.276,0.9777648
1.277,0.9777784
1.278,0.9777896
1.279,0.9777972
1.28,0.9778
1.281,0.9778
1.282,0.9778
1.283,0.9778
1.284,0.9778
1.285,0.9778
1.286,0.9778
1.287,0.9778
1.288,0.9778
1.289,0.9778
1.29,0.9778
1.291,0.9778028
1.292,0.9778104
1.293,0.9778216
1.294,0.9778352
1.295,0.97785
1.296,0.9778648
1.297,0.9778784
1.298,0.9778896
1.299,0.9778972
1.3,0.9779
1.301,0.9779
1.302,0.9779
1.303,0.9779
1.304,0.9779
1.305,0.9779
1.306,0.9779
1.307,0.9779
1.308,0.9779
1.309,0.9779
1.31,0.9779
1.311,0.9779
1.312,0.9779
1.313,0.9779
1.314,0.9779
1.315,0.9779
1.316,0.9779
1.317,0.9779
1.318,0.9779
1.319,0.9779
1.32,0.9779
1.321,0.9779019
1.322,0.9779072
1.323,0.9779153
1.324,0.9779256
1.325,0.9779375
1.326,0.9779504
1.327,0.9779637
1.328,0.9779768
1.329,0.9779891
1.33,0.978
1.331,0.97801
1.332,0.97802
1.333,0.97803
1.334,0.97804
1.335,0.97805
1.336,0.97806
1.337,0.97807
1.338,0.97808
1.339,0.97809
1.34,0.9781
1.341,0.97811
1.342,0.97812
1.343,0.97813
1.344,0.97814
1.345,0.97815
1.346,0.97816
1.347,0.97817
1.348,0.97818
1.349,0.97819
1.35,0.9782
1.351,0.9782109
1.352,0.9782232
1.353,0.9782363
1.354,0.9782496
1.355,0.9782625
1.356,0.9782744
1.357,0.9782847
1.358,0.9782928
1.359,0.9782981
1.36,0.9783
1.361,0.9783
1.362,0.9783
1.363,0.9783
1.364,0.9783
1.365,0.9783
1.366,0.9783
1.367,0.9783
1.368,0.9783
1.369,0.9783
1.37,0.9783
1.371,0.9783028
1.372,0.9783104
1.373,0.9783216
1.374,0.9783352
1.375,0.97835
1.376,0.9783648
1.377,0.9783784
1.378,0.9783896
1.379,0.9783972
1.38,0.9784
1.381,0.9784
1.382,0.9784
1.383,0.9784
1.384,0.9784
1.385,0.9784
1.386,0.9784
1.387,0.9784
1.388,0.9784
1.389,0.9784
1.39,0.9784
1.391,0.9784028
1.392,0.9784104
1.393,0.9784216
1.394,0.9784352
1.395,0.97845
1.396,0.9784648
1.397,0.9784784
1.398,0.9784896
1.399,0.9784972
1.4,0.9785
1.401,0.9785
1.402,0.9785
1.403,0.9785
1.404,0.9785
1.405,0.9785
1.406,0.9785
1.407,0.9785
1.408,0.9785
1.409,0.9785
1.41,0.9785
1.411,0.9785028
1.412,0.9785104
1.413,0.9785216
1.414,0.9785352
1.415,0.97855
1.416,0.9785648
1.417,0.9785784
1.418,0.9785896
1.419,0.9785972
1.42,0.9786
1.421,0.9786
1.422,0.9786
1.423,0.9786
1.424,0.9786
1.425,0.9786
1.426,0.9786
1.427,0.9786
1.428,0.9786
1.429,0.9786
1.43,0.9786
1.431,0.9786028
1.432,0.9786104
1.433,0.9786216
1.434,0.9786352
1.435,0.97865
1.436,0.9786648
1.437,0.9786784
1.438,0.9786896
1.439,0.9786972
1.44,0.9787
1.441,0.9787
1.442,0.9787
1.443,0.9787
1.444,0.9787
1.445,0.9787
1.446,0.9787
1.447,0.9787
1.448,0.9787
1.449,0.9787
1.45,0.9787
1.451,0.9787019
1.452,0.9787072
1.453,0.9787153
1.454,0.9787256
1.455,0.9787375
1.456,0.9787504
1.457,0.9787637
1.458,0.9787768
1.459,0.9787891
1.46,0.9788
1.461,0.97881
1.462,0.97882
1.463,0.97883
1.464,0.97884
1.465,0.97885
1.466,0.97886
1.467,0.97887
1.468,0.97888
1.469,0.97889
1.47,0.9789
1.471,0.9789109
1.472,0.9789232
1.473,0.9789363
1.474,0.9789496
1.475,0.9789625
1.476,0.9789744
1.477,0.9789847
1.478,0.9789928
1.479,0.9789981
1.48,0.979
1.481,0.979
1.482,0.979
1.483,0.979
1.484,0.979
1.485,0.979
1.486,0.979
1.487,0.979
1.488,0.979
1.489,0.979
1.49,0.979
1.491,0.9790019
1.492,0.9790072
1.493,0.9790153
1.494,0.9790256
1.495,0.9790375
1.496,0.9790504
1.497,0.9790637
1.498,0.9790768
1.499,0.9790891
1.5,0.9791
1.501,0.97911
1.502,0.97912
1.503,0.97913
1.504,0.97914
1.505,0.97915
1.506,0.97916
1.507,0.97917
1.508,0.97918
1.509,0.97919
1.51,0.9792
1.511,0.97921
1.512,0.97922
1.513,0.97923
1.514,0.97924
1.515,0.97925
1.516,0.97926
1.517,0.97927
1.518,0.97928
1.519,0.97929
1.52,0.9793
1.521,0.9793109
1.522,0.9793232
1.523,0.9793363
1.524,0.9793496
1.525,0.9793625
1.526,0.9793744
1.527,0.9793847
1.528,0.9793928
1.529,0.9793981
1.53,0.9794
1.531,0.9794
1.532,0.9794
1.533,0.9794
1.534,0.9794
1.535,0.9794
1.536,0.9794
1.537,0.9794
1.538,0.9794
1.539,0.9794
1.54,0.9794
1.541,0.9794028
1.542,0.9794104
1.543,0.9794216
1.544,0.9794352
1.545,0.97945
1.546,0.9794648
1.547,0.9794784
1.548,0.9794896
1.549,0.9794972
1.55,0.9795
1.551,0.9795
1.552,0.9795
1.553,0.9795
1.554,0.9795
1.555,0.9795
1.556,0.9795
1.557,0.9795
1.558,0.9795
1.559,0.9795
1.56,0.9795
1.561,0.9795028
1.562,0.9795104
1.563,0.9795216
1.564,0.9795352
1.565,0.97955
1.566,0.9795648
1.567,0.9795784
1.568,0.9795896
1.569,0.9795972
1.57,0.9796
1.571,0.9796
1.572,0.9796
1.573,0.9796
1.574,0.9796
1.575,0.9796
1.576,0.9796
1.577,0.9796
1.578,0.9796
1.579,0.9796
1.58,0.9796
1.581,0.9796
1.582,0.9796
1.583,0.9796
1.584,0.9796
1.585,0.9796
1.586,0.9796
1.587,0.9796
1.588,0.9796
1.589,0.9796
1.59,0.9796
1.591,0.9796028
1.592,0.9796104
1.593,0.9796216
1.594,0.9796352
1.595,0.97965
1.596,0.9796648
1.597,0.9796784
1.598,0.9796896
1.599,0.9796972
1.6,0.9797
1.601,0.9797
1.602,0.9797
1.603,0.9797
1.604,0.9797
1.605,0.9797
1.606,0.9797
1.607,0.9797
1.608,0.9797
1.609,0.9797
1.61,0.9797
1.611,0.9797019
1.612,0.9797072
1.613,0.9797153
1.614,0.9797256
1.615,0.9797375
1.616,0.9797504
1.617,0.9797637
1.618,0.9797768
1.619,0.9797891
1.62,0.9798
1.621,0.9798109
1.622,0.9798232
1.623,0.9798363
1.624,0.9798496
1.625,0.9798625
1.626,0.9798744
1.627,0.9798847
1.628,0.9798928
1.629,0.9798981
1.63,0.9799
1.631,0.9799
1.632,0.9799
1.633,0.9799
1.634,0.9799
1.635,0.9799
1.636,0.9799
1.637,0.9799
1.638,0.9799
1.639,0.9799
1.64,0.9799
1.641,0.9799019
1.642,0.9799072
1.643,0.9799153
1.644,0.9799256
1.645,0.9799375
1.646,0.9799504
1.647,0.9799637
1.648,0.9799768
1.649,0.9799891
1.65,0.98
1.651,0.98001
1.652,0.98002
1.653,0.98003
1.654,0.98004
1.655,0.98005
1.656,0.98006
1.657,0.98007
1.658,0.98008
1.659,0.98009
1.66,0.9801
1.661,0.98011
1.662,0.98012
1.663,0.98013
1.664,0.98014
1.665,0.98015
1.666,0.98016
1.667,0.98017
1.668,0.98018
1.669,0.98019
1.67,0.9802
1.671,0.98021
1.672,0.98022
1.673,0.98023
1.674,0.98024
1.675,0.98025
1.676,0.98026
1.677,0.98027
1.678,0.98028
1.679,0.98029
1.68,0.9803
1.681,0.98031
1.682,0.98032
1.683,0.98033
1.684,0.98034
1.685,0.98035
1.686,0.98036
1.687,0.98037
1.688,0.98038
1.689,0.98039
1.69,0.9804
1.691,0.9804109
1.692,0.9804232
1.693,0.9804363
1.694,0.9804496
1.695,0.9804625
1.696,0.9804744
1.697,0.9804847
1.698,0.9804928
1.699,0.9804981
1.7,0.9805
1.701,0.9805
1.702,0.9805
1.703,0.9805
1.704,0.9805
1.705,0.9805
1.706,0.9805
1.707,0.9805
1.708,0.9805
1.709,0.9805
1.71,0.9805
1.711,0.9805028
1.712,0.9805104
1.713,0.9805216
1.714,0.9805352
1.715,0.98055
1.716,0.9805648
1.717,0.9805784
1.718,0.9805896
1.719,0.9805972
1.72,0.9806
1.721,0.9806
1.722,0.9806
1.723,0.9806
1.724,0.9806
1.725,0.9806
1.726,0.9806
1.727,0.9806
1.728,0.9806
1.729,0.9806
1.73,0.9806
1.731,0.9806019
1.732,0.9806072
1.733,0.9806153
1.734,0.9806256
1.735,0.9806375
1.736,0.9806504
1.737,0.9806637
1.738,0.9806768
1.739,0.9806891
1.74,0.9807
1.741,0.9807109
1.742,0.9807232
1.743,0.9807363
1.744,0.9807496
1.745,0.9807625
1.746,0.9807744
1.747,0.9807847
1.748,0.9807928
1.749,0.9807981
1.75,0.9808
1.751,0.9808
1.752,0.9808
1.753,0.9808
1.754,0.9808
1.755,0.9808
1.756,0.9808
1.757,0.9808
1.758,0.9808
1.759,0.9808
1.76,0.9808
1.761,0.9808
1.762,0.9808
1.763,0.9808
1.764,0.9808
1.765,0.9808
1.766,0.9808
1.767,0.9808
1.768,0.9808
1.769,0.9808
1.77,0.9808
1.771,0.9808028
1.772,0.9808104
1.773,0.9808216
1.774,0.9808352
1.775,0.98085
1.776,0.9808648
1.777,0.9808784
1.778,0.9808896
1.779,0.9808972
1.78,0.9809
1.781,0.9809
1.782,0.9809
1.783,0.9809
1.784,0.9809
1.785,0.9809
1.786,0.9809
1.787,0.9809
1.788,0.9809
1.789,0.9809
1.79,0.9809
1.791,0.9809
1.792,0.9809
1.793,0.9809
1.794,0.9809
1.795,0.9809
1.796,0.9809
1.797,0.9809
1.798,0.9809
1.799,0.9809
1.8,0.9809
1.801,0.9809028
1.802,0.9809104
1.803,0.9809216
1.804,0.9809352
1.805,0.98095
1.806,0.9809648
1.807,0.9809784
1.808,0.9809896
1.809,0.9809972
1.81,0.981
1.811,0.981
1.812,0.981
1.813,0.981
1.814,0.981
1.815,0.981
1.816,0.981
1.817,0.981
1.818,0.981
1.819,0.981
1.82,0.981
1.821,0.9810019
1.822,0.9810072
1.823,0.9810153
1.824,0.9810256
1.825,0.9810375
1.826,0.9810504
1.827,0.9810637
1.828,0.9810768
1.829,0.9810891
1.83,0.9811
1.831,0.9811109
1.832,0.9811232
1.833,0.9811363
1.834,0.9811496
1.835,0.9811625
1.836,0.9811744
1.837,0.9811847
1.838,0.9811928
1.839,0.9811981
1.84,0.9812
1.841,0.9812
1.842,0.9812
1.843,0.9812
1.844,0.9812
1.845,0.9812
1.846,0.9812
1.847,0.9812
1.848,0.9812
1.849,0.9812
1.85,0.9812
1.851,0.9812028
1.852,0.9812104
1.853,0.9812216
1.854,0.9812352
1.855,0.98125
1.856,0.9812648
1.857,0.9812784
1.858,0.9812896
1.859,0.9812972
1.86,0.9813
1.861,0.9813
1.862,0.9813
1.863,0.9813
1.864,0.9813
1.865,0.9813
1.866,0.9813
1.867,0.9813
1.868,0.9813
1.869,0.9813
1.87,0.9813
1.871,0.9813028
1.872,0.9813104
1.873,0.9813216
1.874,0.9813352
1.875,0.98135
1.876,0.9813648
1.877,0.9813784
1.878,0.9813896
1.879,0.9813972
1.88,0.9814
1.881,0.9814
1.882,0.9814
1.883,0.9814
1.884,0.9814
1.885,0.9814
1.886,0.9814
1.887,0.9814
1.888,0.9814
1.889,0.9814
1.89,0.9814
1.891,0.9814028
1.892,0.9814104
1.893,0.9814216
1.894,0.9814352
1.895,0.98145
1.896,0.9814648
1.897,0.9814784
1.898,0.9814896
1.899,0.9814972
1.9,0.9815
1.901,0.9815
1.902,0.9815
1.903,0.9815
1.904,0.9815
1.905,0.9815
1.906,0.9815
1.907,0.9815
1.908,0.9815
1.909,0.9815
1.91,0.9815
1.911,0.9815028
1.912,0.9815104
1.913,0.9815216
1.914,0.9815352
1.915,0.98155
1.916,0.9815648
1.917,0.9815784
1.918,0.9815896
1.919,0.9815972
1.92,0.9816
1.921,0.9816
1.922,0.9816
1.923,0.9816
1.924,0.9816
1.925,0.9816
1.926,0.9816
1.927,0.9816
1.928,0.9816
1.929,0.9816
1.93,0.9816
1.931,0.9816028
1.932,0.9816104
1.933,0.9816216
1.934,0.9816352
1.935,0.98165
1.936,0.9816648
1.937,0.9816784
1.938,0.9816896
1.939,0.9816972
1.94,0.9817
1.941,0.9817
1.942,0.9817
1.943,0.9817
1.944,0.9817
1.945,0.9817
1.946,0.9817
1.947,0.9817
1.948,0.9817
1.949,0.9817
1.95,0.9817
1.951,0.9817028
1.952,0.9817104
1.953,0.9817216
1.954,0.9817352
1.955,0.98175
1.956,0.9817648
1.957,0.9817784
1.958,0.9817896
1.959,0.9817972
1.96,0.9818
1.961,0.9818
1.962,0.9818
1.963,0.9818
1.964,0.9818
1.965,0.9818
1.966,0.9818
1.967,0.9818
1.968,0.9818
1.969,0.9818
1.97,0.9818
1.971,0.9818019
1.972,0.9818072
1.973,0.9818153
1.974,0.9818256
1.975,0.9818375
1.976,0.9818504
1.977,0.9818637
1.978,0.9818768
1.979,0.9818891
1.98,0.9819
1.981,0.9819109
1.982,0.9819232
1.983,0.9819363
1.984,0.9819496
1.985,0.9819625
1.986,0.9819744
1.987,0.9819847
1.988,0.9819928
1.989,0.9819981
1.99,0.982
1.991,0.982
1.992,0.982
1.993,0.982
1.994,0.982
1.995,0.982
1.996,0.982
1.997,0.982
1.998,0.982
1.999,0.982
2,0.982
2.001,0.9820028
2.002,0.9820104
2.003,0.9820216
2.004,0.9820352
2.005,0.98205
2.006,0.9820648
2.007,0.9820784
2.008,0.9820896
2.009,0.9820972
2.01,0.9821
2.011,0.9821
2.012,0.9821
2.013,0.9821
2.014,0.9821
2.015,0.9821
2.016,0.9821
2.017,0.9821
2.018,0.9821
2.019,0.9821
2.02,0.9821
2.021,0.9821
2.022,0.9821
2.023,0.9821
2.024,0.9821
2.025,0.9821
2.026,0.9821
2.027,0.9821
2.028,0.9821
2.029,0.9821
2.03,0.9821
2.031,0.9821
2.032,0.9821
2.033,0.9821
2.034,0.9821
2.035,0.9821
2.036,0.9821
2.037,0.9821
2.038,0.9821
2.039,0.9821
2.04,0.9821
2.041,0.9821
2.042,0.9821
2.043,0.9821
2.044,0.9821
2.045,0.9821
2.046,0.9821
2.047,0.9821
2.048,0.9821
2.049,0.9821
2.05,0.9821
2.051,0.9821
2.052,0.9821
2.053,0.9821
2.054,0.9821
2.055,0.9821
2.056,0.9821
2.057,0.9821
2.058,0.9821
2.059,0.9821
2.06,0.9821
2.061,0.9821028
2.062,0.9821104
2.063,0.9821216
2.064,0.9821352
2.065,0.98215
2.066,0.9821648
2.067,0.9821784
2.068,0.9821896
2.069,0.9821972
2.07,0.9822
2.071,0.9822
2.072,0.9822
2.073,0.9822
2.074,0.9822
2.075,0.9822
2.076,0.9822
2.077,0.9822
2.078,0.9822
2.079,0.9822
2.08,0.9822
2.081,0.9822
2.082,0.9822
2.083,0.9822
2.084,0.9822
2.085,0.9822
2.086,0.9822
2.087,0.9822
2.088,0.9822
2.089,0.9822
2.09,0.9822
2.091,0.9822
2.092,0.9822
2.093,0.9822
2.094,0.9822
2.095,0.9822
2.096,0.9822
2.097,0.9822
2.098,0.9822
2.099,0.9822
2.1,0.9822
2.101,0.9822
2.102,0.9822
2.103,0.9822
2.104,0.9822
2.105,0.9822
2.106,0.9822
2.107,0.9822
2.108,0.9822
2.109,0.9822
2.11,0.9822
2.111,0.9822028
2.112,0.9822104
2.113,0.9822216
2.114,0.9822352
2.115,0.98225
2.116,0.9822648
2.117,0.9822784
2.118,0.9822896
2.119,0.9822972
2.12,0.9823
2.121,0.9823
2.122,0.9823
2.123,0.9823
2.124,0.9823
2.125,0.9823
2.126,0.9823
2.127,0.9823
2.128,0.9823
2.129,0.9823
2.13,0.9823
2.131,0.9823028
2.132,0.9823104
2.133,0.9823216
2.134,0.9823352
2.135,0.98235
2.136,0.9823648
2.137,0.9823784
2.138,0.9823896
2.139,0.9823972
2.14,0.9824
2.141,0.9824
2.142,0.9824
2.143,0.9824
2.144,0.9824
2.145,0.9824
2.146,0.9824
2.147,0.9824
2.148,0.9824
2.149,0.9824
2.15,0.9824
2.151,0.9824028
2.152,0.9824104
2.153,0.9824216
2.154,0.9824352
2.155,0.98245
2.156,0.9824648
2.157,0.9824784
2.158,0.9824896
2.159,0.9824972
2.16,0.9825
2.161,0.9825
2.162,0.9825
2.163,0.9825
2.164,0.9825
2.165,0.9825
2.166,0.9825
2.167,0.9825
2.168,0.9825
2.169,0.9825
2.17,0.9825
2.171,0.9825
2.172,0.9825
2.173,0.9825
2.174,0.9825
2.175,0.9825
2.176,0.9825
2.177,0.9825
2.178,0.9825
2.179,0.9825
2.18,0.9825
2.181,0.9825028
2.182,0.9825104
2.183,0.9825216
2.184,0.9825352
2.185,0.98255
2.186,0.9825648
2.187,0.9825784
2.188,0.9825896
2.189,0.9825972
2.19,0.9826
2.191,0.9826
2.192,0.9826
2.193,0.9826
2.194,0.9826
2.195,0.9826
2.196,0.9826
2.197,0.9826
2.198,0.9826
2.199,0.9826
2.2,0.9826
2.201,0.9826
2.202,0.9826
2.203,0.9826
2.204,0.9826
2.205,0.9826
2.206,0.9826
2.207,0.9826
2.208,0.9826
2.209,0.9826
2.21,0.9826
2.211,0.9826
2.212,0.9826
2.213,0.9826
2.214,0.9826
2.215,0.9826
2.216,0.9826
2.217,0.9826
2.218,0.9826
2.219,0.9826
2.22,0.9826
2.221,0.9826
2.222,0.9826
2.223,0.9826
2.224,0.9826
2.225,0.9826
2.226,0.9826
2.227,0.9826
2.228,0.9826
2.229,0.9826
2.23,0.9826
2.231,0.9826
2.232,0.9826
2.233,0.9826
2.234,0.9826
2.235,0.9826
2.236,0.9826
2.237,0.9826
2.238,0.9826
2.239,0.9826
2.24,0.9826
2.241,0.9826028
2.242,0.9826104
2.243,0.9826216
2.244,0.9826352
2.245,0.98265
2.246,0.9826648
2.247,0.9826784
2.248,0.9826896
2.249,0.9826972
2.25,0.9827
2.251,0.9827
2.252,0.9827
2.253,0.9827
2.254,0.9827
2.255,0.9827
2.256,0.9827
2.257,0.9827
2.258,0.9827
2.259,0.9827
2.26,0.9827
2.261,0.9827028
2.262,0.9827104
2.263,0.9827216
2.264,0.9827352
2.265,0.98275
2.266,0.9827648
2.267,0.9827784
2.268,0.9827896
2.269,0.9827972
2.27,0.9828
2.271,0.9828
2.272,0.9828
2.273,0.9828
2.274,0.9828
2.275,0.9828
2.276,0.9828
2.277,0.9828
2.278,0.9828
2.279,0.9828
2.28,0.9828
2.281,0.9828028
2.282,0.9828104
2.283,0.9828216
2.284,0.9828352
2.285,0.98285
2.286,0.9828648
2.287,0.9828784
2.288,0.9828896
2.289,0.9828972
2.29,0.9829
2.291,0.9829
2.292,0.9829
2.293,0.9829
2.294,0.9829
2.295,0.9829
2.296,0.9829
2.297,0.9829
2.298,0.9829
2.299,0.9829
2.3,0.9829
2.301,0.9829
2.302,0.9829
2.303,0.9829
2.304,0.9829
2.305,0.9829
2.306,0.9829
2.307,0.9829
2.308,0.9829
2.309,0.9829
2.31,0.9829
2.311,0.9829028
2.312,0.9829104
2.313,0.9829216
2.314,0.9829352
2.315,0.98295
2.316,0.9829648
2.317,0.9829784
2.318,0.9829896
2.319,0.9829972
2.32,0.983
2.321,0.983
2.322,0.983
2.323,0.983
2.324,0.983
2.325,0.983
2.326,0.983
2.327,0.983
2.328,0.983
2.329,0.983
2.33,0.983
2.331,0.983
2.332,0.983
2.333,0.983
2.334,0.983
2.335,0.983
2.336,0.983
2.337,0.983
2.338,0.983
2.339,0.983
2.34,0.983
2.341,0.9830028
2.342,0.9830104
2.343,0.9830216
2.344,0.9830352
2.345,0.98305
2.346,0.9830648
2.347,0.9830784
2.348,0.9830896
2.349,0.9830972
2.35,0.9831
2.351,0.9831
2.352,0.9831
2.353,0.9831
2.354,0.9831
2.355,0.9831
2.356,0.9831
2.357,0.9831
2.358,0.9831
2.359,0.9831
2.36,0.9831
2.361,0.9831028
2.362,0.9831104
2.363,0.9831216
2.364,0.9831352
2.365,0.98315
2.366,0.9831648
2.367,0.9831784
2.368,0.9831896
2.369,0.9831972
2.37,0.9832
2.371,0.9832
2.372,0.9832
2.373,0.9832
2.374,0.9832
2.375,0.9832
2.376,0.9832
2.377,0.9832
2.378,0.9832
2.379,0.9832
2.38,0.9832
2.381,0.9832028
2.382,0.9832104
2.383,0.9832216
2.384,0.9832352
2.385,0.98325
2.386,0.9832648
2.387,0.9832784
2.388,0.9832896
2.389,0.9832972
2.39,0.9833
2.391,0.9833
2.392,0.9833
2.393,0.9833
2.394,0.9833
2.395,0.9833
2.396,0.9833
2.397,0.9833
2.398,0.9833
2.399,0.9833
2.4,0.9833
2.401,0.9833
2.402,0.9833
2.403,0.9833
2.404,0.9833
2.405,0.9833
2.406,0.9833
2.407,0.9833
2.408,0.9833
2.409,0.9833
2.41,0.9833
2.411,0.9833
2.412,0.9833
2.413,0.9833
2.414,0.9833
2.415,0.9833
2.416,0.9833
2.417,0.9833
2.418,0.9833
2.419,0.9833
2.42,0.9833
2.421,0.9833
2.422,0.9833
2.423,0.9833
2.424,0.9833
2.425,0.9833
2.426,0.9833
2.427,0.9833
2.428,0.9833
2.429,0.9833
2.43,0.9833
2.431,0.9833
2.432,0.9833
2.433,0.9833
2.434,0.9833
2.435,0.9833
2.436,0.9833
2.437,0.9833
2.438,0.9833
2.439,0.9833
2.44,0.9833
2.441,0.9833
2.442,0.9833
2.443,0.9833
2.444,0.9833
2.445,0.9833
2.446,0.9833
2.447,0.9833
2.448,0.9833
2.449,0.9833
2.45,0.9833
2.451,0.9833
2.452,0.9833
2.453,0.9833
2.454,0.9833
2.455,0.9833
2.456,0.9833
2.457,0.9833
2.458,0.9833
2.459,0.9833
2.46,0.9833
2.461,0.9833
2.462,0.9833
2.463,0.9833
2.464,0.9833
2.465,0.9833
2.466,0.9833
2.467,0.9833
2.468,0.9833
2.469,0.9833
2.47,0.9833
2.471,0.9833
2.472,0.9833
2.473,0.9833
2.474,0.9833
2.475,0.9833
2.476,0.9833
2.477,0.9833
2.478,0.9833
2.479,0.9833
2.48,0.9833
2.481,0.9833
2.482,0.9833
2.483,0.9833
2.484,0.9833
2.485,0.9833
2.486,0.9833
2.487,0.9833
2.488,0.9833
2.489,0.9833
2.49,0.9833
2.491,0.9833
2.492,0.9833
2.493,0.9833
2.494,0.9833
2.495,0.9833
2.496,0.9833
2.497,0.9833
2.498,0.9833
2.499,0.9833
2.5,0.9833
2.501,0.9833
2.502,0.9833
2.503,0.9833
2.504,0.9833
2.505,0.9833
2.506,0.9833
2.507,0.9833
2.508,0.9833
2.509,0.9833
2.51,0.9833
2.511,0.9833
2.512,0.9833
2.513,0.9833
2.514,0.9833
2.515,0.9833
2.516,0.9833
2.517,0.9833
2.518,0.9833
2.519,0.9833
2.52,0.9833
2.521,0.9833
2.522,0.9833
2.523,0.9833
2.524,0.9833
2.525,0.9833
2.526,0.9833
2.527,0.9833
2.528,0.9833
2.529,0.9833
2.53,0.9833
2.531,0.9833
2.532,0.9833
2.533,0.9833
2.534,0.9833
2.535,0.9833
2.536,0.9833
2.537,0.9833
2.538,0.9833
2.539,0.9833
2.54,0.9833
2.541,0.9833
2.542,0.9833
2.543,0.9833
2.544,0.9833
2.545,0.9833
2.546,0.9833
2.547,0.9833
2.548,0.9833
2.549,0.9833
2.55,0.9833
2.551,0.9833
2.552,0.9833
2.553,0.9833
2.554,0.9833
2.555,0.9833
2.556,0.9833
2.557,0.9833
2.558,0.9833
2.559,0.9833
2.56,0.9833
2.561,0.9833
2.562,0.9833
2.563,0.9833
2.564,0.9833
2.565,0.9833
2.566,0.9833
2.567,0.9833
2.568,0.9833
2.569,0.9833
2.57,0.9833
2.571,0.9833
2.572,0.9833
2.573,0.9833
2.574,0.9833
2.575,0.9833
2.576,0.9833
2.577,0.9833
2.578,0.9833
2.579,0.9833
2.58,0.9833
2.581,0.9833
2.582,0.9833
2.583,0.9833
2.584,0.9833
2.585,0.9833
2.586,0.9833
2.587,0.9833
2.588,0.9833
2.589,0.9833
2.59,0.9833
2.591,0.9833
2.592,0.9833
2.593,0.9833
2.594,0.9833
2.595,0.9833
2.596,0.9833
2.597,0.9833
2.598,0.9833
2.599,0.9833
2.6,0.9833
2.601,0.9833
2.602,0.9833
2.603,0.9833
2.604,0.9833
2.605,0.9833
2.606,0.9833
2.607,0.9833
2.608,0.9833
2.609,0.9833
2.61,0.9833
2.611,0.9833
2.612,0.9833
2.613,0.9833
2.614,0.9833
2.615,0.9833
2.616,0.9833
2.617,0.9833
2.618,0.9833
2.619,0.9833
2.62,0.9833
2.621,0.9833
2.622,0.9833
2.623,0.9833
2.624,0.9833
2.625,0.9833
2.626,0.9833
2.627,0.9833
2.628,0.9833
2.629,0.9833
2.63,0.9833
2.631,0.9833
2.632,0.9833
2.633,0.9833
2.634,0.9833
2.635,0.9833
2.636,0.9833
2.637,0.9833
2.638,0.9833
2.639,0.9833
2.64,0.9833
2.641,0.9833
2.642,0.9833
2.643,0.9833
2.644,0.9833
2.645,0.9833
2.646,0.9833
2.647,0.9833
2.648,0.9833
2.649,0.9833
2.65,0.9833
2.651,0.9833
2.652,0.9833
2.653,0.9833
2.654,0.9833
2.655,0.9833
2.656,0.9833
2.657,0.9833
2.658,0.9833
2.659,0.9833
2.66,0.9833
2.661,0.9833
2.662,0.9833
2.663,0.9833
2.664,0.9833
2.665,0.9833
2.666,0.9833
2.667,0.9833
2.668,0.9833
2.669,0.9833
2.67,0.9833
2.671,0.9833
2.672,0.9833
2.673,0.9833
2.674,0.9833
2.675,0.9833
2.676,0.9833
2.677,0.9833
2.678,0.9833
2.679,0.9833
2.68,0.9833
2.681,0.9833
2.682,0.9833
2.683,0.9833
2.684,0.9833
2.685,0.9833
2.686,0.9833
2.687,0.9833
2.688,0.9833
2.689,0.9833
2.69,0.9833
2.691,0.9833
2.692,0.9833
2.693,0.9833
2.694,0.9833
2.695,0.9833
2.696,0.9833
2.697,0.9833
2.698,0.9833
2.699,0.9833
2.7,0.9833
2.701,0.9833
2.702,0.9833
2.703,0.9833
2.704,0.9833
2.705,0.9833
2.706,0.9833
2.707,0.9833
2.708,0.9833
2.709,0.9833
2.71,0.9833
2.711,0.9833
2.712,0.9833
2.713,0.9833
2.714,0.9833
2.715,0.9833
2.716,0.9833
2.717,0.9833
2.718,0.9833
2.719,0.9833
2.72,0.9833
2.721,0.9833
2.722,0.9833
2.723,0.9833
2.724,0.9833
2.725,0.9833
2.726,0.9833
2.727,0.9833
2.728,0.9833
2.729,0.9833
2.73,0.9833
2.731,0.9833
2.732,0.9833
2.733,0.9833
2.734,0.9833
2.735,0.9833
2.736,0.9833
2.737,0.9833
2.738,0.9833
2.739,0.9833
2.74,0.9833
2.741,0.9833
2.742,0.9833
2.743,0.9833
2.744,0.9833
2.745,0.9833
2.746,0.9833
2.747,0.9833
2.748,0.9833
2.749,0.9833
2.75,0.9833
2.751,0.9833
2.752,0.9833
2.753,0.9833
2.754,0.9833
2.755,0.9833
2.756,0.9833
2.757,0.9833
2.758,0.9833
2.759,0.9833
2.76,0.9833
2.761,0.9833
2.762,0.9833
2.763,0.9833
2.764,0.9833
2.765,0.9833
2.766,0.9833
2.767,0.9833
2.768,0.9833
2.769,0.9833
2.77,0.9833
2.771,0.9833
2.772,0.9833
2.773,0.9833
2.774,0.9833
2.775,0.9833
2.776,0.9833
2.777,0.9833
2.778,0.9833
2.779,0.9833
2.78,0.9833
2.781,0.9833
2.782,0.9833
2.783,0.9833
2.784,0.9833
2.785,0.9833
2.786,0.9833
2.787,0.9833
2.788,0.9833
2.789,0.9833
2.79,0.9833
2.791,0.9833
2.792,0.9833
2.793,0.9833
2.794,0.9833
2.795,0.9833
2.796,0.9833
2.797,0.9833
2.798,0.9833
2.799,0.9833
2.8,0.9833
2.801,0.9833
2.802,0.9833
2.803,0.9833
2.804,0.9833
2.805,0.9833
2.806,0.9833
2.807,0.9833
2.808,0.9833
2.809,0.9833
2.81,0.9833
2.811,0.9833
2.812,0.9833
2.813,0.9833
2.814,0.9833
2.815,0.9833
2.816,0.9833
2.817,0.9833
2.818,0.9833
2.819,0.9833
2.82,0.9833
2.821,0.9833
2.822,0.9833
2.823,0.9833
2.824,0.9833
2.825,0.9833
2.826,0.9833
2.827,0.9833
2.828,0.9833
2.829,0.9833
2.83,0.9833
2.831,0.9833
2.832,0.9833
2.833,0.9833
2.834,0.9833
2.835,0.9833
2.836,0.9833
2.837,0.9833
2.838,0.9833
2.839,0.9833
2.84,0.9833
2.841,0.9833
2.842,0.9833
2.843,0.9833
2.844,0.9833
2.845,0.9833
2.846,0.9833
2.847,0.9833
2.848,0.9833
2.849,0.9833
2.85,0.9833
2.851,0.9833
2.852,0.9833
2.853,0.9833
2.854,0.9833
2.855,0.9833
2.856,0.9833
2.857,0.9833
2.858,0.9833
2.859,0.9833
2.86,0.9833
2.861,0.9833
2.862,0.9833
2.863,0.9833
2.864,0.9833
2.865,0.9833
2.866,0.9833
2.867,0.9833
2.868,0.9833
2.869,0.9833
2.87,0.9833
2.871,0.9833
2.872,0.9833
2.873,0.9833
2.874,0.9833
2.875,0.9833
2.876,0.9833
2.877,0.9833
2.878,0.9833
2.879,0.9833
2.88,0.9833
2.881,0.9833
2.882,0.9833
2.883,0.9833
2.884,0.9833
2.885,0.9833
2.886,0.9833
2.887,0.9833
2.888,0.9833
2.889,0.9833
2.89,0.9833
2.891,0.9833
2.892,0.9833
2.893,0.9833
2.894,0.9833
2.895,0.9833
2.896,0.9833
2.897,0.9833
2.898,0.9833
2.899,0.9833
2.9,0.9833
2.901,0.9833
2.902,0.9833
2.903,0.9833
2.904,0.9833
2.905,0.9833
2.906,0.9833
2.907,0.9833
2.908,0.9833
2.909,0.9833
2.91,0.9833
2.911,0.9833
2.912,0.9833
2.913,0.9833
2.914,0.9833
2.915,0.9833
2.916,0.9833
2.917,0.9833
2.918,0.9833
2.919,0.9833
2.92,0.9833
2.921,0.9833
2.922,0.9833
2.923,0.9833
2.924,0.9833
2.925,0.9833
2.926,0.9833
2.927,0.9833
2.928,0.9833
2.929,0.9833
2.93,0.9833
2.931,0.9833
2.932,0.9833
2.933,0.9833
2.934,0.9833
2.935,0.9833
2.936,0.9833
2.937,0.9833
2.938,0.9833
2.939,0.9833
2.94,0.9833
2.941,0.9833
2.942,0.9833
2.943,0.9833
2.944,0.9833
2.945,0.9833
2.946,0.9833
2.947,0.9833
2.948,0.9833
2.949,0.9833
2.95,0.9833
2.951,0.9833
2.952,0.9833
2.953,0.9833
2.954,0.9833
2.955,0.9833
2.956,0.9833
2.957,0.9833
2.958,0.9833
2.959,0.9833
2.96,0.9833
2.961,0.9833
2.962,0.9833
2.963,0.9833
2.964,0.9833
2.965,0.9833
2.966,0.9833
2.967,0.9833
2.968,0.9833
2.969,0.9833
2.97,0.9833
2.971,0.9833
2.972,0.9833
2.973,0.9833
2.974,0.9833
2.975,0.9833
2.976,0.9833
2.977,0.9833
2.978,0.9833
2.979,0.9833
2.98,0.9833
2.981,0.9833
2.982,0.9833
2.983,0.9833
2.984,0.9833
2.985,0.9833
2.986,0.9833
2.987,0.9833
2.988,0.9833
2.989,0.9833
2.99,0.9833
2.991,0.9833
2.992,0.9833
2.993,0.9833
2.994,0.9833
2.995,0.9833
2.996,0.9833
2.997,0.9833
2.998,0.9833
2.999,0.9833
3,0.9833
3.001,0.9833
3.002,0.9833
3.003,0.9833
3.004,0.9833
3.005,0.9833
3.006,0.9833
3.007,0.9833
3.008,0.9833
3.009,0.9833
3.01,0.9833
3.011,0.9833
3.012,0.9833
3.013,0.9833
3.014,0.9833
3.015,0.9833
3.016,0.9833
3.017,0.9833
3.018,0.9833
3.019,0.9833
3.02,0.9833
3.021,0.9833
3.022,0.9833
3.023,0.9833
3.024,0.9833
3.025,0.9833
3.026,0.9833
3.027,0.9833
3.028,0.9833
3.029,0.9833
3.03,0.9833
3.031,0.9833
3.032,0.9833
3.033,0.9833
3.034,0.9833
3.035,0.9833
3.036,0.9833
3.037,0.9833
3.038,0.9833
3.039,0.9833
3.04,0.9833
3.041,0.9833
3.042,0.9833
3.043,0.9833
3.044,0.9833
3.045,0.9833
3.046,0.9833
3.047,0.9833
3.048,0.9833
3.049,0.9833
3.05,0.9833
3.051,0.9833
3.052,0.9833
3.053,0.9833
3.054,0.9833
3.055,0.9833
3.056,0.9833
3.057,0.9833
3.058,0.9833
3.059,0.9833
3.06,0.9833
3.061,0.9833
3.062,0.9833
3.063,0.9833
3.064,0.9833
3.065,0.9833
3.066,0.9833
3.067,0.9833
3.068,0.9833
3.069,0.9833
3.07,0.9833
3.071,0.9833
3.072,0.9833
3.073,0.9833
3.074,0.9833
3.075,0.9833
3.076,0.9833
3.077,0.9833
3.078,0.9833
3.079,0.9833
3.08,0.9833
3.081,0.9833
3.082,0.9833
3.083,0.9833
3.084,0.9833
3.085,0.9833
3.086,0.9833
3.087,0.9833
3.088,0.9833
3.089,0.9833
3.09,0.9833
3.091,0.9833
3.092,0.9833
3.093,0.9833
3.094,0.9833
3.095,0.9833
3.096,0.9833
3.097,0.9833
3.098,0.9833
3.099,0.9833
3.1,0.9833
3.101,0.9833
3.102,0.9833
3.103,0.9833
3.104,0.9833
3.105,0.9833
3.106,0.9833
3.107,0.9833
3.108,0.9833
3.109,0.9833
3.11,0.9833
3.111,0.9833
3.112,0.9833
3.113,0.9833
3.114,0.9833
3.115,0.9833
3.116,0.9833
3.117,0.9833
3.118,0.9833
3.119,0.9833
3.12,0.9833
3.121,0.9833
3.122,0.9833
3.123,0.9833
3.124,0.9833
3.125,0.9833
3.126,0.9833
3.127,0.9833
3.128,0.9833
3.129,0.9833
3.13,0.9833
3.131,0.9833
3.132,0.9833
3.133,0.9833
3.134,0.9833
3.135,0.9833
3.136,0.9833
3.137,0.9833
3.138,0.9833
3.139,0.9833
3.14,0.9833
3.141,0.9833
3.142,0.9833
3.143,0.9833
3.144,0.9833
3.145,0.9833
3.146,0.9833
3.147,0.9833
3.148,0.9833
3.149,0.9833
3.15,0.9833
3.151,0.9833
3.152,0.9833
3.153,0.9833
3.154,0.9833
3.155,0.9833
3.156,0.9833
3.157,0.9833
3.158,0.9833
3.159,0.9833
3.16,0.9833
3.161,0.9833
3.162,0.9833
3.163,0.9833
3.164,0.9833
3.165,0.9833
3.166,0.9833
3.167,0.9833
3.168,0.9833
3.169,0.9833
3.17,0.9833
3.171,0.9833
3.172,0.9833
3.173,0.9833
3.174,0.9833
3.175,0.9833
3.176,0.9833
3.177,0.9833
3.178,0.9833
3.179,0.9833
3.18,0.9833
3.181,0.9833
3.182,0.9833
3.183,0.9833
3.184,0.9833
3.185,0.9833
3.186,0.9833
3.187,0.9833
3.188,0.9833
3.189,0.9833
3.19,0.9833
3.191,0.9833
3.192,0.9833
3.193,0.9833
3.194,0.9833
3.195,0.9833
3.196,0.9833
3.197,0.9833
3.198,0.9833
3.199,0.9833
3.2,0.9833
3.201,0.9833
3.202,0.9833
3.203,0.9833
3.204,0.9833
3.205,0.9833
3.206,0.9833
3.207,0.9833
3.208,0.9833
3.209,0.9833
3.21,0.9833
3.211,0.9833
3.212,0.9833
3.213,0.9833
3.214,0.9833
3.215,0.9833
3.216,0.9833
3.217,0.9833
3.218,0.9833
3.219,0.9833
3.22,0.9833
3.221,0.9833
3.222,0.9833
3.223,0.9833
3.224,0.9833
3.225,0.9833
3.226,0.9833
3.227,0.9833
3.228,0.9833
3.229,0.9833
3.23,0.9833
3.231,0.9833
3.232,0.9833
3.233,0.9833
3.234,0.9833
3.235,0.9833
3.236,0.9833
3.237,0.9833
3.238,0.9833
3.239,0.9833
3.24,0.9833
3.241,0.9833
3.242,0.9833
3.243,0.9833
3.244,0.9833
3.245,0.9833
3.246,0.9833
3.247,0.9833
3.248,0.9833
3.249,0.9833
3.25,0.9833
3.251,0.9833
3.252,0.9833
3.253,0.9833
3.254,0.9833
3.255,0.9833
3.256,0.9833
3.257,0.9833
3.258,0.9833
3.259,0.9833
3.26,0.9833
3.261,0.9833
3.262,0.9833
3.263,0.9833
3.264,0.9833
3.265,0.9833
3.266,0.9833
3.267,0.9833
3.268,0.9833
3.269,0.9833
3.27,0.9833
3.271,0.9833
3.272,0.9833
3.273,0.9833
3.274,0.9833
3.275,0.9833
3.276,0.9833
3.277,0.9833
3.278,0.9833
3.279,0.9833
3.28,0.9833
3.281,0.9833
3.282,0.9833
3.283,0.9833
3.284,0.9833
3.285,0.9833
3.286,0.9833
3.287,0.9833
3.288,0.9833
3.289,0.9833
3.29,0.9833
3.291,0.9833
3.292,0.9833
3.293,0.9833
3.294,0.9833
3.295,0.9833
3.296,0.9833
3.297,0.9833
3.298,0.9833
3.299,0.9833
3.3,0.9833
3.301,0.9833
3.302,0.9833
3.303,0.9833
3.304,0.9833
3.305,0.9833
3.306,0.9833
3.307,0.9833
3.308,0.9833
3.309,0.9833
3.31,0.9833
3.311,0.9833
3.312,0.9833
3.313,0.9833
3.314,0.9833
3.315,0.9833
3.316,0.9833
3.317,0.9833
3.318,0.9833
3.319,0.9833
3.32,0.9833
3.321,0.9833
3.322,0.9833
3.323,0.9833
3.324,0.9833
3.325,0.9833
3.326,0.9833
3.327,0.9833
3.328,0.9833
3.329,0.9833
3.33,0.9833
3.331,0.9833
3.332,0.9833
3.333,0.9833
3.334,0.9833
3.335,0.9833
3.336,0.9833
3.337,0.9833
3.338,0.9833
3.339,0.9833
3.34,0.9833
3.341,0.9833
3.342,0.9833
3.343,0.9833
3.344,0.9833
3.345,0.9833
3.346,0.9833
3.347,0.9833
3.348,0.9833
3.349,0.9833
3.35,0.9833
3.351,0.9833
3.352,0.9833
3.353,0.9833
3.354,0.9833
3.355,0.9833
3.356,0.9833
3.357,0.9833
3.358,0.9833
3.359,0.9833
3.36,0.9833
3.361,0.9833
3.362,0.9833
3.363,0.9833
3.364,0.9833
3.365,0.9833
3.366,0.9833
3.367,0.9833
3.368,0.9833
3.369,0.9833
3.37,0.9833
3.371,0.9833
3.372,0.9833
3.373,0.9833
3.374,0.9833
3.375,0.9833
3.376,0.9833
3.377,0.9833
3.378,0.9833
3.379,0.9833
3.38,0.9833
3.381,0.9833
3.382,0.9833
3.383,0.9833
3.384,0.9833
3.385,0.9833
3.386,0.9833
3.387,0.9833
3.388,0.9833
3.389,0.9833
3.39,0.9833
3.391,0.9833
3.392,0.9833
3.393,0.9833
3.394,0.9833
3.395,0.9833
3.396,0.9833
3.397,0.9833
3.398,0.9833
3.399,0.9833
3.4,0.9833
3.401,0.9833
3.402,0.9833
3.403,0.9833
3.404,0.9833
3.405,0.9833
3.406,0.9833
3.407,0.9833
3.408,0.9833
3.409,0.9833
3.41,0.9833
3.411,0.9833
3.412,0.9833
3.413,0.9833
3.414,0.9833
3.415,0.9833
3.416,0.9833
3.417,0.9833
3.418,0.9833
3.419,0.9833
3.42,0.9833
3.421,0.9833
3.422,0.9833
3.423,0.9833
3.424,0.9833
3.425,0.9833
3.426,0.9833
3.427,0.9833
3.428,0.9833
3.429,0.9833
3.43,0.9833
3.431,0.9833
3.432,0.9833
3.433,0.9833
3.434,0.9833
3.435,0.9833
3.436,0.9833
3.437,0.9833
3.438,0.9833
3.439,0.9833
3.44,0.9833
3.441,0.9833
3.442,0.9833
3.443,0.9833
3.444,0.9833
3.445,0.9833
3.446,0.9833
3.447,0.9833
3.448,0.9833
3.449,0.9833
3.45,0.9833
3.451,0.9833
3.452,0.9833
3.453,0.9833
3.454,0.9833
3.455,0.9833
3.456,0.9833
3.457,0.9833
3.458,0.9833
3.459,0.9833
3.46,0.9833
3.461,0.9833
3.462,0.9833
3.463,0.9833
3.464,0.9833
3.465,0.9833
3.466,0.9833
3.467,0.9833
3.468,0.9833
3.469,0.9833
3.47,0.9833
3.471,0.9833
3.472,0.9833
3.473,0.9833
3.474,0.9833
3.475,0.9833
3.476,0.9833
3.477,0.9833
3.478,0.9833
3.479,0.9833
3.48,0.9833
3.481,0.9833
3.482,0.9833
3.483,0.9833
3.484,0.9833
3.485,0.9833
3.486,0.9833
3.487,0.9833
3.488,0.9833
3.489,0.9833
3.49,0.9833
3.491,0.9833
3.492,0.9833
3.493,0.9833
3.494,0.9833
3.495,0.9833
3.496,0.9833
3.497,0.9833
3.498,0.9833
3.499,0.9833
3.5,0.9833
3.501,0.9833
3.502,0.9833
3.503,0.9833
3.504,0.9833
3.505,0.9833
3.506,0.9833
3.507,0.9833
3.508,0.9833
3.509,0.9833
3.51,0.9833
3.511,0.9833
3.512,0.9833
3.513,0.9833
3.514,0.9833
3.515,0.9833
3.516,0.9833
3.517,0.9833
3.518,0.9833
3.519,0.9833
3.52,0.9833
3.521,0.9833
3.522,0.9833
3.523,0.9833
3.524,0.9833
3.525,0.9833
3.526,0.9833
3.527,0.9833
3.528,0.9833
3.529,0.9833
3.53,0.9833
3.531,0.9833
3.532,0.9833
3.533,0.9833
3.534,0.9833
3.535,0.9833
3.536,0.9833
3.537,0.9833
3.538,0.9833
3.539,0.9833
3.54,0.9833
3.541,0.9833
3.542,0.9833
3.543,0.9833
3.544,0.9833
3.545,0.9833
3.546,0.9833
3.547,0.9833
3.548,0.9833
3.549,0.9833
3.55,0.9833
3.551,0.9833
3.552,0.9833
3.553,0.9833
3.554,0.9833
3.555,0.9833
3.556,0.9833
3.557,0.9833
3.558,0.9833
3.559,0.9833
3.56,0.9833
3.561,0.9833
3.562,0.9833
3.563,0.9833
3.564,0.9833
3.565,0.9833
3.566,0.9833
3.567,0.9833
3.568,0.9833
3.569,0.9833
3.57,0.9833
3.571,0.9833
3.572,0.9833
3.573,0.9833
3.574,0.9833
3.575,0.9833
3.576,0.9833
3.577,0.9833
3.578,0.9833
3.579,0.9833
3.58,0.9833
3.581,0.9833
3.582,0.9833
3.583,0.9833
3.584,0.9833
3.585,0.9833
3.586,0.9833
3.587,0.9833
3.588,0.9833
3.589,0.9833
3.59,0.9833
3.591,0.9833
3.592,0.9833
3.593,0.9833
3.594,0.9833
3.595,0.9833
3.596,0.9833
3.597,0.9833
3.598,0.9833
3.599,0.9833
3.6,0.9833
3.601,0.9833
3.602,0.9833
3.603,0.9833
3.604,0.9833
3.605,0.9833
3.606,0.9833
3.607,0.9833
3.608,0.9833
3.609,0.9833
3.61,0.9833
3.611,0.9833
3.612,0.9833
3.613,0.9833
3.614,0.9833
3.615,0.9833
3.616,0.9833
3.617,0.9833
3.618,0.9833
3.619,0.9833
3.62,0.9833
3.621,0.9833
3.622,0.9833
3.623,0.9833
3.624,0.9833
3.625,0.9833
3.626,0.9833
3.627,0.9833
3.628,0.9833
3.629,0.9833
3.63,0.9833
3.631,0.9833
3.632,0.9833
3.633,0.9833
3.634,0.9833
3.635,0.9833
3.636,0.9833
3.637,0.9833
3.638,0.9833
3.639,0.9833
3.64,0.9833
3.641,0.9833
3.642,0.9833
3.643,0.9833
3.644,0.9833
3.645,0.9833
3.646,0.9833
3.647,0.9833
3.648,0.9833
3.649,0.9833
3.65,0.9833
3.651,0.9833
3.652,0.9833
3.653,0.9833
3.654,0.9833
3.655,0.9833
3.656,0.9833
3.657,0.9833
3.658,0.9833
3.659,0.9833
3.66,0.9833
3.661,0.9833
3.662,0.9833
3.663,0.9833
3.664,0.9833
3.665,0.9833
3.666,0.9833
3.667,0.9833
3.668,0.9833
3.669,0.9833
3.67,0.9833
3.671,0.9833
3.672,0.9833
3.673,0.9833
3.674,0.9833
3.675,0.9833
3.676,0.9833
3.677,0.9833
3.678,0.9833
3.679,0.9833
3.68,0.9833
3.681,0.9833
3.682,0.9833
3.683,0.9833
3.684,0.9833
3.685,0.9833
3.686,0.9833
3.687,0.9833
3.688,0.9833
3.689,0.9833
3.69,0.9833
3.691,0.9833
3.692,0.9833
3.693,0.9833
3.694,0.9833
3.695,0.9833
3.696,0.9833
3.697,0.9833
3.698,0.9833
3.699,0.9833
3.7,0.9833
3.701,0.9833
3.702,0.9833
3.703,0.9833
3.704,0.9833
3.705,0.9833
3.706,0.9833
3.707,0.9833
3.708,0.9833
3.709,0.9833
3.71,0.9833
3.711,0.9833
3.712,0.9833
3.713,0.9833
3.714,0.9833
3.715,0.9833
3.716,0.9833
3.717,0.9833
3.718,0.9833
3.719,0.9833
3.72,0.9833
3.721,0.9833
3.722,0.9833
3.723,0.9833
3.724,0.9833
3.725,0.9833
3.726,0.9833
3.727,0.9833
3.728,0.9833
3.729,0.9833
3.73,0.9833
3.731,0.9833
3.732,0.9833
3.733,0.9833
3.734,0.9833
3.735,0.9833
3.736,0.9833
3.737,0.9833
3.738,0.9833
3.739,0.9833
3.74,0.9833
3.741,0.9833
3.742,0.9833
3.743,0.9833
3.744,0.9833
3.745,0.9833
3.746,0.9833
3.747,0.9833
3.748,0.9833
3.749,0.9833
3.75,0.9833
3.751,0.9833
3.752,0.9833
3.753,0.9833
3.754,0.9833
3.755,0.9833
3.756,0.9833
3.757,0.9833
3.758,0.9833
3.759,0.9833
3.76,0.9833
3.761,0.9833
3.762,0.9833
3.763,0.9833
3.764,0.9833
3.765,0.9833
3.766,0.9833
3.767,0.9833
3.768,0.9833
3.769,0.9833
3.77,0.9833
3.771,0.9833
3.772,0.9833
3.773,0.9833
3.774,0.9833
3.775,0.9833
3.776,0.9833
3.777,0.9833
3.778,0.9833
3.779,0.9833
3.78,0.9833
3.781,0.9833
3.782,0.9833
3.783,0.9833
3.784,0.9833
3.785,0.9833
3.786,0.9833
3.787,0.9833
3.788,0.9833
3.789,0.9833
3.79,0.9833
3.791,0.9833
3.792,0.9833
3.793,0.9833
3.794,0.9833
3.795,0.9833
3.796,0.9833
3.797,0.9833
3.798,0.9833
3.799,0.9833
3.8,0.9833
3.801,0.9833
3.802,0.9833
3.803,0.9833
3.804,0.9833
3.805,0.9833
3.806,0.9833
3.807,0.9833
3.808,0.9833
3.809,0.9833
3.81,0.9833
3.811,0.9833
3.812,0.9833
3.813,0.9833
3.814,0.9833
3.815,0.9833
3.816,0.9833
3.817,0.9833
3.818,0.9833
3.819,0.9833
3.82,0.9833
3.821,0.9833
3.822,0.9833
3.823,0.9833
3.824,0.9833
3.825,0.9833
3.826,0.9833
3.827,0.9833
3.828,0.9833
3.829,0.9833
3.83,0.9833
3.831,0.9833
3.832,0.9833
3.833,0.9833
3.834,0.9833
3.835,0.9833
3.836,0.9833
3.837,0.9833
3.838,0.9833
3.839,0.9833
3.84,0.9833
3.841,0.9833
3.842,0.9833
3.843,0.9833
3.844,0.9833
3.845,0.9833
3.846,0.9833
3.847,0.9833
3.848,0.9833
3.849,0.9833
3.85,0.9833
3.851,0.9833
3.852,0.9833
3.853,0.9833
3.854,0.9833
3.855,0.9833
3.856,0.9833
3.857,0.9833
3.858,0.9833
3.859,0.9833
3.86,0.9833
3.861,0.9833
3.862,0.9833
3.863,0.9833
3.864,0.9833
3.865,0.9833
3.866,0.9833
3.867,0.9833
3.868,0.9833
3.869,0.9833
3.87,0.9833
3.871,0.9833
3.872,0.9833
3.873,0.9833
3.874,0.9833
3.875,0.9833
3.876,0.9833
3.877,0.9833
3.878,0.9833
3.879,0.9833
3.88,0.9833
3.881,0.9833
3.882,0.9833
3.883,0.9833
3.884,0.9833
3.885,0.9833
3.886,0.9833
3.887,0.9833
3.888,0.9833
3.889,0.9833
3.89,0.9833
3.891,0.9833
3.892,0.9833
3.893,0.9833
3.894,0.9833
3.895,0.9833
3.896,0.9833
3.897,0.9833
3.898,0.9833
3.899,0.9833
3.9,0.9833
3.901,0.9833
3.902,0.9833
3.903,0.9833
3.904,0.9833
3.905,0.9833
3.906,0.9833
3.907,0.9833
3.908,0.9833
3.909,0.9833
3.91,0.9833
3.911,0.9833
3.912,0.9833
3.913,0.9833
3.914,0.9833
3.915,0.9833
3.916,0.9833
3.917,0.9833
3.918,0.9833
3.919,0.9833
3.92,0.9833
3.921,0.9833
3.922,0.9833
3.923,0.9833
3.924,0.9833
3.925,0.9833
3.926,0.9833
3.927,0.9833
3.928,0.9833
3.929,0.9833
3.93,0.9833
3.931,0.9833
3.932,0.9833
3.933,0.9833
3.934,0.9833
3.935,0.9833
3.936,0.9833
3.937,0.9833
3.938,0.9833
3.939,0.9833
3.94,0.9833
3.941,0.9833
3.942,0.9833
3.943,0.9833
3.944,0.9833
3.945,0.9833
3.946,0.9833
3.947,0.9833
3.948,0.9833
3.949,0.9833
3.95,0.9833
3.951,0.9833
3.952,0.9833
3.953,0.9833
3.954,0.9833
3.955,0.9833
3.956,0.9833
3.957,0.9833
3.958,0.9833
3.959,0.9833
3.96,0.9833
3.961,0.9833
3.962,0.9833
3.963,0.9833
3.964,0.9833
3.965,0.9833
3.966,0.9833
3.967,0.9833
3.968,0.9833
3.969,0.9833
3.97,0.9833
3.971,0.9833
3.972,0.9833
3.973,0.9833
3.974,0.9833
3.975,0.9833
3.976,0.9833
3.977,0.9833
3.978,0.9833
3.979,0.9833
3.98,0.9833
3.981,0.9833
3.982,0.9833
3.983,0.9833
3.984,0.9833
3.985,0.9833
3.986,0.9833
3.987,0.9833
3.988,0.9833
3.989,0.9833
3.99,0.9833
3.991,0.9833
3.992,0.9833
3.993,0.9833
3.994,0.9833
3.995,0.9833
3.996,0.9833
3.997,0.9833
3.998,0.9833
3.999,0.9833
4,0.9833
4.001,0.9833
4.002,0.9833
4.003,0.9833
4.004,0.9833
4.005,0.9833
4.006,0.9833
4.007,0.9833
4.008,0.9833
4.009,0.9833
4.01,0.9833
4.011,0.9833
4.012,0.9833
4.013,0.9833
4.014,0.9833
4.015,0.9833
4.016,0.9833
4.017,0.9833
4.018,0.9833
4.019,0.9833
4.02,0.9833
4.021,0.9833
4.022,0.9833
4.023,0.9833
4.024,0.9833
4.025,0.9833
4.026,0.9833
4.027,0.9833
4.028,0.9833
4.029,0.9833
4.03,0.9833
4.031,0.9833
4.032,0.9833
4.033,0.9833
4.034,0.9833
4.035,0.9833
4.036,0.9833
4.037,0.9833
4.038,0.9833
4.039,0.9833
4.04,0.9833
4.041,0.9833
4.042,0.9833
4.043,0.9833
4.044,0.9833
4.045,0.9833
4.046,0.9833
4.047,0.9833
4.048,0.9833
4.049,0.9833
4.05,0.9833
4.051,0.9833
4.052,0.9833
4.053,0.9833
4.054,0.9833
4.055,0.9833
4.056,0.9833
4.057,0.9833
4.058,0.9833
4.059,0.9833
4.06,0.9833
4.061,0.9833
4.062,0.9833
4.063,0.9833
4.064,0.9833
4.065,0.9833
4.066,0.9833
4.067,0.9833
4.068,0.9833
4.069,0.9833
4.07,0.9833
4.071,0.9833
4.072,0.9833
4.073,0.9833
4.074,0.9833
4.075,0.9833
4.076,0.9833
4.077,0.9833
4.078,0.9833
4.079,0.9833
4.08,0.9833
4.081,0.9833
4.082,0.9833
4.083,0.9833
4.084,0.9833
4.085,0.9833
4.086,0.9833
4.087,0.9833
4.088,0.9833
4.089,0.9833
4.09,0.9833
4.091,0.9833
4.092,0.9833
4.093,0.9833
4.094,0.9833
4.095,0.9833
4.096,0.9833
4.097,0.9833
4.098,0.9833
4.099,0.9833
4.1,0.9833
4.101,0.9833
4.102,0.9833
4.103,0.9833
4.104,0.9833
4.105,0.9833
4.106,0.9833
4.107,0.9833
4.108,0.9833
4.109,0.9833
4.11,0.9833
4.111,0.9833
4.112,0.9833
4.113,0.9833
4.114,0.9833
4.115,0.9833
4.116,0.9833
4.117,0.9833
4.118,0.9833
4.119,0.9833
4.12,0.9833
4.121,0.9833
4.122,0.9833
4.123,0.9833
4.124,0.9833
4.125,0.9833
4.126,0.9833
4.127,0.9833
4.128,0.9833
4.129,0.9833
4.13,0.9833
4.131,0.9833
4.132,0.9833
4.133,0.9833
4.134,0.9833
4.135,0.9833
4.136,0.9833
4.137,0.9833
4.138,0.9833
4.139,0.9833
4.14,0.9833
4.141,0.9833
4.142,0.9833
4.143,0.9833
4.144,0.9833
4.145,0.9833
4.146,0.9833
4.147,0.9833
4.148,0.9833
4.149,0.9833
4.15,0.9833
4.151,0.9833
4.152,0.9833
4.153,0.9833
4.154,0.9833
4.155,0.9833
4.156,0.9833
4.157,0.9833
4.158,0.9833
4.159,0.9833
4.16,0.9833
4.161,0.9833
4.162,0.9833
4.163,0.9833
4.164,0.9833
4.165,0.9833
4.166,0.9833
4.167,0.9833
4.168,0.9833
4.169,0.9833
4.17,0.9833
4.171,0.9833
4.172,0.9833
4.173,0.9833
4.174,0.9833
4.175,0.9833
4.176,0.9833
4.177,0.9833
4.178,0.9833
4.179,0.9833
4.18,0.9833
4.181,0.9833
4.182,0.9833
4.183,0.9833
4.184,0.9833
4.185,0.9833
4.186,0.9833
4.187,0.9833
4.188,0.9833
4.189,0.9833
4.19,0.9833
4.191,0.9833
4.192,0.9833
4.193,0.9833
4.194,0.9833
4.195,0.9833
4.196,0.9833
4.197,0.9833
4.198,0.9833
4.199,0.9833
4.2,0.9833
4.201,0.9833
4.202,0.9833
4.203,0.9833
4.204,0.9833
4.205,0.9833
4.206,0.9833
4.207,0.9833
4.208,0.9833
4.209,0.9833
4.21,0.9833
4.211,0.9833
4.212,0.9833
4.213,0.9833
4.214,0.9833
4.215,0.9833
4.216,0.9833
4.217,0.9833
4.218,0.9833
4.219,0.9833
4.22,0.9833
4.221,0.9833
4.222,0.9833
4.223,0.9833
4.224,0.9833
4.225,0.9833
4.226,0.9833
4.227,0.9833
4.228,0.9833
4.229,0.9833
4.23,0.9833
4.231,0.9833
4.232,0.9833
4.233,0.9833
4.234,0.9833
4.235,0.9833
4.236,0.9833
4.237,0.9833
4.238,0.9833
4.239,0.9833
4.24,0.9833
4.241,0.9833
4.242,0.9833
4.243,0.9833
4.244,0.9833
4.245,0.9833
4.246,0.9833
4.247,0.9833
4.248,0.9833
4.249,0.9833
4.25,0.9833
4.251,0.9833
4.252,0.9833
4.253,0.9833
4.254,0.9833
4.255,0.9833
4.256,0.9833
4.257,0.9833
4.258,0.9833
4.259,0.9833
4.26,0.9833
4.261,0.9833
4.262,0.9833
4.263,0.9833
4.264,0.9833
4.265,0.9833
4.266,0.9833
4.267,0.9833
4.268,0.9833
4.269,0.9833
4.27,0.9833
4.271,0.9833
4.272,0.9833
4.273,0.9833
4.274,0.9833
4.275,0.9833
4.276,0.9833
4.277,0.9833
4.278,0.9833
4.279,0.9833
4.28,0.9833
4.281,0.9833
4.282,0.9833
4.283,0.9833
4.284,0.9833
4.285,0.9833
4.286,0.9833
4.287,0.9833
4.288,0.9833
4.289,0.9833
4.29,0.9833
4.291,0.9833
4.292,0.9833
4.293,0.9833
4.294,0.9833
4.295,0.9833
4.296,0.9833
4.297,0.9833
4.298,0.9833
4.299,0.9833
4.3,0.9833
4.301,0.9833
4.302,0.9833
4.303,0.9833
4.304,0.9833
4.305,0.9833
4.306,0.9833
4.307,0.9833
4.308,0.9833
4.309,0.9833
4.31,0.9833
4.311,0.9833
4.312,0.9833
4.313,0.9833
4.314,0.9833
4.315,0.9833
4.316,0.9833
4.317,0.9833
4.318,0.9833
4.319,0.9833
4.32,0.9833
4.321,0.9833
4.322,0.9833
4.323,0.9833
4.324,0.9833
4.325,0.9833
4.326,0.9833
4.327,0.9833
4.328,0.9833
4.329,0.9833
4.33,0.9833
4.331,0.9833
4.332,0.9833
4.333,0.9833
4.334,0.9833
4.335,0.9833
4.336,0.9833
4.337,0.9833
4.338,0.9833
4.339,0.9833
4.34,0.9833
4.341,0.9833
4.342,0.9833
4.343,0.9833
4.344,0.9833
4.345,0.9833
4.346,0.9833
4.347,0.9833
4.348,0.9833
4.349,0.9833
4.35,0.9833
4.351,0.9833
4.352,0.9833
4.353,0.9833
4.354,0.9833
4.355,0.9833
4.356,0.9833
4.357,0.9833
4.358,0.9833
4.359,0.9833
4.36,0.9833
4.361,0.9833
4.362,0.9833
4.363,0.9833
4.364,0.9833
4.365,0.9833
4.366,0.9833
4.367,0.9833
4.368,0.9833
4.369,0.9833
4.37,0.9833
4.371,0.9833
4.372,0.9833
4.373,0.9833
4.374,0.9833
4.375,0.9833
4.376,0.9833
4.377,0.9833
4.378,0.9833
4.379,0.9833
4.38,0.9833
4.381,0.9833
4.382,0.9833
4.383,0.9833
4.384,0.9833
4.385,0.9833
4.386,0.9833
4.387,0.9833
4.388,0.9833
4.389,0.9833
4.39,0.9833
4.391,0.9833
4.392,0.9833
4.393,0.9833
4.394,0.9833
4.395,0.9833
4.396,0.9833
4.397,0.9833
4.398,0.9833
4.399,0.9833
4.4,0.9833
4.401,0.9833
4.402,0.9833
4.403,0.9833
4.404,0.9833
4.405,0.9833
4.406,0.9833
4.407,0.9833
4.408,0.9833
4.409,0.9833
4.41,0.9833
4.411,0.9833
4.412,0.9833
4.413,0.9833
4.414,0.9833
4.415,0.9833
4.416,0.9833
4.417,0.9833
4.418,0.9833
4.419,0.9833
4.42,0.9833
4.421,0.9833
4.422,0.9833
4.423,0.9833
4.424,0.9833
4.425,0.9833
4.426,0.9833
4.427,0.9833
4.428,0.9833
4.429,0.9833
4.43,0.9833
4.431,0.9833
4.432,0.9833
4.433,0.9833
4.434,0.9833
4.435,0.9833
4.436,0.9833
4.437,0.9833
4.438,0.9833
4.439,0.9833
4.44,0.9833
4.441,0.9833
4.442,0.9833
4.443,0.9833
4.444,0.9833
4.445,0.9833
4.446,0.9833
4.447,0.9833
4.448,0.9833
4.449,0.9833
4.45,0.9833
4.451,0.9833
4.452,0.9833
4.453,0.9833
4.454,0.9833
4.455,0.9833
4.456,0.9833
4.457,0.9833
4.458,0.9833
4.459,0.9833
4.46,0.9833
4.461,0.9833
4.462,0.9833
4.463,0.9833
4.464,0.9833
4.465,0.9833
4.466,0.9833
4.467,0.9833
4.468,0.9833
4.469,0.9833
4.47,0.9833
4.471,0.9833
4.472,0.9833
4.473,0.9833
4.474,0.9833
4.475,0.9833
4.476,0.9833
4.477,0.9833
4.478,0.9833
4.479,0.9833
4.48,0.9833
4.481,0.9833
4.482,0.9833
4.483,0.9833
4.484,0.9833
4.485,0.9833
4.486,0.9833
4.487,0.9833
4.488,0.9833
4.489,0.9833
4.49,0.9833
4.491,0.9833
4.492,0.9833
4.493,0.9833
4.494,0.9833
4.495,0.9833
4.496,0.9833
4.497,0.9833
4.498,0.9833
4.499,0.9833
4.5,0.9833
4.501,0.9833
4.502,0.9833
4.503,0.9833
4.504,0.9833
4.505,0.9833
4.506,0.9833
4.507,0.9833
4.508,0.9833
4.509,0.9833
4.51,0.9833
4.511,0.9833
4.512,0.9833
4.513,0.9833
4.514,0.9833
4.515,0.9833
4.516,0.9833
4.517,0.9833
4.518,0.9833
4.519,0.9833
4.52,0.9833
4.521,0.9833
4.522,0.9833
4.523,0.9833
4.524,0.9833
4.525,0.9833
4.526,0.9833
4.527,0.9833
4.528,0.9833
4.529,0.9833
4.53,0.9833
4.531,0.9833
4.532,0.9833
4.533,0.9833
4.534,0.9833
4.535,0.9833
4.536,0.9833
4.537,0.9833
4.538,0.9833
4.539,0.9833
4.54,0.9833
4.541,0.9833
4.542,0.9833
4.543,0.9833
4.544,0.9833
4.545,0.9833
4.546,0.9833
4.547,0.9833
4.548,0.9833
4.549,0.9833
4.55,0.9833
4.551,0.9833
4.552,0.9833
4.553,0.9833
4.554,0.9833
4.555,0.9833
4.556,0.9833
4.557,0.9833
4.558,0.9833
4.559,0.9833
4.56,0.9833
4.561,0.9833
4.562,0.9833
4.563,0.9833
4.564,0.9833
4.565,0.9833
4.566,0.9833
4.567,0.9833
4.568,0.9833
4.569,0.9833
4.57,0.9833
4.571,0.9833
4.572,0.9833
4.573,0.9833
4.574,0.9833
4.575,0.9833
4.576,0.9833
4.577,0.9833
4.578,0.9833
4.579,0.9833
4.58,0.9833
4.581,0.9833
4.582,0.9833
4.583,0.9833
4.584,0.9833
4.585,0.9833
4.586,0.9833
4.587,0.9833
4.588,0.9833
4.589,0.9833
4.59,0.9833
4.591,0.9833
4.592,0.9833
4.593,0.9833
4.594,0.9833
4.595,0.9833
4.596,0.9833
4.597,0.9833
4.598,0.9833
4.599,0.9833
4.6,0.9833
4.601,0.9833
4.602,0.9833
4.603,0.9833
4.604,0.9833
4.605,0.9833
4.606,0.9833
4.607,0.9833
4.608,0.9833
4.609,0.9833
4.61,0.9833
4.611,0.9833
4.612,0.9833
4.613,0.9833
4.614,0.9833
4.615,0.9833
4.616,0.9833
4.617,0.9833
4.618,0.9833
4.619,0.9833
4.62,0.9833
4.621,0.9833
4.622,0.9833
4.623,0.9833
4.624,0.9833
4.625,0.9833
4.626,0.9833
4.627,0.9833
4.628,0.9833
4.629,0.9833
4.63,0.9833
4.631,0.9833
4.632,0.9833
4.633,0.9833
4.634,0.9833
4.635,0.9833
4.636,0.9833
4.637,0.9833
4.638,0.9833
4.639,0.9833
4.64,0.9833
4.641,0.9833
4.642,0.9833
4.643,0.9833
4.644,0.9833
4.645,0.9833
4.646,0.9833
4.647,0.9833
4.648,0.9833
4.649,0.9833
4.65,0.9833
4.651,0.9833
4.652,0.9833
4.653,0.9833
4.654,0.9833
4.655,0.9833
4.656,0.9833
4.657,0.9833
4.658,0.9833
4.659,0.9833
4.66,0.9833
4.661,0.9833
4.662,0.9833
4.663,0.9833
4.664,0.9833
4.665,0.9833
4.666,0.9833
4.667,0.9833
4.668,0.9833
4.669,0.9833
4.67,0.9833
4.671,0.9833
4.672,0.9833
4.673,0.9833
4.674,0.9833
4.675,0.9833
4.676,0.9833
4.677,0.9833
4.678,0.9833
4.679,0.9833
4.68,0.9833
4.681,0.9833
4.682,0.9833
4.683,0.9833
4.684,0.9833
4.685,0.9833
4.686,0.9833
4.687,0.9833
4.688,0.9833
4.689,0.9833
4.69,0.9833
4.691,0.9833
4.692,0.9833
4.693,0.9833
4.694,0.9833
4.695,0.9833
4.696,0.9833
4.697,0.9833
4.698,0.9833
4.699,0.9833
4.7,0.9833
4.701,0.9833
4.702,0.9833
4.703,0.9833
4.704,0.9833
4.705,0.9833
4.706,0.9833
4.707,0.9833
4.708,0.9833
4.709,0.9833
4.71,0.9833
4.711,0.9833
4.712,0.9833
4.713,0.9833
4.714,0.9833
4.715,0.9833
4.716,0.9833
4.717,0.9833
4.718,0.9833
4.719,0.9833
4.72,0.9833
4.721,0.9833
4.722,0.9833
4.723,0.9833
4.724,0.9833
4.725,0.9833
4.726,0.9833
4.727,0.9833
4.728,0.9833
4.729,0.9833
4.73,0.9833
4.731,0.9833
4.732,0.9833
4.733,0.9833
4.734,0.9833
4.735,0.9833
4.736,0.9833
4.737,0.9833
4.738,0.9833
4.739,0.9833
4.74,0.9833
4.741,0.9833
4.742,0.9833
4.743,0.9833
4.744,0.9833
4.745,0.9833
4.746,0.9833
4.747,0.9833
4.748,0.9833
4.749,0.9833
4.75,0.9833
4.751,0.9833
4.752,0.9833
4.753,0.9833
4.754,0.9833
4.755,0.9833
4.756,0.9833
4.757,0.9833
4.758,0.9833
4.759,0.9833
4.76,0.9833
4.761,0.9833
4.762,0.9833
4.763,0.9833
4.764,0.9833
4.765,0.9833
4.766,0.9833
4.767,0.9833
4.768,0.9833
4.769,0.9833
4.77,0.9833
4.771,0.9833
4.772,0.9833
4.773,0.9833
4.774,0.9833
4.775,0.9833
4.776,0.9833
4.777,0.9833
4.778,0.9833
4.779,0.9833
4.78,0.9833
4.781,0.9833
4.782,0.9833
4.783,0.9833
4.784,0.9833
4.785,0.9833
4.786,0.9833
4.787,0.9833
4.788,0.9833
4.789,0.9833
4.79,0.9833
4.791,0.9833
4.792,0.9833
4.793,0.9833
4.794,0.9833
4.795,0.9833
4.796,0.9833
4.797,0.9833
4.798,0.9833
4.799,0.9833
4.8,0.9833
4.801,0.9833
4.802,0.9833
4.803,0.9833
4.804,0.9833
4.805,0.9833
4.806,0.9833
4.807,0.9833
4.808,0.9833
4.809,0.9833
4.81,0.9833
4.811,0.9833
4.812,0.9833
4.813,0.9833
4.814,0.9833
4.815,0.9833
4.816,0.9833
4.817,0.9833
4.818,0.9833
4.819,0.9833
4.82,0.9833
4.821,0.9833
4.822,0.9833
4.823,0.9833
4.824,0.9833
4.825,0.9833
4.826,0.9833
4.827,0.9833
4.828,0.9833
4.829,0.9833
4.83,0.9833
4.831,0.9833
4.832,0.9833
4.833,0.9833
4.834,0.9833
4.835,0.9833
4.836,0.9833
4.837,0.9833
4.838,0.9833
4.839,0.9833
4.84,0.9833
4.841,0.9833
4.842,0.9833
4.843,0.9833
4.844,0.9833
4.845,0.9833
4.846,0.9833
4.847,0.9833
4.848,0.9833
4.849,0.9833
4.85,0.9833
4.851,0.9833
4.852,0.9833
4.853,0.9833
4.854,0.9833
4.855,0.9833
4.856,0.9833
4.857,0.9833
4.858,0.9833
4.859,0.9833
4.86,0.9833
4.861,0.9833
4.862,0.9833
4.863,0.9833
4.864,0.9833
4.865,0.9833
4.866,0.9833
4.867,0.9833
4.868,0.9833
4.869,0.9833
4.87,0.9833
4.871,0.9833
4.872,0.9833
4.873,0.9833
4.874,0.9833
4.875,0.9833
4.876,0.9833
4.877,0.9833
4.878,0.9833
4.879,0.9833
4.88,0.9833
4.881,0.9833
4.882,0.9833
4.883,0.9833
4.884,0.9833
4.885,0.9833
4.886,0.9833
4.887,0.9833
4.888,0.9833
4.889,0.9833
4.89,0.9833
4.891,0.9833
4.892,0.9833
4.893,0.9833
4.894,0.9833
4.895,0.9833
4.896,0.9833
4.897,0.9833
4.898,0.9833
4.899,0.9833
4.9,0.9833
4.901,0.9833
4.902,0.9833
4.903,0.9833
4.904,0.9833
4.905,0.9833
4.906,0.9833
4.907,0.9833
4.908,0.9833
4.909,0.9833
4.91,0.9833
4.911,0.9833
4.912,0.9833
4.913,0.9833
4.914,0.9833
4.915,0.9833
4.916,0.9833
4.917,0.9833
4.918,0.9833
4.919,0.9833
4.92,0.9833
4.921,0.9833
4.922,0.9833
4.923,0.9833
4.924,0.9833
4.925,0.9833
4.926,0.9833
4.927,0.9833
4.928,0.9833
4.929,0.9833
4.93,0.9833
4.931,0.9833
4.932,0.9833
4.933,0.9833
4.934,0.9833
4.935,0.9833
4.936,0.9833
4.937,0.9833
4.938,0.9833
4.939,0.9833
4.94,0.9833
4.941,0.9833
4.942,0.9833
4.943,0.9833
4.944,0.9833
4.945,0.9833
4.946,0.9833
4.947,0.9833
4.948,0.9833
4.949,0.9833
4.95,0.9833
4.951,0.9833
4.952,0.9833
4.953,0.9833
4.954,0.9833
4.955,0.9833
4.956,0.9833
4.957,0.9833
4.958,0.9833
4.959,0.9833
4.96,0.9833
4.961,0.9833
4.962,0.9833
4.963,0.9833
4.964,0.9833
4.965,0.9833
4.966,0.9833
4.967,0.9833
4.968,0.9833
4.969,0.9833
4.97,0.9833
4.971,0.9833
4.972,0.9833
4.973,0.9833
4.974,0.9833
4.975,0.9833
4.976,0.9833
4.977,0.9833
4.978,0.9833
4.979,0.9833
4.98,0.9833
4.981,0.9833
4.982,0.9833
4.983,0.9833
4.984,0.9833
4.985,0.9833
4.986,0.9833
4.987,0.9833
4.988,0.9833
4.989,0.9833
4.99,0.9833
4.991,0.9833
4.992,0.9833
4.993,0.9833
4.994,0.9833
4.995,0.9833
4.996,0.9833
4.997,0.9833
4.998,0.9833
4.999,0.9833
5,0.9833